path,status,reason
archive/data/Blight/Corn_Blight (1).jpeg,valid,
archive/data/Blight/Corn_Blight (1).jpg,valid,
archive/data/Blight/Corn_Blight (10).jpg,valid,
archive/data/Blight/Corn_Blight (100).jpg,valid,
archive/data/Blight/Corn_Blight (1000).JPG,valid,
archive/data/Blight/Corn_Blight (1001).JPG,valid,
archive/data/Blight/Corn_Blight (1002).JPG,valid,
archive/data/Blight/Corn_Blight (1003).JPG,valid,
archive/data/Blight/Corn_Blight (1004).JPG,valid,
archive/data/Blight/Corn_Blight (1005).JPG,valid,
archive/data/Blight/Corn_Blight (1006).JPG,valid,
archive/data/Blight/Corn_Blight (1007).JPG,valid,
archive/data/Blight/Corn_Blight (1008).JPG,valid,
archive/data/Blight/Corn_Blight (1009).JPG,valid,
archive/data/Blight/Corn_Blight (101).jpg,valid,
archive/data/Blight/Corn_Blight (1010).JPG,valid,
archive/data/Blight/Corn_Blight (1011).jpg,valid,
archive/data/Blight/Corn_Blight (1012).JPG,valid,
archive/data/Blight/Corn_Blight (1013).JPG,valid,
archive/data/Blight/Corn_Blight (1014).JPG,valid,
archive/data/Blight/Corn_Blight (1015).jpg,valid,
archive/data/Blight/Corn_Blight (1016).JPG,valid,
archive/data/Blight/Corn_Blight (1017).JPG,valid,
archive/data/Blight/Corn_Blight (1018).jpg,valid,
archive/data/Blight/Corn_Blight (1019).JPG,valid,
archive/data/Blight/Corn_Blight (102).jpg,valid,
archive/data/Blight/Corn_Blight (1020).JPG,valid,
archive/data/Blight/Corn_Blight (1021).JPG,valid,
archive/data/Blight/Corn_Blight (1022).JPG,valid,
archive/data/Blight/Corn_Blight (1023).JPG,valid,
archive/data/Blight/Corn_Blight (1024).JPG,valid,
archive/data/Blight/Corn_Blight (1025).JPG,valid,
archive/data/Blight/Corn_Blight (1026).JPG,valid,
archive/data/Blight/Corn_Blight (1027).JPG,valid,
archive/data/Blight/Corn_Blight (1028).JPG,valid,
archive/data/Blight/Corn_Blight (1029).JPG,valid,
archive/data/Blight/Corn_Blight (103).jpg,valid,
archive/data/Blight/Corn_Blight (1030).jpg,valid,
archive/data/Blight/Corn_Blight (1031).JPG,valid,
archive/data/Blight/Corn_Blight (1032).JPG,valid,
archive/data/Blight/Corn_Blight (1033).jpg,valid,
archive/data/Blight/Corn_Blight (1034).JPG,valid,
archive/data/Blight/Corn_Blight (1035).JPG,valid,
archive/data/Blight/Corn_Blight (1036).jpg,valid,
archive/data/Blight/Corn_Blight (1037).JPG,valid,
archive/data/Blight/Corn_Blight (1038).jpg,valid,
archive/data/Blight/Corn_Blight (1039).jpg,valid,
archive/data/Blight/Corn_Blight (104).jpg,valid,
archive/data/Blight/Corn_Blight (1040).jpg,valid,
archive/data/Blight/Corn_Blight (1041).JPG,valid,
archive/data/Blight/Corn_Blight (1042).jpg,valid,
archive/data/Blight/Corn_Blight (1043).JPG,valid,
archive/data/Blight/Corn_Blight (1044).JPG,valid,
archive/data/Blight/Corn_Blight (1045).JPG,valid,
archive/data/Blight/Corn_Blight (1046).JPG,valid,
archive/data/Blight/Corn_Blight (1047).JPG,valid,
archive/data/Blight/Corn_Blight (1048).JPG,valid,
archive/data/Blight/Corn_Blight (1049).JPG,valid,
archive/data/Blight/Corn_Blight (105).jpg,valid,
archive/data/Blight/Corn_Blight (1050).JPG,valid,
archive/data/Blight/Corn_Blight (1051).JPG,valid,
archive/data/Blight/Corn_Blight (1052).JPG,valid,
archive/data/Blight/Corn_Blight (1053).JPG,valid,
archive/data/Blight/Corn_Blight (1054).jpg,valid,
archive/data/Blight/Corn_Blight (1055).JPG,valid,
archive/data/Blight/Corn_Blight (1056).JPG,valid,
archive/data/Blight/Corn_Blight (1057).JPG,valid,
archive/data/Blight/Corn_Blight (1058).jpg,valid,
archive/data/Blight/Corn_Blight (1059).JPG,valid,
archive/data/Blight/Corn_Blight (106).jpg,valid,
archive/data/Blight/Corn_Blight (1060).JPG,valid,
archive/data/Blight/Corn_Blight (1061).JPG,valid,
archive/data/Blight/Corn_Blight (1062).JPG,valid,
archive/data/Blight/Corn_Blight (1063).JPG,valid,
archive/data/Blight/Corn_Blight (1064).JPG,valid,
archive/data/Blight/Corn_Blight (1065).JPG,valid,
archive/data/Blight/Corn_Blight (1066).JPG,valid,
archive/data/Blight/Corn_Blight (1067).JPG,valid,
archive/data/Blight/Corn_Blight (1068).JPG,valid,
archive/data/Blight/Corn_Blight (1069).JPG,valid,
archive/data/Blight/Corn_Blight (107).jpg,valid,
archive/data/Blight/Corn_Blight (1070).JPG,valid,
archive/data/Blight/Corn_Blight (1071).JPG,valid,
archive/data/Blight/Corn_Blight (1072).JPG,valid,
archive/data/Blight/Corn_Blight (1073).jpg,valid,
archive/data/Blight/Corn_Blight (1074).JPG,valid,
archive/data/Blight/Corn_Blight (1075).JPG,valid,
archive/data/Blight/Corn_Blight (1076).jpg,valid,
archive/data/Blight/Corn_Blight (1077).JPG,valid,
archive/data/Blight/Corn_Blight (1078).JPG,valid,
archive/data/Blight/Corn_Blight (1079).JPG,valid,
archive/data/Blight/Corn_Blight (108).jpg,valid,
archive/data/Blight/Corn_Blight (1080).JPG,valid,
archive/data/Blight/Corn_Blight (1081).jpg,valid,
archive/data/Blight/Corn_Blight (1082).jpg,valid,
archive/data/Blight/Corn_Blight (1083).JPG,valid,
archive/data/Blight/Corn_Blight (1084).JPG,valid,
archive/data/Blight/Corn_Blight (1085).JPG,valid,
archive/data/Blight/Corn_Blight (1086).JPG,valid,
archive/data/Blight/Corn_Blight (1087).JPG,valid,
archive/data/Blight/Corn_Blight (1088).JPG,valid,
archive/data/Blight/Corn_Blight (1089).JPG,valid,
archive/data/Blight/Corn_Blight (109).jpg,valid,
archive/data/Blight/Corn_Blight (1090).JPG,valid,
archive/data/Blight/Corn_Blight (1091).JPG,valid,
archive/data/Blight/Corn_Blight (1092).jpg,valid,
archive/data/Blight/Corn_Blight (1093).JPG,valid,
archive/data/Blight/Corn_Blight (1094).JPG,valid,
archive/data/Blight/Corn_Blight (1095).JPG,valid,
archive/data/Blight/Corn_Blight (1096).jpg,valid,
archive/data/Blight/Corn_Blight (1097).jpg,valid,
archive/data/Blight/Corn_Blight (1098).jpg,valid,
archive/data/Blight/Corn_Blight (1099).jpg,valid,
archive/data/Blight/Corn_Blight (11).jpg,valid,
archive/data/Blight/Corn_Blight (110).jpg,valid,
archive/data/Blight/Corn_Blight (1100).jpg,valid,
archive/data/Blight/Corn_Blight (1101).jpg,valid,
archive/data/Blight/Corn_Blight (1102).jpg,valid,
archive/data/Blight/Corn_Blight (1103).jpg,valid,
archive/data/Blight/Corn_Blight (1104).jpg,valid,
archive/data/Blight/Corn_Blight (1105).jpg,valid,
archive/data/Blight/Corn_Blight (1106).jpg,valid,
archive/data/Blight/Corn_Blight (1107).jpg,valid,
archive/data/Blight/Corn_Blight (1108).jpg,valid,
archive/data/Blight/Corn_Blight (1109).jpg,valid,
archive/data/Blight/Corn_Blight (111).JPG,valid,
archive/data/Blight/Corn_Blight (1110).jpg,valid,
archive/data/Blight/Corn_Blight (1111).jpg,valid,
archive/data/Blight/Corn_Blight (1112).jpg,valid,
archive/data/Blight/Corn_Blight (1113).jpg,valid,
archive/data/Blight/Corn_Blight (1114).jpg,valid,
archive/data/Blight/Corn_Blight (1115).jpg,valid,
archive/data/Blight/Corn_Blight (1116).jpg,valid,
archive/data/Blight/Corn_Blight (1117).jpg,valid,
archive/data/Blight/Corn_Blight (1118).jpg,valid,
archive/data/Blight/Corn_Blight (1119).jpg,valid,
archive/data/Blight/Corn_Blight (112).JPG,valid,
archive/data/Blight/Corn_Blight (1120).jpg,valid,
archive/data/Blight/Corn_Blight (1121).jpg,valid,
archive/data/Blight/Corn_Blight (1122).jpg,valid,
archive/data/Blight/Corn_Blight (1123).jpg,valid,
archive/data/Blight/Corn_Blight (1124).jpg,valid,
archive/data/Blight/Corn_Blight (1125).jpg,valid,
archive/data/Blight/Corn_Blight (1126).jpg,valid,
archive/data/Blight/Corn_Blight (1127).jpg,valid,
archive/data/Blight/Corn_Blight (1128).jpg,valid,
archive/data/Blight/Corn_Blight (1129).jpg,valid,
archive/data/Blight/Corn_Blight (113).JPG,valid,
archive/data/Blight/Corn_Blight (1130).jpg,valid,
archive/data/Blight/Corn_Blight (1131).jpg,valid,
archive/data/Blight/Corn_Blight (1132).jpg,valid,
archive/data/Blight/Corn_Blight (1133).jpg,valid,
archive/data/Blight/Corn_Blight (1134).jpg,valid,
archive/data/Blight/Corn_Blight (1135).jpg,valid,
archive/data/Blight/Corn_Blight (1136).jpg,valid,
archive/data/Blight/Corn_Blight (1137).jpg,valid,
archive/data/Blight/Corn_Blight (1138).jpg,valid,
archive/data/Blight/Corn_Blight (1139).jpg,valid,
archive/data/Blight/Corn_Blight (114).JPG,valid,
archive/data/Blight/Corn_Blight (1140).jpg,valid,
archive/data/Blight/Corn_Blight (1141).jpg,valid,
archive/data/Blight/Corn_Blight (1142).jpg,valid,
archive/data/Blight/Corn_Blight (1143).jpg,valid,
archive/data/Blight/Corn_Blight (1144).jpg,valid,
archive/data/Blight/Corn_Blight (1145).jpg,valid,
archive/data/Blight/Corn_Blight (115).JPG,valid,
archive/data/Blight/Corn_Blight (116).JPG,valid,
archive/data/Blight/Corn_Blight (117).JPG,valid,
archive/data/Blight/Corn_Blight (118).JPG,valid,
archive/data/Blight/Corn_Blight (119).JPG,valid,
archive/data/Blight/Corn_Blight (12).jpg,valid,
archive/data/Blight/Corn_Blight (120).JPG,valid,
archive/data/Blight/Corn_Blight (121).JPG,valid,
archive/data/Blight/Corn_Blight (122).JPG,valid,
archive/data/Blight/Corn_Blight (123).JPG,valid,
archive/data/Blight/Corn_Blight (124).JPG,valid,
archive/data/Blight/Corn_Blight (125).jpg,valid,
archive/data/Blight/Corn_Blight (126).JPG,valid,
archive/data/Blight/Corn_Blight (127).JPG,valid,
archive/data/Blight/Corn_Blight (128).JPG,valid,
archive/data/Blight/Corn_Blight (129).JPG,valid,
archive/data/Blight/Corn_Blight (13).jpg,valid,
archive/data/Blight/Corn_Blight (130).jpg,valid,
archive/data/Blight/Corn_Blight (131).JPG,valid,
archive/data/Blight/Corn_Blight (132).JPG,valid,
archive/data/Blight/Corn_Blight (133).JPG,valid,
archive/data/Blight/Corn_Blight (134).jpg,valid,
archive/data/Blight/Corn_Blight (135).JPG,valid,
archive/data/Blight/Corn_Blight (136).JPG,valid,
archive/data/Blight/Corn_Blight (137).JPG,valid,
archive/data/Blight/Corn_Blight (138).JPG,valid,
archive/data/Blight/Corn_Blight (139).jpg,valid,
archive/data/Blight/Corn_Blight (14).jpg,valid,
archive/data/Blight/Corn_Blight (140).JPG,valid,
archive/data/Blight/Corn_Blight (141).JPG,valid,
archive/data/Blight/Corn_Blight (142).JPG,valid,
archive/data/Blight/Corn_Blight (143).JPG,valid,
archive/data/Blight/Corn_Blight (144).jpg,valid,
archive/data/Blight/Corn_Blight (145).JPG,valid,
archive/data/Blight/Corn_Blight (146).JPG,valid,
archive/data/Blight/Corn_Blight (147).jpg,valid,
archive/data/Blight/Corn_Blight (148).JPG,valid,
archive/data/Blight/Corn_Blight (149).JPG,valid,
archive/data/Blight/Corn_Blight (15).jpg,valid,
archive/data/Blight/Corn_Blight (150).JPG,valid,
archive/data/Blight/Corn_Blight (151).JPG,valid,
archive/data/Blight/Corn_Blight (152).JPG,valid,
archive/data/Blight/Corn_Blight (153).JPG,valid,
archive/data/Blight/Corn_Blight (154).JPG,valid,
archive/data/Blight/Corn_Blight (155).JPG,valid,
archive/data/Blight/Corn_Blight (156).JPG,valid,
archive/data/Blight/Corn_Blight (157).JPG,valid,
archive/data/Blight/Corn_Blight (158).JPG,valid,
archive/data/Blight/Corn_Blight (159).JPG,valid,
archive/data/Blight/Corn_Blight (16).jpg,valid,
archive/data/Blight/Corn_Blight (160).JPG,valid,
archive/data/Blight/Corn_Blight (161).JPG,valid,
archive/data/Blight/Corn_Blight (162).jpg,valid,
archive/data/Blight/Corn_Blight (163).JPG,valid,
archive/data/Blight/Corn_Blight (164).JPG,valid,
archive/data/Blight/Corn_Blight (165).jpg,valid,
archive/data/Blight/Corn_Blight (166).JPG,valid,
archive/data/Blight/Corn_Blight (167).JPG,valid,
archive/data/Blight/Corn_Blight (168).JPG,valid,
archive/data/Blight/Corn_Blight (169).JPG,valid,
archive/data/Blight/Corn_Blight (17).jpg,valid,
archive/data/Blight/Corn_Blight (170).JPG,valid,
archive/data/Blight/Corn_Blight (171).JPG,valid,
archive/data/Blight/Corn_Blight (172).JPG,valid,
archive/data/Blight/Corn_Blight (173).JPG,valid,
archive/data/Blight/Corn_Blight (174).JPG,valid,
archive/data/Blight/Corn_Blight (175).jpg,valid,
archive/data/Blight/Corn_Blight (176).jpg,valid,
archive/data/Blight/Corn_Blight (177).JPG,valid,
archive/data/Blight/Corn_Blight (178).jpg,valid,
archive/data/Blight/Corn_Blight (179).JPG,valid,
archive/data/Blight/Corn_Blight (18).jpg,valid,
archive/data/Blight/Corn_Blight (180).JPG,valid,
archive/data/Blight/Corn_Blight (181).JPG,valid,
archive/data/Blight/Corn_Blight (182).JPG,valid,
archive/data/Blight/Corn_Blight (183).JPG,valid,
archive/data/Blight/Corn_Blight (184).JPG,valid,
archive/data/Blight/Corn_Blight (185).JPG,valid,
archive/data/Blight/Corn_Blight (186).JPG,valid,
archive/data/Blight/Corn_Blight (187).JPG,valid,
archive/data/Blight/Corn_Blight (188).JPG,valid,
archive/data/Blight/Corn_Blight (189).JPG,valid,
archive/data/Blight/Corn_Blight (19).jpg,valid,
archive/data/Blight/Corn_Blight (190).JPG,valid,
archive/data/Blight/Corn_Blight (191).JPG,valid,
archive/data/Blight/Corn_Blight (192).JPG,valid,
archive/data/Blight/Corn_Blight (193).JPG,valid,
archive/data/Blight/Corn_Blight (194).JPG,valid,
archive/data/Blight/Corn_Blight (195).JPG,valid,
archive/data/Blight/Corn_Blight (196).JPG,valid,
archive/data/Blight/Corn_Blight (197).JPG,valid,
archive/data/Blight/Corn_Blight (198).JPG,valid,
archive/data/Blight/Corn_Blight (199).JPG,valid,
archive/data/Blight/Corn_Blight (2).jpg,valid,
archive/data/Blight/Corn_Blight (20).jpg,valid,
archive/data/Blight/Corn_Blight (200).JPG,valid,
archive/data/Blight/Corn_Blight (201).JPG,valid,
archive/data/Blight/Corn_Blight (202).JPG,valid,
archive/data/Blight/Corn_Blight (203).JPG,valid,
archive/data/Blight/Corn_Blight (204).jpg,valid,
archive/data/Blight/Corn_Blight (205).JPG,valid,
archive/data/Blight/Corn_Blight (206).JPG,valid,
archive/data/Blight/Corn_Blight (207).JPG,valid,
archive/data/Blight/Corn_Blight (208).jpg,valid,
archive/data/Blight/Corn_Blight (209).JPG,valid,
archive/data/Blight/Corn_Blight (21).jpg,valid,
archive/data/Blight/Corn_Blight (210).JPG,valid,
archive/data/Blight/Corn_Blight (211).JPG,valid,
archive/data/Blight/Corn_Blight (212).JPG,valid,
archive/data/Blight/Corn_Blight (213).JPG,valid,
archive/data/Blight/Corn_Blight (214).JPG,valid,
archive/data/Blight/Corn_Blight (215).JPG,valid,
archive/data/Blight/Corn_Blight (216).JPG,valid,
archive/data/Blight/Corn_Blight (217).JPG,valid,
archive/data/Blight/Corn_Blight (218).JPG,valid,
archive/data/Blight/Corn_Blight (219).JPG,valid,
archive/data/Blight/Corn_Blight (22).jpg,valid,
archive/data/Blight/Corn_Blight (220).JPG,valid,
archive/data/Blight/Corn_Blight (221).JPG,valid,
archive/data/Blight/Corn_Blight (222).JPG,valid,
archive/data/Blight/Corn_Blight (223).JPG,valid,
archive/data/Blight/Corn_Blight (224).JPG,valid,
archive/data/Blight/Corn_Blight (225).JPG,valid,
archive/data/Blight/Corn_Blight (226).JPG,valid,
archive/data/Blight/Corn_Blight (227).JPG,valid,
archive/data/Blight/Corn_Blight (228).JPG,valid,
archive/data/Blight/Corn_Blight (229).JPG,valid,
archive/data/Blight/Corn_Blight (23).jpg,valid,
archive/data/Blight/Corn_Blight (230).JPG,valid,
archive/data/Blight/Corn_Blight (231).JPG,valid,
archive/data/Blight/Corn_Blight (232).JPG,valid,
archive/data/Blight/Corn_Blight (233).JPG,valid,
archive/data/Blight/Corn_Blight (234).JPG,valid,
archive/data/Blight/Corn_Blight (235).JPG,valid,
archive/data/Blight/Corn_Blight (236).JPG,valid,
archive/data/Blight/Corn_Blight (237).JPG,valid,
archive/data/Blight/Corn_Blight (238).JPG,valid,
archive/data/Blight/Corn_Blight (239).JPG,valid,
archive/data/Blight/Corn_Blight (24).jpg,valid,
archive/data/Blight/Corn_Blight (240).JPG,valid,
archive/data/Blight/Corn_Blight (241).JPG,valid,
archive/data/Blight/Corn_Blight (242).JPG,valid,
archive/data/Blight/Corn_Blight (243).JPG,valid,
archive/data/Blight/Corn_Blight (244).JPG,valid,
archive/data/Blight/Corn_Blight (245).JPG,valid,
archive/data/Blight/Corn_Blight (246).jpg,valid,
archive/data/Blight/Corn_Blight (247).JPG,valid,
archive/data/Blight/Corn_Blight (248).JPG,valid,
archive/data/Blight/Corn_Blight (249).JPG,valid,
archive/data/Blight/Corn_Blight (25).jpg,valid,
archive/data/Blight/Corn_Blight (250).JPG,valid,
archive/data/Blight/Corn_Blight (251).JPG,valid,
archive/data/Blight/Corn_Blight (252).JPG,valid,
archive/data/Blight/Corn_Blight (253).JPG,valid,
archive/data/Blight/Corn_Blight (254).JPG,valid,
archive/data/Blight/Corn_Blight (255).JPG,valid,
archive/data/Blight/Corn_Blight (256).JPG,valid,
archive/data/Blight/Corn_Blight (257).JPG,valid,
archive/data/Blight/Corn_Blight (258).JPG,valid,
archive/data/Blight/Corn_Blight (259).jpg,valid,
archive/data/Blight/Corn_Blight (26).jpg,valid,
archive/data/Blight/Corn_Blight (260).JPG,valid,
archive/data/Blight/Corn_Blight (261).JPG,valid,
archive/data/Blight/Corn_Blight (262).JPG,valid,
archive/data/Blight/Corn_Blight (263).JPG,valid,
archive/data/Blight/Corn_Blight (264).jpg,valid,
archive/data/Blight/Corn_Blight (265).JPG,valid,
archive/data/Blight/Corn_Blight (266).JPG,valid,
archive/data/Blight/Corn_Blight (267).JPG,valid,
archive/data/Blight/Corn_Blight (268).JPG,valid,
archive/data/Blight/Corn_Blight (269).JPG,valid,
archive/data/Blight/Corn_Blight (27).jpg,valid,
archive/data/Blight/Corn_Blight (270).JPG,valid,
archive/data/Blight/Corn_Blight (271).JPG,valid,
archive/data/Blight/Corn_Blight (272).JPG,valid,
archive/data/Blight/Corn_Blight (273).JPG,valid,
archive/data/Blight/Corn_Blight (274).JPG,valid,
archive/data/Blight/Corn_Blight (275).jpg,valid,
archive/data/Blight/Corn_Blight (276).JPG,valid,
archive/data/Blight/Corn_Blight (277).JPG,valid,
archive/data/Blight/Corn_Blight (278).JPG,valid,
archive/data/Blight/Corn_Blight (279).JPG,valid,
archive/data/Blight/Corn_Blight (28).jpg,valid,
archive/data/Blight/Corn_Blight (280).JPG,valid,
archive/data/Blight/Corn_Blight (281).JPG,valid,
archive/data/Blight/Corn_Blight (282).JPG,valid,
archive/data/Blight/Corn_Blight (283).JPG,valid,
archive/data/Blight/Corn_Blight (284).jpg,valid,
archive/data/Blight/Corn_Blight (285).JPG,valid,
archive/data/Blight/Corn_Blight (286).jpg,valid,
archive/data/Blight/Corn_Blight (287).JPG,valid,
archive/data/Blight/Corn_Blight (288).JPG,valid,
archive/data/Blight/Corn_Blight (289).JPG,valid,
archive/data/Blight/Corn_Blight (29).jpg,valid,
archive/data/Blight/Corn_Blight (290).JPG,valid,
archive/data/Blight/Corn_Blight (291).JPG,valid,
archive/data/Blight/Corn_Blight (292).JPG,valid,
archive/data/Blight/Corn_Blight (293).JPG,valid,
archive/data/Blight/Corn_Blight (294).JPG,valid,
archive/data/Blight/Corn_Blight (295).JPG,valid,
archive/data/Blight/Corn_Blight (296).JPG,valid,
archive/data/Blight/Corn_Blight (297).JPG,valid,
archive/data/Blight/Corn_Blight (298).JPG,valid,
archive/data/Blight/Corn_Blight (299).JPG,valid,
archive/data/Blight/Corn_Blight (3).jpg,valid,
archive/data/Blight/Corn_Blight (30).jpg,valid,
archive/data/Blight/Corn_Blight (300).JPG,valid,
archive/data/Blight/Corn_Blight (301).JPG,valid,
archive/data/Blight/Corn_Blight (302).JPG,valid,
archive/data/Blight/Corn_Blight (303).jpg,valid,
archive/data/Blight/Corn_Blight (304).jpg,valid,
archive/data/Blight/Corn_Blight (305).JPG,valid,
archive/data/Blight/Corn_Blight (306).JPG,valid,
archive/data/Blight/Corn_Blight (307).jpg,valid,
archive/data/Blight/Corn_Blight (308).JPG,valid,
archive/data/Blight/Corn_Blight (309).jpg,valid,
archive/data/Blight/Corn_Blight (31).jpg,valid,
archive/data/Blight/Corn_Blight (310).JPG,valid,
archive/data/Blight/Corn_Blight (311).JPG,valid,
archive/data/Blight/Corn_Blight (312).JPG,valid,
archive/data/Blight/Corn_Blight (313).JPG,valid,
archive/data/Blight/Corn_Blight (314).JPG,valid,
archive/data/Blight/Corn_Blight (315).JPG,valid,
archive/data/Blight/Corn_Blight (316).JPG,valid,
archive/data/Blight/Corn_Blight (317).jpg,valid,
archive/data/Blight/Corn_Blight (318).JPG,valid,
archive/data/Blight/Corn_Blight (319).JPG,valid,
archive/data/Blight/Corn_Blight (32).jpg,valid,
archive/data/Blight/Corn_Blight (320).JPG,valid,
archive/data/Blight/Corn_Blight (321).JPG,valid,
archive/data/Blight/Corn_Blight (322).JPG,valid,
archive/data/Blight/Corn_Blight (323).jpg,valid,
archive/data/Blight/Corn_Blight (324).JPG,valid,
archive/data/Blight/Corn_Blight (325).JPG,valid,
archive/data/Blight/Corn_Blight (326).JPG,valid,
archive/data/Blight/Corn_Blight (327).JPG,valid,
archive/data/Blight/Corn_Blight (328).JPG,valid,
archive/data/Blight/Corn_Blight (329).JPG,valid,
archive/data/Blight/Corn_Blight (33).jpg,valid,
archive/data/Blight/Corn_Blight (330).JPG,valid,
archive/data/Blight/Corn_Blight (331).JPG,valid,
archive/data/Blight/Corn_Blight (332).JPG,valid,
archive/data/Blight/Corn_Blight (333).JPG,valid,
archive/data/Blight/Corn_Blight (334).JPG,valid,
archive/data/Blight/Corn_Blight (335).JPG,valid,
archive/data/Blight/Corn_Blight (336).JPG,valid,
archive/data/Blight/Corn_Blight (337).JPG,valid,
archive/data/Blight/Corn_Blight (338).JPG,valid,
archive/data/Blight/Corn_Blight (339).jpg,valid,
archive/data/Blight/Corn_Blight (34).jpg,valid,
archive/data/Blight/Corn_Blight (340).JPG,valid,
archive/data/Blight/Corn_Blight (341).JPG,valid,
archive/data/Blight/Corn_Blight (342).JPG,valid,
archive/data/Blight/Corn_Blight (343).JPG,valid,
archive/data/Blight/Corn_Blight (344).JPG,valid,
archive/data/Blight/Corn_Blight (345).JPG,valid,
archive/data/Blight/Corn_Blight (346).JPG,valid,
archive/data/Blight/Corn_Blight (347).JPG,valid,
archive/data/Blight/Corn_Blight (348).jpg,valid,
archive/data/Blight/Corn_Blight (349).JPG,valid,
archive/data/Blight/Corn_Blight (35).jpg,valid,
archive/data/Blight/Corn_Blight (350).JPG,valid,
archive/data/Blight/Corn_Blight (351).JPG,valid,
archive/data/Blight/Corn_Blight (352).JPG,valid,
archive/data/Blight/Corn_Blight (353).JPG,valid,
archive/data/Blight/Corn_Blight (354).JPG,valid,
archive/data/Blight/Corn_Blight (355).JPG,valid,
archive/data/Blight/Corn_Blight (356).JPG,valid,
archive/data/Blight/Corn_Blight (357).JPG,valid,
archive/data/Blight/Corn_Blight (358).JPG,valid,
archive/data/Blight/Corn_Blight (359).JPG,valid,
archive/data/Blight/Corn_Blight (36).jpg,valid,
archive/data/Blight/Corn_Blight (360).JPG,valid,
archive/data/Blight/Corn_Blight (361).JPG,valid,
archive/data/Blight/Corn_Blight (362).JPG,valid,
archive/data/Blight/Corn_Blight (363).JPG,valid,
archive/data/Blight/Corn_Blight (364).JPG,valid,
archive/data/Blight/Corn_Blight (365).JPG,valid,
archive/data/Blight/Corn_Blight (366).JPG,valid,
archive/data/Blight/Corn_Blight (367).JPG,valid,
archive/data/Blight/Corn_Blight (368).JPG,valid,
archive/data/Blight/Corn_Blight (369).JPG,valid,
archive/data/Blight/Corn_Blight (37).jpg,valid,
archive/data/Blight/Corn_Blight (370).JPG,valid,
archive/data/Blight/Corn_Blight (371).JPG,valid,
archive/data/Blight/Corn_Blight (372).JPG,valid,
archive/data/Blight/Corn_Blight (373).JPG,valid,
archive/data/Blight/Corn_Blight (374).JPG,valid,
archive/data/Blight/Corn_Blight (375).JPG,valid,
archive/data/Blight/Corn_Blight (376).JPG,valid,
archive/data/Blight/Corn_Blight (377).JPG,valid,
archive/data/Blight/Corn_Blight (378).JPG,valid,
archive/data/Blight/Corn_Blight (379).JPG,valid,
archive/data/Blight/Corn_Blight (38).jpg,valid,
archive/data/Blight/Corn_Blight (380).JPG,valid,
archive/data/Blight/Corn_Blight (381).JPG,valid,
archive/data/Blight/Corn_Blight (382).JPG,valid,
archive/data/Blight/Corn_Blight (383).JPG,valid,
archive/data/Blight/Corn_Blight (384).jpg,valid,
archive/data/Blight/Corn_Blight (385).JPG,valid,
archive/data/Blight/Corn_Blight (386).JPG,valid,
archive/data/Blight/Corn_Blight (387).JPG,valid,
archive/data/Blight/Corn_Blight (388).JPG,valid,
archive/data/Blight/Corn_Blight (389).JPG,valid,
archive/data/Blight/Corn_Blight (39).jpg,valid,
archive/data/Blight/Corn_Blight (390).JPG,valid,
archive/data/Blight/Corn_Blight (391).JPG,valid,
archive/data/Blight/Corn_Blight (392).JPG,valid,
archive/data/Blight/Corn_Blight (393).JPG,valid,
archive/data/Blight/Corn_Blight (394).JPG,valid,
archive/data/Blight/Corn_Blight (395).JPG,valid,
archive/data/Blight/Corn_Blight (396).JPG,valid,
archive/data/Blight/Corn_Blight (397).JPG,valid,
archive/data/Blight/Corn_Blight (398).JPG,valid,
archive/data/Blight/Corn_Blight (399).jpg,valid,
archive/data/Blight/Corn_Blight (4).jpg,valid,
archive/data/Blight/Corn_Blight (40).jpg,valid,
archive/data/Blight/Corn_Blight (400).JPG,valid,
archive/data/Blight/Corn_Blight (401).JPG,valid,
archive/data/Blight/Corn_Blight (402).JPG,valid,
archive/data/Blight/Corn_Blight (403).JPG,valid,
archive/data/Blight/Corn_Blight (404).jpg,valid,
archive/data/Blight/Corn_Blight (405).JPG,valid,
archive/data/Blight/Corn_Blight (406).JPG,valid,
archive/data/Blight/Corn_Blight (407).JPG,valid,
archive/data/Blight/Corn_Blight (408).JPG,valid,
archive/data/Blight/Corn_Blight (409).JPG,valid,
archive/data/Blight/Corn_Blight (41).jpg,valid,
archive/data/Blight/Corn_Blight (410).JPG,valid,
archive/data/Blight/Corn_Blight (411).JPG,valid,
archive/data/Blight/Corn_Blight (412).JPG,valid,
archive/data/Blight/Corn_Blight (413).JPG,valid,
archive/data/Blight/Corn_Blight (414).JPG,valid,
archive/data/Blight/Corn_Blight (415).jpg,valid,
archive/data/Blight/Corn_Blight (416).JPG,valid,
archive/data/Blight/Corn_Blight (417).JPG,valid,
archive/data/Blight/Corn_Blight (418).JPG,valid,
archive/data/Blight/Corn_Blight (419).JPG,valid,
archive/data/Blight/Corn_Blight (42).jpg,valid,
archive/data/Blight/Corn_Blight (420).JPG,valid,
archive/data/Blight/Corn_Blight (421).JPG,valid,
archive/data/Blight/Corn_Blight (422).jpg,valid,
archive/data/Blight/Corn_Blight (423).jpg,valid,
archive/data/Blight/Corn_Blight (424).JPG,valid,
archive/data/Blight/Corn_Blight (425).JPG,valid,
archive/data/Blight/Corn_Blight (426).JPG,valid,
archive/data/Blight/Corn_Blight (427).JPG,valid,
archive/data/Blight/Corn_Blight (428).JPG,valid,
archive/data/Blight/Corn_Blight (429).JPG,valid,
archive/data/Blight/Corn_Blight (43).jpg,valid,
archive/data/Blight/Corn_Blight (430).JPG,valid,
archive/data/Blight/Corn_Blight (431).JPG,valid,
archive/data/Blight/Corn_Blight (432).JPG,valid,
archive/data/Blight/Corn_Blight (433).jpg,valid,
archive/data/Blight/Corn_Blight (434).JPG,valid,
archive/data/Blight/Corn_Blight (435).JPG,valid,
archive/data/Blight/Corn_Blight (436).JPG,valid,
archive/data/Blight/Corn_Blight (437).JPG,valid,
archive/data/Blight/Corn_Blight (438).jpg,valid,
archive/data/Blight/Corn_Blight (439).jpg,valid,
archive/data/Blight/Corn_Blight (44).jpg,valid,
archive/data/Blight/Corn_Blight (440).JPG,valid,
archive/data/Blight/Corn_Blight (441).JPG,valid,
archive/data/Blight/Corn_Blight (442).JPG,valid,
archive/data/Blight/Corn_Blight (443).JPG,valid,
archive/data/Blight/Corn_Blight (444).JPG,valid,
archive/data/Blight/Corn_Blight (445).JPG,valid,
archive/data/Blight/Corn_Blight (446).JPG,valid,
archive/data/Blight/Corn_Blight (447).JPG,valid,
archive/data/Blight/Corn_Blight (448).JPG,valid,
archive/data/Blight/Corn_Blight (449).JPG,valid,
archive/data/Blight/Corn_Blight (45).jpg,valid,
archive/data/Blight/Corn_Blight (450).JPG,valid,
archive/data/Blight/Corn_Blight (451).JPG,valid,
archive/data/Blight/Corn_Blight (452).JPG,valid,
archive/data/Blight/Corn_Blight (453).JPG,valid,
archive/data/Blight/Corn_Blight (454).JPG,valid,
archive/data/Blight/Corn_Blight (455).JPG,valid,
archive/data/Blight/Corn_Blight (456).JPG,valid,
archive/data/Blight/Corn_Blight (457).JPG,valid,
archive/data/Blight/Corn_Blight (458).JPG,valid,
archive/data/Blight/Corn_Blight (459).JPG,valid,
archive/data/Blight/Corn_Blight (46).jpg,valid,
archive/data/Blight/Corn_Blight (460).JPG,valid,
archive/data/Blight/Corn_Blight (461).JPG,valid,
archive/data/Blight/Corn_Blight (462).JPG,valid,
archive/data/Blight/Corn_Blight (463).JPG,valid,
archive/data/Blight/Corn_Blight (464).JPG,valid,
archive/data/Blight/Corn_Blight (465).JPG,valid,
archive/data/Blight/Corn_Blight (466).JPG,valid,
archive/data/Blight/Corn_Blight (467).JPG,valid,
archive/data/Blight/Corn_Blight (468).JPG,valid,
archive/data/Blight/Corn_Blight (469).JPG,valid,
archive/data/Blight/Corn_Blight (47).jpg,valid,
archive/data/Blight/Corn_Blight (470).JPG,valid,
archive/data/Blight/Corn_Blight (471).JPG,valid,
archive/data/Blight/Corn_Blight (472).JPG,valid,
archive/data/Blight/Corn_Blight (473).JPG,valid,
archive/data/Blight/Corn_Blight (474).JPG,valid,
archive/data/Blight/Corn_Blight (475).JPG,valid,
archive/data/Blight/Corn_Blight (476).JPG,valid,
archive/data/Blight/Corn_Blight (477).JPG,valid,
archive/data/Blight/Corn_Blight (478).JPG,valid,
archive/data/Blight/Corn_Blight (479).JPG,valid,
archive/data/Blight/Corn_Blight (48).jpg,valid,
archive/data/Blight/Corn_Blight (480).JPG,valid,
archive/data/Blight/Corn_Blight (481).JPG,valid,
archive/data/Blight/Corn_Blight (482).JPG,valid,
archive/data/Blight/Corn_Blight (483).JPG,valid,
archive/data/Blight/Corn_Blight (484).JPG,valid,
archive/data/Blight/Corn_Blight (485).JPG,valid,
archive/data/Blight/Corn_Blight (486).JPG,valid,
archive/data/Blight/Corn_Blight (487).JPG,valid,
archive/data/Blight/Corn_Blight (488).JPG,valid,
archive/data/Blight/Corn_Blight (489).JPG,valid,
archive/data/Blight/Corn_Blight (49).jpg,valid,
archive/data/Blight/Corn_Blight (490).jpg,valid,
archive/data/Blight/Corn_Blight (491).jpg,valid,
archive/data/Blight/Corn_Blight (492).JPG,valid,
archive/data/Blight/Corn_Blight (493).JPG,valid,
archive/data/Blight/Corn_Blight (494).JPG,valid,
archive/data/Blight/Corn_Blight (495).JPG,valid,
archive/data/Blight/Corn_Blight (496).JPG,valid,
archive/data/Blight/Corn_Blight (497).JPG,valid,
archive/data/Blight/Corn_Blight (498).jpg,valid,
archive/data/Blight/Corn_Blight (499).JPG,valid,
archive/data/Blight/Corn_Blight (5).jpg,valid,
archive/data/Blight/Corn_Blight (50).jpg,valid,
archive/data/Blight/Corn_Blight (500).JPG,valid,
archive/data/Blight/Corn_Blight (501).JPG,valid,
archive/data/Blight/Corn_Blight (502).JPG,valid,
archive/data/Blight/Corn_Blight (503).JPG,valid,
archive/data/Blight/Corn_Blight (504).JPG,valid,
archive/data/Blight/Corn_Blight (505).JPG,valid,
archive/data/Blight/Corn_Blight (506).JPG,valid,
archive/data/Blight/Corn_Blight (507).JPG,valid,
archive/data/Blight/Corn_Blight (508).JPG,valid,
archive/data/Blight/Corn_Blight (509).JPG,valid,
archive/data/Blight/Corn_Blight (51).jpg,valid,
archive/data/Blight/Corn_Blight (510).jpg,valid,
archive/data/Blight/Corn_Blight (511).JPG,valid,
archive/data/Blight/Corn_Blight (512).JPG,valid,
archive/data/Blight/Corn_Blight (513).JPG,valid,
archive/data/Blight/Corn_Blight (514).JPG,valid,
archive/data/Blight/Corn_Blight (515).JPG,valid,
archive/data/Blight/Corn_Blight (516).JPG,valid,
archive/data/Blight/Corn_Blight (517).JPG,valid,
archive/data/Blight/Corn_Blight (518).JPG,valid,
archive/data/Blight/Corn_Blight (519).JPG,valid,
archive/data/Blight/Corn_Blight (52).jpg,valid,
archive/data/Blight/Corn_Blight (520).JPG,valid,
archive/data/Blight/Corn_Blight (521).JPG,valid,
archive/data/Blight/Corn_Blight (522).JPG,valid,
archive/data/Blight/Corn_Blight (523).JPG,valid,
archive/data/Blight/Corn_Blight (524).JPG,valid,
archive/data/Blight/Corn_Blight (525).JPG,valid,
archive/data/Blight/Corn_Blight (526).JPG,valid,
archive/data/Blight/Corn_Blight (527).JPG,valid,
archive/data/Blight/Corn_Blight (528).JPG,valid,
archive/data/Blight/Corn_Blight (529).JPG,valid,
archive/data/Blight/Corn_Blight (53).jpg,valid,
archive/data/Blight/Corn_Blight (530).JPG,valid,
archive/data/Blight/Corn_Blight (531).JPG,valid,
archive/data/Blight/Corn_Blight (532).JPG,valid,
archive/data/Blight/Corn_Blight (533).JPG,valid,
archive/data/Blight/Corn_Blight (534).JPG,valid,
archive/data/Blight/Corn_Blight (535).JPG,valid,
archive/data/Blight/Corn_Blight (536).JPG,valid,
archive/data/Blight/Corn_Blight (537).JPG,valid,
archive/data/Blight/Corn_Blight (538).JPG,valid,
archive/data/Blight/Corn_Blight (539).JPG,valid,
archive/data/Blight/Corn_Blight (54).jpg,valid,
archive/data/Blight/Corn_Blight (540).jpg,valid,
archive/data/Blight/Corn_Blight (541).jpg,valid,
archive/data/Blight/Corn_Blight (542).jpg,valid,
archive/data/Blight/Corn_Blight (543).JPG,valid,
archive/data/Blight/Corn_Blight (544).JPG,valid,
archive/data/Blight/Corn_Blight (545).JPG,valid,
archive/data/Blight/Corn_Blight (546).JPG,valid,
archive/data/Blight/Corn_Blight (547).JPG,valid,
archive/data/Blight/Corn_Blight (548).JPG,valid,
archive/data/Blight/Corn_Blight (549).JPG,valid,
archive/data/Blight/Corn_Blight (55).jpg,valid,
archive/data/Blight/Corn_Blight (550).jpg,valid,
archive/data/Blight/Corn_Blight (551).JPG,valid,
archive/data/Blight/Corn_Blight (552).JPG,valid,
archive/data/Blight/Corn_Blight (553).JPG,valid,
archive/data/Blight/Corn_Blight (554).JPG,valid,
archive/data/Blight/Corn_Blight (555).JPG,valid,
archive/data/Blight/Corn_Blight (556).JPG,valid,
archive/data/Blight/Corn_Blight (557).jpg,valid,
archive/data/Blight/Corn_Blight (558).JPG,valid,
archive/data/Blight/Corn_Blight (559).JPG,valid,
archive/data/Blight/Corn_Blight (56).jpg,valid,
archive/data/Blight/Corn_Blight (560).JPG,valid,
archive/data/Blight/Corn_Blight (561).jpg,valid,
archive/data/Blight/Corn_Blight (562).JPG,valid,
archive/data/Blight/Corn_Blight (563).JPG,valid,
archive/data/Blight/Corn_Blight (564).JPG,valid,
archive/data/Blight/Corn_Blight (565).JPG,valid,
archive/data/Blight/Corn_Blight (566).JPG,valid,
archive/data/Blight/Corn_Blight (567).JPG,valid,
archive/data/Blight/Corn_Blight (568).JPG,valid,
archive/data/Blight/Corn_Blight (569).JPG,valid,
archive/data/Blight/Corn_Blight (57).jpg,valid,
archive/data/Blight/Corn_Blight (570).JPG,valid,
archive/data/Blight/Corn_Blight (571).JPG,valid,
archive/data/Blight/Corn_Blight (572).JPG,valid,
archive/data/Blight/Corn_Blight (573).JPG,valid,
archive/data/Blight/Corn_Blight (574).JPG,valid,
archive/data/Blight/Corn_Blight (575).JPG,valid,
archive/data/Blight/Corn_Blight (576).JPG,valid,
archive/data/Blight/Corn_Blight (577).JPG,valid,
archive/data/Blight/Corn_Blight (578).JPG,valid,
archive/data/Blight/Corn_Blight (579).JPG,valid,
archive/data/Blight/Corn_Blight (58).jpg,valid,
archive/data/Blight/Corn_Blight (580).jpg,valid,
archive/data/Blight/Corn_Blight (581).JPG,valid,
archive/data/Blight/Corn_Blight (582).jpg,valid,
archive/data/Blight/Corn_Blight (583).JPG,valid,
archive/data/Blight/Corn_Blight (584).JPG,valid,
archive/data/Blight/Corn_Blight (585).JPG,valid,
archive/data/Blight/Corn_Blight (586).JPG,valid,
archive/data/Blight/Corn_Blight (587).JPG,valid,
archive/data/Blight/Corn_Blight (588).JPG,valid,
archive/data/Blight/Corn_Blight (589).JPG,valid,
archive/data/Blight/Corn_Blight (59).jpg,valid,
archive/data/Blight/Corn_Blight (590).JPG,valid,
archive/data/Blight/Corn_Blight (591).jpg,valid,
archive/data/Blight/Corn_Blight (592).JPG,valid,
archive/data/Blight/Corn_Blight (593).JPG,valid,
archive/data/Blight/Corn_Blight (594).JPG,valid,
archive/data/Blight/Corn_Blight (595).JPG,valid,
archive/data/Blight/Corn_Blight (596).JPG,valid,
archive/data/Blight/Corn_Blight (597).jpg,valid,
archive/data/Blight/Corn_Blight (598).JPG,valid,
archive/data/Blight/Corn_Blight (599).JPG,valid,
archive/data/Blight/Corn_Blight (6).jpg,valid,
archive/data/Blight/Corn_Blight (60).jpg,valid,
archive/data/Blight/Corn_Blight (600).jpg,valid,
archive/data/Blight/Corn_Blight (601).jpg,valid,
archive/data/Blight/Corn_Blight (602).JPG,valid,
archive/data/Blight/Corn_Blight (603).JPG,valid,
archive/data/Blight/Corn_Blight (604).JPG,valid,
archive/data/Blight/Corn_Blight (605).JPG,valid,
archive/data/Blight/Corn_Blight (606).JPG,valid,
archive/data/Blight/Corn_Blight (607).JPG,valid,
archive/data/Blight/Corn_Blight (608).JPG,valid,
archive/data/Blight/Corn_Blight (609).JPG,valid,
archive/data/Blight/Corn_Blight (61).jpg,valid,
archive/data/Blight/Corn_Blight (610).JPG,valid,
archive/data/Blight/Corn_Blight (611).JPG,valid,
archive/data/Blight/Corn_Blight (612).JPG,valid,
archive/data/Blight/Corn_Blight (613).JPG,valid,
archive/data/Blight/Corn_Blight (614).JPG,valid,
archive/data/Blight/Corn_Blight (615).JPG,valid,
archive/data/Blight/Corn_Blight (616).JPG,valid,
archive/data/Blight/Corn_Blight (617).JPG,valid,
archive/data/Blight/Corn_Blight (618).JPG,valid,
archive/data/Blight/Corn_Blight (619).JPG,valid,
archive/data/Blight/Corn_Blight (62).jpg,valid,
archive/data/Blight/Corn_Blight (620).JPG,valid,
archive/data/Blight/Corn_Blight (621).JPG,valid,
archive/data/Blight/Corn_Blight (622).JPG,valid,
archive/data/Blight/Corn_Blight (623).JPG,valid,
archive/data/Blight/Corn_Blight (624).JPG,valid,
archive/data/Blight/Corn_Blight (625).JPG,valid,
archive/data/Blight/Corn_Blight (626).JPG,valid,
archive/data/Blight/Corn_Blight (627).JPG,valid,
archive/data/Blight/Corn_Blight (628).JPG,valid,
archive/data/Blight/Corn_Blight (629).JPG,valid,
archive/data/Blight/Corn_Blight (63).jpg,valid,
archive/data/Blight/Corn_Blight (630).JPG,valid,
archive/data/Blight/Corn_Blight (631).JPG,valid,
archive/data/Blight/Corn_Blight (632).JPG,valid,
archive/data/Blight/Corn_Blight (633).JPG,valid,
archive/data/Blight/Corn_Blight (634).JPG,valid,
archive/data/Blight/Corn_Blight (635).JPG,valid,
archive/data/Blight/Corn_Blight (636).jpg,valid,
archive/data/Blight/Corn_Blight (637).JPG,valid,
archive/data/Blight/Corn_Blight (638).jpg,valid,
archive/data/Blight/Corn_Blight (639).JPG,valid,
archive/data/Blight/Corn_Blight (64).jpg,valid,
archive/data/Blight/Corn_Blight (640).JPG,valid,
archive/data/Blight/Corn_Blight (641).JPG,valid,
archive/data/Blight/Corn_Blight (642).JPG,valid,
archive/data/Blight/Corn_Blight (643).JPG,valid,
archive/data/Blight/Corn_Blight (644).JPG,valid,
archive/data/Blight/Corn_Blight (645).JPG,valid,
archive/data/Blight/Corn_Blight (646).jpg,valid,
archive/data/Blight/Corn_Blight (647).JPG,valid,
archive/data/Blight/Corn_Blight (648).JPG,valid,
archive/data/Blight/Corn_Blight (649).JPG,valid,
archive/data/Blight/Corn_Blight (65).jpg,valid,
archive/data/Blight/Corn_Blight (650).jpg,valid,
archive/data/Blight/Corn_Blight (651).JPG,valid,
archive/data/Blight/Corn_Blight (652).JPG,valid,
archive/data/Blight/Corn_Blight (653).JPG,valid,
archive/data/Blight/Corn_Blight (654).JPG,valid,
archive/data/Blight/Corn_Blight (655).jpg,valid,
archive/data/Blight/Corn_Blight (656).JPG,valid,
archive/data/Blight/Corn_Blight (657).JPG,valid,
archive/data/Blight/Corn_Blight (658).JPG,valid,
archive/data/Blight/Corn_Blight (659).JPG,valid,
archive/data/Blight/Corn_Blight (66).jpg,valid,
archive/data/Blight/Corn_Blight (660).JPG,valid,
archive/data/Blight/Corn_Blight (661).jpg,valid,
archive/data/Blight/Corn_Blight (662).JPG,valid,
archive/data/Blight/Corn_Blight (663).JPG,valid,
archive/data/Blight/Corn_Blight (664).JPG,valid,
archive/data/Blight/Corn_Blight (665).JPG,valid,
archive/data/Blight/Corn_Blight (666).JPG,valid,
archive/data/Blight/Corn_Blight (667).JPG,valid,
archive/data/Blight/Corn_Blight (668).JPG,valid,
archive/data/Blight/Corn_Blight (669).JPG,valid,
archive/data/Blight/Corn_Blight (67).jpg,valid,
archive/data/Blight/Corn_Blight (670).JPG,valid,
archive/data/Blight/Corn_Blight (671).JPG,valid,
archive/data/Blight/Corn_Blight (672).JPG,valid,
archive/data/Blight/Corn_Blight (673).JPG,valid,
archive/data/Blight/Corn_Blight (674).JPG,valid,
archive/data/Blight/Corn_Blight (675).JPG,valid,
archive/data/Blight/Corn_Blight (676).JPG,valid,
archive/data/Blight/Corn_Blight (677).jpg,valid,
archive/data/Blight/Corn_Blight (678).jpg,valid,
archive/data/Blight/Corn_Blight (679).JPG,valid,
archive/data/Blight/Corn_Blight (68).jpg,valid,
archive/data/Blight/Corn_Blight (680).JPG,valid,
archive/data/Blight/Corn_Blight (681).JPG,valid,
archive/data/Blight/Corn_Blight (682).JPG,valid,
archive/data/Blight/Corn_Blight (683).JPG,valid,
archive/data/Blight/Corn_Blight (684).JPG,valid,
archive/data/Blight/Corn_Blight (685).JPG,valid,
archive/data/Blight/Corn_Blight (686).JPG,valid,
archive/data/Blight/Corn_Blight (687).JPG,valid,
archive/data/Blight/Corn_Blight (688).JPG,valid,
archive/data/Blight/Corn_Blight (689).JPG,valid,
archive/data/Blight/Corn_Blight (69).jpg,valid,
archive/data/Blight/Corn_Blight (690).JPG,valid,
archive/data/Blight/Corn_Blight (691).JPG,valid,
archive/data/Blight/Corn_Blight (692).JPG,valid,
archive/data/Blight/Corn_Blight (693).JPG,valid,
archive/data/Blight/Corn_Blight (694).JPG,valid,
archive/data/Blight/Corn_Blight (695).JPG,valid,
archive/data/Blight/Corn_Blight (696).JPG,valid,
archive/data/Blight/Corn_Blight (697).JPG,valid,
archive/data/Blight/Corn_Blight (698).JPG,valid,
archive/data/Blight/Corn_Blight (699).JPG,valid,
archive/data/Blight/Corn_Blight (7).jpg,valid,
archive/data/Blight/Corn_Blight (70).jpg,valid,
archive/data/Blight/Corn_Blight (700).JPG,valid,
archive/data/Blight/Corn_Blight (701).JPG,valid,
archive/data/Blight/Corn_Blight (702).JPG,valid,
archive/data/Blight/Corn_Blight (703).jpg,valid,
archive/data/Blight/Corn_Blight (704).JPG,valid,
archive/data/Blight/Corn_Blight (705).JPG,valid,
archive/data/Blight/Corn_Blight (706).JPG,valid,
archive/data/Blight/Corn_Blight (707).JPG,valid,
archive/data/Blight/Corn_Blight (708).JPG,valid,
archive/data/Blight/Corn_Blight (709).jpg,valid,
archive/data/Blight/Corn_Blight (71).jpg,valid,
archive/data/Blight/Corn_Blight (710).JPG,valid,
archive/data/Blight/Corn_Blight (711).JPG,valid,
archive/data/Blight/Corn_Blight (712).JPG,valid,
archive/data/Blight/Corn_Blight (713).jpg,valid,
archive/data/Blight/Corn_Blight (714).JPG,valid,
archive/data/Blight/Corn_Blight (715).JPG,valid,
archive/data/Blight/Corn_Blight (716).JPG,valid,
archive/data/Blight/Corn_Blight (717).JPG,valid,
archive/data/Blight/Corn_Blight (718).jpg,valid,
archive/data/Blight/Corn_Blight (719).JPG,valid,
archive/data/Blight/Corn_Blight (72).jpg,valid,
archive/data/Blight/Corn_Blight (720).jpg,valid,
archive/data/Blight/Corn_Blight (721).JPG,valid,
archive/data/Blight/Corn_Blight (722).JPG,valid,
archive/data/Blight/Corn_Blight (723).jpg,valid,
archive/data/Blight/Corn_Blight (724).JPG,valid,
archive/data/Blight/Corn_Blight (725).JPG,valid,
archive/data/Blight/Corn_Blight (726).JPG,valid,
archive/data/Blight/Corn_Blight (727).JPG,valid,
archive/data/Blight/Corn_Blight (728).JPG,valid,
archive/data/Blight/Corn_Blight (729).JPG,valid,
archive/data/Blight/Corn_Blight (73).jpg,valid,
archive/data/Blight/Corn_Blight (730).JPG,valid,
archive/data/Blight/Corn_Blight (731).JPG,valid,
archive/data/Blight/Corn_Blight (732).JPG,valid,
archive/data/Blight/Corn_Blight (733).JPG,valid,
archive/data/Blight/Corn_Blight (734).JPG,valid,
archive/data/Blight/Corn_Blight (735).jpg,valid,
archive/data/Blight/Corn_Blight (736).JPG,valid,
archive/data/Blight/Corn_Blight (737).JPG,valid,
archive/data/Blight/Corn_Blight (738).JPG,valid,
archive/data/Blight/Corn_Blight (739).JPG,valid,
archive/data/Blight/Corn_Blight (74).jpg,valid,
archive/data/Blight/Corn_Blight (740).JPG,valid,
archive/data/Blight/Corn_Blight (741).JPG,valid,
archive/data/Blight/Corn_Blight (742).JPG,valid,
archive/data/Blight/Corn_Blight (743).jpg,valid,
archive/data/Blight/Corn_Blight (744).JPG,valid,
archive/data/Blight/Corn_Blight (745).JPG,valid,
archive/data/Blight/Corn_Blight (746).JPG,valid,
archive/data/Blight/Corn_Blight (747).JPG,valid,
archive/data/Blight/Corn_Blight (748).JPG,valid,
archive/data/Blight/Corn_Blight (749).JPG,valid,
archive/data/Blight/Corn_Blight (75).jpg,valid,
archive/data/Blight/Corn_Blight (750).JPG,valid,
archive/data/Blight/Corn_Blight (751).JPG,valid,
archive/data/Blight/Corn_Blight (752).JPG,valid,
archive/data/Blight/Corn_Blight (753).JPG,valid,
archive/data/Blight/Corn_Blight (754).jpg,valid,
archive/data/Blight/Corn_Blight (755).JPG,valid,
archive/data/Blight/Corn_Blight (756).JPG,valid,
archive/data/Blight/Corn_Blight (757).JPG,valid,
archive/data/Blight/Corn_Blight (758).JPG,valid,
archive/data/Blight/Corn_Blight (759).JPG,valid,
archive/data/Blight/Corn_Blight (76).jpg,valid,
archive/data/Blight/Corn_Blight (760).JPG,valid,
archive/data/Blight/Corn_Blight (761).JPG,valid,
archive/data/Blight/Corn_Blight (762).JPG,valid,
archive/data/Blight/Corn_Blight (763).JPG,valid,
archive/data/Blight/Corn_Blight (764).JPG,valid,
archive/data/Blight/Corn_Blight (765).JPG,valid,
archive/data/Blight/Corn_Blight (766).JPG,valid,
archive/data/Blight/Corn_Blight (767).JPG,valid,
archive/data/Blight/Corn_Blight (768).JPG,valid,
archive/data/Blight/Corn_Blight (769).JPG,valid,
archive/data/Blight/Corn_Blight (77).jpg,valid,
archive/data/Blight/Corn_Blight (770).JPG,valid,
archive/data/Blight/Corn_Blight (771).JPG,valid,
archive/data/Blight/Corn_Blight (772).JPG,valid,
archive/data/Blight/Corn_Blight (773).JPG,valid,
archive/data/Blight/Corn_Blight (774).JPG,valid,
archive/data/Blight/Corn_Blight (775).JPG,valid,
archive/data/Blight/Corn_Blight (776).JPG,valid,
archive/data/Blight/Corn_Blight (777).JPG,valid,
archive/data/Blight/Corn_Blight (778).JPG,valid,
archive/data/Blight/Corn_Blight (779).JPG,valid,
archive/data/Blight/Corn_Blight (78).jpg,valid,
archive/data/Blight/Corn_Blight (780).JPG,valid,
archive/data/Blight/Corn_Blight (781).JPG,valid,
archive/data/Blight/Corn_Blight (782).JPG,valid,
archive/data/Blight/Corn_Blight (783).JPG,valid,
archive/data/Blight/Corn_Blight (784).jpg,valid,
archive/data/Blight/Corn_Blight (785).JPG,valid,
archive/data/Blight/Corn_Blight (786).JPG,valid,
archive/data/Blight/Corn_Blight (787).JPG,valid,
archive/data/Blight/Corn_Blight (788).JPG,valid,
archive/data/Blight/Corn_Blight (789).JPG,valid,
archive/data/Blight/Corn_Blight (79).jpg,valid,
archive/data/Blight/Corn_Blight (790).JPG,valid,
archive/data/Blight/Corn_Blight (791).JPG,valid,
archive/data/Blight/Corn_Blight (792).JPG,valid,
archive/data/Blight/Corn_Blight (793).JPG,valid,
archive/data/Blight/Corn_Blight (794).JPG,valid,
archive/data/Blight/Corn_Blight (795).JPG,valid,
archive/data/Blight/Corn_Blight (796).JPG,valid,
archive/data/Blight/Corn_Blight (797).jpg,valid,
archive/data/Blight/Corn_Blight (798).JPG,valid,
archive/data/Blight/Corn_Blight (799).JPG,valid,
archive/data/Blight/Corn_Blight (8).jpg,valid,
archive/data/Blight/Corn_Blight (80).jpg,valid,
archive/data/Blight/Corn_Blight (800).JPG,valid,
archive/data/Blight/Corn_Blight (801).JPG,valid,
archive/data/Blight/Corn_Blight (802).JPG,valid,
archive/data/Blight/Corn_Blight (803).JPG,valid,
archive/data/Blight/Corn_Blight (804).JPG,valid,
archive/data/Blight/Corn_Blight (805).JPG,valid,
archive/data/Blight/Corn_Blight (806).JPG,valid,
archive/data/Blight/Corn_Blight (807).JPG,valid,
archive/data/Blight/Corn_Blight (808).JPG,valid,
archive/data/Blight/Corn_Blight (809).JPG,valid,
archive/data/Blight/Corn_Blight (81).jpg,valid,
archive/data/Blight/Corn_Blight (810).JPG,valid,
archive/data/Blight/Corn_Blight (811).JPG,valid,
archive/data/Blight/Corn_Blight (812).JPG,valid,
archive/data/Blight/Corn_Blight (813).JPG,valid,
archive/data/Blight/Corn_Blight (814).JPG,valid,
archive/data/Blight/Corn_Blight (815).JPG,valid,
archive/data/Blight/Corn_Blight (816).JPG,valid,
archive/data/Blight/Corn_Blight (817).JPG,valid,
archive/data/Blight/Corn_Blight (818).JPG,valid,
archive/data/Blight/Corn_Blight (819).JPG,valid,
archive/data/Blight/Corn_Blight (82).jpg,valid,
archive/data/Blight/Corn_Blight (820).jpg,valid,
archive/data/Blight/Corn_Blight (821).JPG,valid,
archive/data/Blight/Corn_Blight (822).JPG,valid,
archive/data/Blight/Corn_Blight (823).JPG,valid,
archive/data/Blight/Corn_Blight (824).JPG,valid,
archive/data/Blight/Corn_Blight (825).JPG,valid,
archive/data/Blight/Corn_Blight (826).JPG,valid,
archive/data/Blight/Corn_Blight (827).JPG,valid,
archive/data/Blight/Corn_Blight (828).JPG,valid,
archive/data/Blight/Corn_Blight (829).JPG,valid,
archive/data/Blight/Corn_Blight (83).jpg,valid,
archive/data/Blight/Corn_Blight (830).jpg,valid,
archive/data/Blight/Corn_Blight (831).jpg,valid,
archive/data/Blight/Corn_Blight (832).JPG,valid,
archive/data/Blight/Corn_Blight (833).JPG,valid,
archive/data/Blight/Corn_Blight (834).JPG,valid,
archive/data/Blight/Corn_Blight (835).JPG,valid,
archive/data/Blight/Corn_Blight (836).JPG,valid,
archive/data/Blight/Corn_Blight (837).JPG,valid,
archive/data/Blight/Corn_Blight (838).JPG,valid,
archive/data/Blight/Corn_Blight (839).JPG,valid,
archive/data/Blight/Corn_Blight (84).jpg,valid,
archive/data/Blight/Corn_Blight (840).JPG,valid,
archive/data/Blight/Corn_Blight (841).JPG,valid,
archive/data/Blight/Corn_Blight (842).JPG,valid,
archive/data/Blight/Corn_Blight (843).JPG,valid,
archive/data/Blight/Corn_Blight (844).JPG,valid,
archive/data/Blight/Corn_Blight (845).JPG,valid,
archive/data/Blight/Corn_Blight (846).jpg,valid,
archive/data/Blight/Corn_Blight (847).JPG,valid,
archive/data/Blight/Corn_Blight (848).JPG,valid,
archive/data/Blight/Corn_Blight (849).JPG,valid,
archive/data/Blight/Corn_Blight (85).jpg,valid,
archive/data/Blight/Corn_Blight (850).JPG,valid,
archive/data/Blight/Corn_Blight (851).jpg,valid,
archive/data/Blight/Corn_Blight (852).JPG,valid,
archive/data/Blight/Corn_Blight (853).jpg,valid,
archive/data/Blight/Corn_Blight (854).JPG,valid,
archive/data/Blight/Corn_Blight (855).JPG,valid,
archive/data/Blight/Corn_Blight (856).JPG,valid,
archive/data/Blight/Corn_Blight (857).JPG,valid,
archive/data/Blight/Corn_Blight (858).JPG,valid,
archive/data/Blight/Corn_Blight (859).JPG,valid,
archive/data/Blight/Corn_Blight (86).jpg,valid,
archive/data/Blight/Corn_Blight (860).JPG,valid,
archive/data/Blight/Corn_Blight (861).JPG,valid,
archive/data/Blight/Corn_Blight (862).JPG,valid,
archive/data/Blight/Corn_Blight (863).JPG,valid,
archive/data/Blight/Corn_Blight (864).JPG,valid,
archive/data/Blight/Corn_Blight (865).JPG,valid,
archive/data/Blight/Corn_Blight (866).JPG,valid,
archive/data/Blight/Corn_Blight (867).JPG,valid,
archive/data/Blight/Corn_Blight (868).JPG,valid,
archive/data/Blight/Corn_Blight (869).JPG,valid,
archive/data/Blight/Corn_Blight (87).jpg,valid,
archive/data/Blight/Corn_Blight (870).JPG,valid,
archive/data/Blight/Corn_Blight (871).JPG,valid,
archive/data/Blight/Corn_Blight (872).JPG,valid,
archive/data/Blight/Corn_Blight (873).JPG,valid,
archive/data/Blight/Corn_Blight (874).JPG,valid,
archive/data/Blight/Corn_Blight (875).JPG,valid,
archive/data/Blight/Corn_Blight (876).jpg,valid,
archive/data/Blight/Corn_Blight (877).jpg,valid,
archive/data/Blight/Corn_Blight (878).JPG,valid,
archive/data/Blight/Corn_Blight (879).JPG,valid,
archive/data/Blight/Corn_Blight (88).jpg,valid,
archive/data/Blight/Corn_Blight (880).JPG,valid,
archive/data/Blight/Corn_Blight (881).JPG,valid,
archive/data/Blight/Corn_Blight (882).JPG,valid,
archive/data/Blight/Corn_Blight (883).JPG,valid,
archive/data/Blight/Corn_Blight (884).JPG,valid,
archive/data/Blight/Corn_Blight (885).JPG,valid,
archive/data/Blight/Corn_Blight (886).JPG,valid,
archive/data/Blight/Corn_Blight (887).JPG,valid,
archive/data/Blight/Corn_Blight (888).JPG,valid,
archive/data/Blight/Corn_Blight (889).JPG,valid,
archive/data/Blight/Corn_Blight (89).jpg,valid,
archive/data/Blight/Corn_Blight (890).jpg,valid,
archive/data/Blight/Corn_Blight (891).JPG,valid,
archive/data/Blight/Corn_Blight (892).JPG,valid,
archive/data/Blight/Corn_Blight (893).JPG,valid,
archive/data/Blight/Corn_Blight (894).JPG,valid,
archive/data/Blight/Corn_Blight (895).JPG,valid,
archive/data/Blight/Corn_Blight (896).JPG,valid,
archive/data/Blight/Corn_Blight (897).JPG,valid,
archive/data/Blight/Corn_Blight (898).jpg,valid,
archive/data/Blight/Corn_Blight (899).JPG,valid,
archive/data/Blight/Corn_Blight (9).jpg,valid,
archive/data/Blight/Corn_Blight (90).jpg,valid,
archive/data/Blight/Corn_Blight (900).JPG,valid,
archive/data/Blight/Corn_Blight (901).jpg,valid,
archive/data/Blight/Corn_Blight (902).JPG,valid,
archive/data/Blight/Corn_Blight (903).JPG,valid,
archive/data/Blight/Corn_Blight (904).JPG,valid,
archive/data/Blight/Corn_Blight (905).JPG,valid,
archive/data/Blight/Corn_Blight (906).jpg,valid,
archive/data/Blight/Corn_Blight (907).JPG,valid,
archive/data/Blight/Corn_Blight (908).JPG,valid,
archive/data/Blight/Corn_Blight (909).jpg,valid,
archive/data/Blight/Corn_Blight (91).jpg,valid,
archive/data/Blight/Corn_Blight (910).JPG,valid,
archive/data/Blight/Corn_Blight (911).JPG,valid,
archive/data/Blight/Corn_Blight (912).JPG,valid,
archive/data/Blight/Corn_Blight (913).jpg,valid,
archive/data/Blight/Corn_Blight (914).JPG,valid,
archive/data/Blight/Corn_Blight (915).jpg,valid,
archive/data/Blight/Corn_Blight (916).JPG,valid,
archive/data/Blight/Corn_Blight (917).JPG,valid,
archive/data/Blight/Corn_Blight (918).JPG,valid,
archive/data/Blight/Corn_Blight (919).JPG,valid,
archive/data/Blight/Corn_Blight (92).jpg,valid,
archive/data/Blight/Corn_Blight (920).JPG,valid,
archive/data/Blight/Corn_Blight (921).JPG,valid,
archive/data/Blight/Corn_Blight (922).JPG,valid,
archive/data/Blight/Corn_Blight (923).JPG,valid,
archive/data/Blight/Corn_Blight (924).JPG,valid,
archive/data/Blight/Corn_Blight (925).JPG,valid,
archive/data/Blight/Corn_Blight (926).jpg,valid,
archive/data/Blight/Corn_Blight (927).JPG,valid,
archive/data/Blight/Corn_Blight (928).jpg,valid,
archive/data/Blight/Corn_Blight (929).JPG,valid,
archive/data/Blight/Corn_Blight (93).jpg,valid,
archive/data/Blight/Corn_Blight (930).JPG,valid,
archive/data/Blight/Corn_Blight (931).JPG,valid,
archive/data/Blight/Corn_Blight (932).JPG,valid,
archive/data/Blight/Corn_Blight (933).jpg,valid,
archive/data/Blight/Corn_Blight (934).JPG,valid,
archive/data/Blight/Corn_Blight (935).JPG,valid,
archive/data/Blight/Corn_Blight (936).JPG,valid,
archive/data/Blight/Corn_Blight (937).JPG,valid,
archive/data/Blight/Corn_Blight (938).JPG,valid,
archive/data/Blight/Corn_Blight (939).JPG,valid,
archive/data/Blight/Corn_Blight (94).jpg,valid,
archive/data/Blight/Corn_Blight (940).JPG,valid,
archive/data/Blight/Corn_Blight (941).JPG,valid,
archive/data/Blight/Corn_Blight (942).JPG,valid,
archive/data/Blight/Corn_Blight (943).JPG,valid,
archive/data/Blight/Corn_Blight (944).JPG,valid,
archive/data/Blight/Corn_Blight (945).JPG,valid,
archive/data/Blight/Corn_Blight (946).JPG,valid,
archive/data/Blight/Corn_Blight (947).JPG,valid,
archive/data/Blight/Corn_Blight (948).JPG,valid,
archive/data/Blight/Corn_Blight (949).JPG,valid,
archive/data/Blight/Corn_Blight (95).jpg,valid,
archive/data/Blight/Corn_Blight (950).JPG,valid,
archive/data/Blight/Corn_Blight (951).JPG,valid,
archive/data/Blight/Corn_Blight (952).JPG,valid,
archive/data/Blight/Corn_Blight (953).JPG,valid,
archive/data/Blight/Corn_Blight (954).JPG,valid,
archive/data/Blight/Corn_Blight (955).JPG,valid,
archive/data/Blight/Corn_Blight (956).JPG,valid,
archive/data/Blight/Corn_Blight (957).jpg,valid,
archive/data/Blight/Corn_Blight (958).JPG,valid,
archive/data/Blight/Corn_Blight (959).jpg,valid,
archive/data/Blight/Corn_Blight (96).jpg,valid,
archive/data/Blight/Corn_Blight (960).jpg,valid,
archive/data/Blight/Corn_Blight (961).JPG,valid,
archive/data/Blight/Corn_Blight (962).JPG,valid,
archive/data/Blight/Corn_Blight (963).JPG,valid,
archive/data/Blight/Corn_Blight (964).JPG,valid,
archive/data/Blight/Corn_Blight (965).JPG,valid,
archive/data/Blight/Corn_Blight (966).jpg,valid,
archive/data/Blight/Corn_Blight (967).JPG,valid,
archive/data/Blight/Corn_Blight (968).jpg,valid,
archive/data/Blight/Corn_Blight (969).JPG,valid,
archive/data/Blight/Corn_Blight (97).jpg,valid,
archive/data/Blight/Corn_Blight (970).JPG,valid,
archive/data/Blight/Corn_Blight (971).JPG,valid,
archive/data/Blight/Corn_Blight (972).JPG,valid,
archive/data/Blight/Corn_Blight (973).jpg,valid,
archive/data/Blight/Corn_Blight (974).JPG,valid,
archive/data/Blight/Corn_Blight (975).JPG,valid,
archive/data/Blight/Corn_Blight (976).JPG,valid,
archive/data/Blight/Corn_Blight (977).JPG,valid,
archive/data/Blight/Corn_Blight (978).jpg,valid,
archive/data/Blight/Corn_Blight (979).JPG,valid,
archive/data/Blight/Corn_Blight (98).jpg,valid,
archive/data/Blight/Corn_Blight (980).JPG,valid,
archive/data/Blight/Corn_Blight (981).JPG,valid,
archive/data/Blight/Corn_Blight (982).JPG,valid,
archive/data/Blight/Corn_Blight (983).jpg,valid,
archive/data/Blight/Corn_Blight (984).JPG,valid,
archive/data/Blight/Corn_Blight (985).JPG,valid,
archive/data/Blight/Corn_Blight (986).JPG,valid,
archive/data/Blight/Corn_Blight (987).JPG,valid,
archive/data/Blight/Corn_Blight (988).JPG,valid,
archive/data/Blight/Corn_Blight (989).JPG,valid,
archive/data/Blight/Corn_Blight (99).jpg,valid,
archive/data/Blight/Corn_Blight (990).jpg,valid,
archive/data/Blight/Corn_Blight (991).JPG,valid,
archive/data/Blight/Corn_Blight (992).JPG,valid,
archive/data/Blight/Corn_Blight (993).JPG,valid,
archive/data/Blight/Corn_Blight (994).JPG,valid,
archive/data/Blight/Corn_Blight (995).JPG,valid,
archive/data/Blight/Corn_Blight (996).JPG,valid,
archive/data/Blight/Corn_Blight (997).JPG,valid,
archive/data/Blight/Corn_Blight (998).JPG,valid,
archive/data/Blight/Corn_Blight (999).JPG,valid,
archive/data/Common_Rust/Corn_Common_Rust (1).jpg,valid,
archive/data/Common_Rust/Corn_Common_Rust (10).jpg,valid,
archive/data/Common_Rust/Corn_Common_Rust (100).JPG,valid,
archive/data/Common_Rust/Corn_Common_Rust (1000).JPG,valid,
archive/data/Common_Rust/Corn_Common_Rust (1001).JPG,valid,
archive/data/Common_Rust/Corn_Common_Rust (1002).JPG,valid,
archive/data/Common_Rust/Corn_Common_Rust (1003).JPG,valid,
archive/data/Common_Rust/Corn_Common_Rust (1004).JPG,valid,
archive/data/Common_Rust/Corn_Common_Rust (1005).JPG,valid,
archive/data/Common_Rust/Corn_Common_Rust (1006).JPG,valid,
archive/data/Common_Rust/Corn_Common_Rust (1007).JPG,valid,
archive/data/Common_Rust/Corn_Common_Rust (1008).JPG,valid,
archive/data/Common_Rust/Corn_Common_Rust (1009).JPG,valid,
archive/data/Common_Rust/Corn_Common_Rust (101).JPG,valid,
archive/data/Common_Rust/Corn_Common_Rust (1010).JPG,valid,
archive/data/Common_Rust/Corn_Common_Rust (1011).JPG,valid,
archive/data/Common_Rust/Corn_Common_Rust (1012).JPG,valid,
archive/data/Common_Rust/Corn_Common_Rust (1013).JPG,valid,
archive/data/Common_Rust/Corn_Common_Rust (1014).JPG,valid,
archive/data/Common_Rust/Corn_Common_Rust (1015).JPG,valid,
archive/data/Common_Rust/Corn_Common_Rust (1016).JPG,valid,
archive/data/Common_Rust/Corn_Common_Rust (1017).JPG,valid,
archive/data/Common_Rust/Corn_Common_Rust (1018).JPG,valid,
archive/data/Common_Rust/Corn_Common_Rust (1019).JPG,valid,
archive/data/Common_Rust/Corn_Common_Rust (102).JPG,valid,
archive/data/Common_Rust/Corn_Common_Rust (1020).JPG,valid,
archive/data/Common_Rust/Corn_Common_Rust (1021).JPG,valid,
archive/data/Common_Rust/Corn_Common_Rust (1022).JPG,valid,
archive/data/Common_Rust/Corn_Common_Rust (1023).JPG,valid,
archive/data/Common_Rust/Corn_Common_Rust (1024).JPG,valid,
archive/data/Common_Rust/Corn_Common_Rust (1025).JPG,valid,
archive/data/Common_Rust/Corn_Common_Rust (1026).JPG,valid,
archive/data/Common_Rust/Corn_Common_Rust (1027).JPG,valid,
archive/data/Common_Rust/Corn_Common_Rust (1028).JPG,valid,
archive/data/Common_Rust/Corn_Common_Rust (1029).JPG,valid,
archive/data/Common_Rust/Corn_Common_Rust (103).JPG,valid,
archive/data/Common_Rust/Corn_Common_Rust (1030).JPG,valid,
archive/data/Common_Rust/Corn_Common_Rust (1031).JPG,valid,
archive/data/Common_Rust/Corn_Common_Rust (1032).JPG,valid,
archive/data/Common_Rust/Corn_Common_Rust (1033).JPG,valid,
archive/data/Common_Rust/Corn_Common_Rust (1034).JPG,valid,
archive/data/Common_Rust/Corn_Common_Rust (1035).JPG,valid,
archive/data/Common_Rust/Corn_Common_Rust (1036).JPG,valid,
archive/data/Common_Rust/Corn_Common_Rust (1037).JPG,valid,
archive/data/Common_Rust/Corn_Common_Rust (1038).JPG,valid,
archive/data/Common_Rust/Corn_Common_Rust (1039).JPG,valid,
archive/data/Common_Rust/Corn_Common_Rust (104).JPG,valid,
archive/data/Common_Rust/Corn_Common_Rust (1040).JPG,valid,
archive/data/Common_Rust/Corn_Common_Rust (1041).JPG,valid,
archive/data/Common_Rust/Corn_Common_Rust (1042).JPG,valid,
archive/data/Common_Rust/Corn_Common_Rust (1043).JPG,valid,
archive/data/Common_Rust/Corn_Common_Rust (1044).JPG,valid,
archive/data/Common_Rust/Corn_Common_Rust (1045).JPG,valid,
archive/data/Common_Rust/Corn_Common_Rust (1046).JPG,valid,
archive/data/Common_Rust/Corn_Common_Rust (1047).JPG,valid,
archive/data/Common_Rust/Corn_Common_Rust (1048).JPG,valid,
archive/data/Common_Rust/Corn_Common_Rust (1049).JPG,valid,
archive/data/Common_Rust/Corn_Common_Rust (105).JPG,valid,
archive/data/Common_Rust/Corn_Common_Rust (1050).JPG,valid,
archive/data/Common_Rust/Corn_Common_Rust (1051).JPG,valid,
archive/data/Common_Rust/Corn_Common_Rust (1052).JPG,valid,
archive/data/Common_Rust/Corn_Common_Rust (1053).JPG,valid,
archive/data/Common_Rust/Corn_Common_Rust (1054).JPG,valid,
archive/data/Common_Rust/Corn_Common_Rust (1055).JPG,valid,
archive/data/Common_Rust/Corn_Common_Rust (1056).JPG,valid,
archive/data/Common_Rust/Corn_Common_Rust (1057).JPG,valid,
archive/data/Common_Rust/Corn_Common_Rust (1058).JPG,valid,
archive/data/Common_Rust/Corn_Common_Rust (1059).JPG,valid,
archive/data/Common_Rust/Corn_Common_Rust (106).JPG,valid,
archive/data/Common_Rust/Corn_Common_Rust (1060).JPG,valid,
archive/data/Common_Rust/Corn_Common_Rust (1061).JPG,valid,
archive/data/Common_Rust/Corn_Common_Rust (1062).JPG,valid,
archive/data/Common_Rust/Corn_Common_Rust (1063).JPG,valid,
archive/data/Common_Rust/Corn_Common_Rust (1064).JPG,valid,
archive/data/Common_Rust/Corn_Common_Rust (1065).JPG,valid,
archive/data/Common_Rust/Corn_Common_Rust (1066).JPG,valid,
archive/data/Common_Rust/Corn_Common_Rust (1067).JPG,valid,
archive/data/Common_Rust/Corn_Common_Rust (1068).JPG,valid,
archive/data/Common_Rust/Corn_Common_Rust (1069).JPG,valid,
archive/data/Common_Rust/Corn_Common_Rust (107).JPG,valid,
archive/data/Common_Rust/Corn_Common_Rust (1070).JPG,valid,
archive/data/Common_Rust/Corn_Common_Rust (1071).JPG,valid,
archive/data/Common_Rust/Corn_Common_Rust (1072).JPG,valid,
archive/data/Common_Rust/Corn_Common_Rust (1073).JPG,valid,
archive/data/Common_Rust/Corn_Common_Rust (1074).JPG,valid,
archive/data/Common_Rust/Corn_Common_Rust (1075).JPG,valid,
archive/data/Common_Rust/Corn_Common_Rust (1076).JPG,valid,
archive/data/Common_Rust/Corn_Common_Rust (1077).JPG,valid,
archive/data/Common_Rust/Corn_Common_Rust (1078).JPG,valid,
archive/data/Common_Rust/Corn_Common_Rust (1079).JPG,valid,
archive/data/Common_Rust/Corn_Common_Rust (108).JPG,valid,
archive/data/Common_Rust/Corn_Common_Rust (1080).JPG,valid,
archive/data/Common_Rust/Corn_Common_Rust (1081).JPG,valid,
archive/data/Common_Rust/Corn_Common_Rust (1082).JPG,valid,
archive/data/Common_Rust/Corn_Common_Rust (1083).JPG,valid,
archive/data/Common_Rust/Corn_Common_Rust (1084).JPG,valid,
archive/data/Common_Rust/Corn_Common_Rust (1085).JPG,valid,
archive/data/Common_Rust/Corn_Common_Rust (1086).JPG,valid,
archive/data/Common_Rust/Corn_Common_Rust (1087).JPG,valid,
archive/data/Common_Rust/Corn_Common_Rust (1088).JPG,valid,
archive/data/Common_Rust/Corn_Common_Rust (1089).JPG,valid,
archive/data/Common_Rust/Corn_Common_Rust (109).JPG,valid,
archive/data/Common_Rust/Corn_Common_Rust (1090).JPG,valid,
archive/data/Common_Rust/Corn_Common_Rust (1091).JPG,valid,
archive/data/Common_Rust/Corn_Common_Rust (1092).JPG,valid,
archive/data/Common_Rust/Corn_Common_Rust (1093).JPG,valid,
archive/data/Common_Rust/Corn_Common_Rust (1094).JPG,valid,
archive/data/Common_Rust/Corn_Common_Rust (1095).JPG,valid,
archive/data/Common_Rust/Corn_Common_Rust (1096).JPG,valid,
archive/data/Common_Rust/Corn_Common_Rust (1097).JPG,valid,
archive/data/Common_Rust/Corn_Common_Rust (1098).JPG,valid,
archive/data/Common_Rust/Corn_Common_Rust (1099).JPG,valid,
archive/data/Common_Rust/Corn_Common_Rust (11).jpg,valid,
archive/data/Common_Rust/Corn_Common_Rust (110).JPG,valid,
archive/data/Common_Rust/Corn_Common_Rust (1100).JPG,valid,
archive/data/Common_Rust/Corn_Common_Rust (1101).JPG,valid,
archive/data/Common_Rust/Corn_Common_Rust (1102).JPG,valid,
archive/data/Common_Rust/Corn_Common_Rust (1103).JPG,valid,
archive/data/Common_Rust/Corn_Common_Rust (1104).JPG,valid,
archive/data/Common_Rust/Corn_Common_Rust (1105).JPG,valid,
archive/data/Common_Rust/Corn_Common_Rust (1106).JPG,valid,
archive/data/Common_Rust/Corn_Common_Rust (1107).JPG,valid,
archive/data/Common_Rust/Corn_Common_Rust (1108).JPG,valid,
archive/data/Common_Rust/Corn_Common_Rust (1109).JPG,valid,
archive/data/Common_Rust/Corn_Common_Rust (111).JPG,valid,
archive/data/Common_Rust/Corn_Common_Rust (1110).JPG,valid,
archive/data/Common_Rust/Corn_Common_Rust (1111).JPG,valid,
archive/data/Common_Rust/Corn_Common_Rust (1112).JPG,valid,
archive/data/Common_Rust/Corn_Common_Rust (1113).JPG,valid,
archive/data/Common_Rust/Corn_Common_Rust (1114).JPG,valid,
archive/data/Common_Rust/Corn_Common_Rust (1115).JPG,valid,
archive/data/Common_Rust/Corn_Common_Rust (1116).JPG,valid,
archive/data/Common_Rust/Corn_Common_Rust (1117).JPG,valid,
archive/data/Common_Rust/Corn_Common_Rust (1118).JPG,valid,
archive/data/Common_Rust/Corn_Common_Rust (1119).JPG,valid,
archive/data/Common_Rust/Corn_Common_Rust (112).JPG,valid,
archive/data/Common_Rust/Corn_Common_Rust (1120).JPG,valid,
archive/data/Common_Rust/Corn_Common_Rust (1121).JPG,valid,
archive/data/Common_Rust/Corn_Common_Rust (1122).JPG,valid,
archive/data/Common_Rust/Corn_Common_Rust (1123).JPG,valid,
archive/data/Common_Rust/Corn_Common_Rust (1124).JPG,valid,
archive/data/Common_Rust/Corn_Common_Rust (1125).JPG,valid,
archive/data/Common_Rust/Corn_Common_Rust (1126).JPG,valid,
archive/data/Common_Rust/Corn_Common_Rust (1127).JPG,valid,
archive/data/Common_Rust/Corn_Common_Rust (1128).JPG,valid,
archive/data/Common_Rust/Corn_Common_Rust (1129).JPG,valid,
archive/data/Common_Rust/Corn_Common_Rust (113).JPG,valid,
archive/data/Common_Rust/Corn_Common_Rust (1130).JPG,valid,
archive/data/Common_Rust/Corn_Common_Rust (1131).JPG,valid,
archive/data/Common_Rust/Corn_Common_Rust (1132).JPG,valid,
archive/data/Common_Rust/Corn_Common_Rust (1133).JPG,valid,
archive/data/Common_Rust/Corn_Common_Rust (1134).JPG,valid,
archive/data/Common_Rust/Corn_Common_Rust (1135).JPG,valid,
archive/data/Common_Rust/Corn_Common_Rust (1136).JPG,valid,
archive/data/Common_Rust/Corn_Common_Rust (1137).JPG,valid,
archive/data/Common_Rust/Corn_Common_Rust (1138).JPG,valid,
archive/data/Common_Rust/Corn_Common_Rust (1139).JPG,valid,
archive/data/Common_Rust/Corn_Common_Rust (114).JPG,valid,
archive/data/Common_Rust/Corn_Common_Rust (1140).JPG,valid,
archive/data/Common_Rust/Corn_Common_Rust (1141).JPG,valid,
archive/data/Common_Rust/Corn_Common_Rust (1142).JPG,valid,
archive/data/Common_Rust/Corn_Common_Rust (1143).JPG,valid,
archive/data/Common_Rust/Corn_Common_Rust (1144).JPG,valid,
archive/data/Common_Rust/Corn_Common_Rust (1145).JPG,valid,
archive/data/Common_Rust/Corn_Common_Rust (1146).JPG,valid,
archive/data/Common_Rust/Corn_Common_Rust (1147).JPG,valid,
archive/data/Common_Rust/Corn_Common_Rust (1148).JPG,valid,
archive/data/Common_Rust/Corn_Common_Rust (1149).JPG,valid,
archive/data/Common_Rust/Corn_Common_Rust (115).JPG,valid,
archive/data/Common_Rust/Corn_Common_Rust (1150).JPG,valid,
archive/data/Common_Rust/Corn_Common_Rust (1151).JPG,valid,
archive/data/Common_Rust/Corn_Common_Rust (1152).JPG,valid,
archive/data/Common_Rust/Corn_Common_Rust (1153).JPG,valid,
archive/data/Common_Rust/Corn_Common_Rust (1154).JPG,valid,
archive/data/Common_Rust/Corn_Common_Rust (1155).JPG,valid,
archive/data/Common_Rust/Corn_Common_Rust (1156).JPG,valid,
archive/data/Common_Rust/Corn_Common_Rust (1157).JPG,valid,
archive/data/Common_Rust/Corn_Common_Rust (1158).JPG,valid,
archive/data/Common_Rust/Corn_Common_Rust (1159).JPG,valid,
archive/data/Common_Rust/Corn_Common_Rust (116).JPG,valid,
archive/data/Common_Rust/Corn_Common_Rust (1160).JPG,valid,
archive/data/Common_Rust/Corn_Common_Rust (1161).JPG,valid,
archive/data/Common_Rust/Corn_Common_Rust (1162).JPG,valid,
archive/data/Common_Rust/Corn_Common_Rust (1163).JPG,valid,
archive/data/Common_Rust/Corn_Common_Rust (1164).JPG,valid,
archive/data/Common_Rust/Corn_Common_Rust (1165).JPG,valid,
archive/data/Common_Rust/Corn_Common_Rust (1166).JPG,valid,
archive/data/Common_Rust/Corn_Common_Rust (1167).JPG,valid,
archive/data/Common_Rust/Corn_Common_Rust (1168).JPG,valid,
archive/data/Common_Rust/Corn_Common_Rust (1169).JPG,valid,
archive/data/Common_Rust/Corn_Common_Rust (117).JPG,valid,
archive/data/Common_Rust/Corn_Common_Rust (1170).JPG,valid,
archive/data/Common_Rust/Corn_Common_Rust (1171).JPG,valid,
archive/data/Common_Rust/Corn_Common_Rust (1172).JPG,valid,
archive/data/Common_Rust/Corn_Common_Rust (1173).JPG,valid,
archive/data/Common_Rust/Corn_Common_Rust (1174).JPG,valid,
archive/data/Common_Rust/Corn_Common_Rust (1175).JPG,valid,
archive/data/Common_Rust/Corn_Common_Rust (1176).JPG,valid,
archive/data/Common_Rust/Corn_Common_Rust (1177).JPG,valid,
archive/data/Common_Rust/Corn_Common_Rust (1178).JPG,valid,
archive/data/Common_Rust/Corn_Common_Rust (1179).JPG,valid,
archive/data/Common_Rust/Corn_Common_Rust (118).JPG,valid,
archive/data/Common_Rust/Corn_Common_Rust (1180).JPG,valid,
archive/data/Common_Rust/Corn_Common_Rust (1181).JPG,valid,
archive/data/Common_Rust/Corn_Common_Rust (1182).JPG,valid,
archive/data/Common_Rust/Corn_Common_Rust (1183).JPG,valid,
archive/data/Common_Rust/Corn_Common_Rust (1184).JPG,valid,
archive/data/Common_Rust/Corn_Common_Rust (1185).JPG,valid,
archive/data/Common_Rust/Corn_Common_Rust (1186).JPG,valid,
archive/data/Common_Rust/Corn_Common_Rust (1187).JPG,valid,
archive/data/Common_Rust/Corn_Common_Rust (1188).JPG,valid,
archive/data/Common_Rust/Corn_Common_Rust (1189).JPG,valid,
archive/data/Common_Rust/Corn_Common_Rust (119).JPG,valid,
archive/data/Common_Rust/Corn_Common_Rust (1190).JPG,valid,
archive/data/Common_Rust/Corn_Common_Rust (1191).JPG,valid,
archive/data/Common_Rust/Corn_Common_Rust (1192).JPG,valid,
archive/data/Common_Rust/Corn_Common_Rust (1193).JPG,valid,
archive/data/Common_Rust/Corn_Common_Rust (1194).JPG,valid,
archive/data/Common_Rust/Corn_Common_Rust (1195).JPG,valid,
archive/data/Common_Rust/Corn_Common_Rust (1196).JPG,valid,
archive/data/Common_Rust/Corn_Common_Rust (1197).JPG,valid,
archive/data/Common_Rust/Corn_Common_Rust (1198).JPG,valid,
archive/data/Common_Rust/Corn_Common_Rust (1199).JPG,valid,
archive/data/Common_Rust/Corn_Common_Rust (12).jpg,valid,
archive/data/Common_Rust/Corn_Common_Rust (120).JPG,valid,
archive/data/Common_Rust/Corn_Common_Rust (1200).JPG,valid,
archive/data/Common_Rust/Corn_Common_Rust (1201).JPG,valid,
archive/data/Common_Rust/Corn_Common_Rust (1202).JPG,valid,
archive/data/Common_Rust/Corn_Common_Rust (1203).JPG,valid,
archive/data/Common_Rust/Corn_Common_Rust (1204).JPG,valid,
archive/data/Common_Rust/Corn_Common_Rust (1205).JPG,valid,
archive/data/Common_Rust/Corn_Common_Rust (1206).JPG,valid,
archive/data/Common_Rust/Corn_Common_Rust (1207).JPG,valid,
archive/data/Common_Rust/Corn_Common_Rust (1208).JPG,valid,
archive/data/Common_Rust/Corn_Common_Rust (1209).JPG,valid,
archive/data/Common_Rust/Corn_Common_Rust (121).JPG,valid,
archive/data/Common_Rust/Corn_Common_Rust (1210).JPG,valid,
archive/data/Common_Rust/Corn_Common_Rust (1211).JPG,valid,
archive/data/Common_Rust/Corn_Common_Rust (1212).JPG,valid,
archive/data/Common_Rust/Corn_Common_Rust (1213).JPG,valid,
archive/data/Common_Rust/Corn_Common_Rust (1214).JPG,valid,
archive/data/Common_Rust/Corn_Common_Rust (1215).JPG,valid,
archive/data/Common_Rust/Corn_Common_Rust (1216).JPG,valid,
archive/data/Common_Rust/Corn_Common_Rust (1217).JPG,valid,
archive/data/Common_Rust/Corn_Common_Rust (1218).JPG,valid,
archive/data/Common_Rust/Corn_Common_Rust (1219).JPG,valid,
archive/data/Common_Rust/Corn_Common_Rust (122).JPG,valid,
archive/data/Common_Rust/Corn_Common_Rust (1220).JPG,valid,
archive/data/Common_Rust/Corn_Common_Rust (1221).JPG,valid,
archive/data/Common_Rust/Corn_Common_Rust (1222).JPG,valid,
archive/data/Common_Rust/Corn_Common_Rust (1223).JPG,valid,
archive/data/Common_Rust/Corn_Common_Rust (1224).JPG,valid,
archive/data/Common_Rust/Corn_Common_Rust (1225).JPG,valid,
archive/data/Common_Rust/Corn_Common_Rust (1226).JPG,valid,
archive/data/Common_Rust/Corn_Common_Rust (1227).JPG,valid,
archive/data/Common_Rust/Corn_Common_Rust (1228).JPG,valid,
archive/data/Common_Rust/Corn_Common_Rust (1229).JPG,valid,
archive/data/Common_Rust/Corn_Common_Rust (123).JPG,valid,
archive/data/Common_Rust/Corn_Common_Rust (1230).JPG,valid,
archive/data/Common_Rust/Corn_Common_Rust (1231).JPG,valid,
archive/data/Common_Rust/Corn_Common_Rust (1232).JPG,valid,
archive/data/Common_Rust/Corn_Common_Rust (1233).JPG,valid,
archive/data/Common_Rust/Corn_Common_Rust (1234).JPG,valid,
archive/data/Common_Rust/Corn_Common_Rust (1235).JPG,valid,
archive/data/Common_Rust/Corn_Common_Rust (1236).JPG,valid,
archive/data/Common_Rust/Corn_Common_Rust (1237).JPG,valid,
archive/data/Common_Rust/Corn_Common_Rust (1238).JPG,valid,
archive/data/Common_Rust/Corn_Common_Rust (1239).JPG,valid,
archive/data/Common_Rust/Corn_Common_Rust (124).JPG,valid,
archive/data/Common_Rust/Corn_Common_Rust (1240).JPG,valid,
archive/data/Common_Rust/Corn_Common_Rust (1241).JPG,valid,
archive/data/Common_Rust/Corn_Common_Rust (1242).JPG,valid,
archive/data/Common_Rust/Corn_Common_Rust (1243).JPG,valid,
archive/data/Common_Rust/Corn_Common_Rust (1244).JPG,valid,
archive/data/Common_Rust/Corn_Common_Rust (1245).JPG,valid,
archive/data/Common_Rust/Corn_Common_Rust (1246).JPG,valid,
archive/data/Common_Rust/Corn_Common_Rust (1247).JPG,valid,
archive/data/Common_Rust/Corn_Common_Rust (1248).JPG,valid,
archive/data/Common_Rust/Corn_Common_Rust (1249).JPG,valid,
archive/data/Common_Rust/Corn_Common_Rust (125).JPG,valid,
archive/data/Common_Rust/Corn_Common_Rust (1250).JPG,valid,
archive/data/Common_Rust/Corn_Common_Rust (1251).JPG,valid,
archive/data/Common_Rust/Corn_Common_Rust (1252).JPG,valid,
archive/data/Common_Rust/Corn_Common_Rust (1253).JPG,valid,
archive/data/Common_Rust/Corn_Common_Rust (1254).JPG,valid,
archive/data/Common_Rust/Corn_Common_Rust (1255).JPG,valid,
archive/data/Common_Rust/Corn_Common_Rust (1256).JPG,valid,
archive/data/Common_Rust/Corn_Common_Rust (1257).JPG,valid,
archive/data/Common_Rust/Corn_Common_Rust (1258).JPG,valid,
archive/data/Common_Rust/Corn_Common_Rust (1259).JPG,valid,
archive/data/Common_Rust/Corn_Common_Rust (126).JPG,valid,
archive/data/Common_Rust/Corn_Common_Rust (1260).JPG,valid,
archive/data/Common_Rust/Corn_Common_Rust (1261).JPG,valid,
archive/data/Common_Rust/Corn_Common_Rust (1262).JPG,valid,
archive/data/Common_Rust/Corn_Common_Rust (1263).JPG,valid,
archive/data/Common_Rust/Corn_Common_Rust (1264).jpg,valid,
archive/data/Common_Rust/Corn_Common_Rust (1265).jpg,valid,
archive/data/Common_Rust/Corn_Common_Rust (1266).jpg,valid,
archive/data/Common_Rust/Corn_Common_Rust (1267).jpg,valid,
archive/data/Common_Rust/Corn_Common_Rust (1268).jpg,valid,
archive/data/Common_Rust/Corn_Common_Rust (1269).jpg,valid,
archive/data/Common_Rust/Corn_Common_Rust (127).JPG,valid,
archive/data/Common_Rust/Corn_Common_Rust (1270).jpg,valid,
archive/data/Common_Rust/Corn_Common_Rust (1271).jpg,valid,
archive/data/Common_Rust/Corn_Common_Rust (1272).jpg,valid,
archive/data/Common_Rust/Corn_Common_Rust (1273).jpg,valid,
archive/data/Common_Rust/Corn_Common_Rust (1274).jpg,valid,
archive/data/Common_Rust/Corn_Common_Rust (1275).jpg,valid,
archive/data/Common_Rust/Corn_Common_Rust (1276).jpg,valid,
archive/data/Common_Rust/Corn_Common_Rust (1277).jpg,valid,
archive/data/Common_Rust/Corn_Common_Rust (1278).jpg,valid,
archive/data/Common_Rust/Corn_Common_Rust (1279).jpg,valid,
archive/data/Common_Rust/Corn_Common_Rust (128).JPG,valid,
archive/data/Common_Rust/Corn_Common_Rust (1280).jpg,valid,
archive/data/Common_Rust/Corn_Common_Rust (1281).jpg,valid,
archive/data/Common_Rust/Corn_Common_Rust (1282).jpg,valid,
archive/data/Common_Rust/Corn_Common_Rust (1283).jpg,valid,
archive/data/Common_Rust/Corn_Common_Rust (1284).jpg,valid,
archive/data/Common_Rust/Corn_Common_Rust (1285).jpg,valid,
archive/data/Common_Rust/Corn_Common_Rust (1286).jpg,valid,
archive/data/Common_Rust/Corn_Common_Rust (1287).jpg,valid,
archive/data/Common_Rust/Corn_Common_Rust (1288).jpg,valid,
archive/data/Common_Rust/Corn_Common_Rust (1289).jpg,valid,
archive/data/Common_Rust/Corn_Common_Rust (129).JPG,valid,
archive/data/Common_Rust/Corn_Common_Rust (1290).jpg,valid,
archive/data/Common_Rust/Corn_Common_Rust (1291).jpg,valid,
archive/data/Common_Rust/Corn_Common_Rust (1292).jpg,valid,
archive/data/Common_Rust/Corn_Common_Rust (1293).jpg,valid,
archive/data/Common_Rust/Corn_Common_Rust (1294).jpg,valid,
archive/data/Common_Rust/Corn_Common_Rust (1295).jpg,valid,
archive/data/Common_Rust/Corn_Common_Rust (1296).jpg,valid,
archive/data/Common_Rust/Corn_Common_Rust (1297).jpg,valid,
archive/data/Common_Rust/Corn_Common_Rust (1298).jpg,valid,
archive/data/Common_Rust/Corn_Common_Rust (1299).jpg,valid,
archive/data/Common_Rust/Corn_Common_Rust (13).jpg,valid,
archive/data/Common_Rust/Corn_Common_Rust (130).JPG,valid,
archive/data/Common_Rust/Corn_Common_Rust (1300).jpg,valid,
archive/data/Common_Rust/Corn_Common_Rust (1301).jpg,valid,
archive/data/Common_Rust/Corn_Common_Rust (1302).jpg,valid,
archive/data/Common_Rust/Corn_Common_Rust (1303).jpg,valid,
archive/data/Common_Rust/Corn_Common_Rust (1304).jpg,valid,
archive/data/Common_Rust/Corn_Common_Rust (1305).jpg,valid,
archive/data/Common_Rust/Corn_Common_Rust (1306).jpg,valid,
archive/data/Common_Rust/Corn_Common_Rust (131).JPG,valid,
archive/data/Common_Rust/Corn_Common_Rust (132).JPG,valid,
archive/data/Common_Rust/Corn_Common_Rust (133).JPG,valid,
archive/data/Common_Rust/Corn_Common_Rust (134).JPG,valid,
archive/data/Common_Rust/Corn_Common_Rust (135).JPG,valid,
archive/data/Common_Rust/Corn_Common_Rust (136).JPG,valid,
archive/data/Common_Rust/Corn_Common_Rust (137).JPG,valid,
archive/data/Common_Rust/Corn_Common_Rust (138).JPG,valid,
archive/data/Common_Rust/Corn_Common_Rust (139).JPG,valid,
archive/data/Common_Rust/Corn_Common_Rust (14).jpg,valid,
archive/data/Common_Rust/Corn_Common_Rust (140).JPG,valid,
archive/data/Common_Rust/Corn_Common_Rust (141).JPG,valid,
archive/data/Common_Rust/Corn_Common_Rust (142).JPG,valid,
archive/data/Common_Rust/Corn_Common_Rust (143).JPG,valid,
archive/data/Common_Rust/Corn_Common_Rust (144).JPG,valid,
archive/data/Common_Rust/Corn_Common_Rust (145).JPG,valid,
archive/data/Common_Rust/Corn_Common_Rust (146).JPG,valid,
archive/data/Common_Rust/Corn_Common_Rust (147).JPG,valid,
archive/data/Common_Rust/Corn_Common_Rust (148).JPG,valid,
archive/data/Common_Rust/Corn_Common_Rust (149).JPG,valid,
archive/data/Common_Rust/Corn_Common_Rust (15).jpg,valid,
archive/data/Common_Rust/Corn_Common_Rust (150).JPG,valid,
archive/data/Common_Rust/Corn_Common_Rust (151).JPG,valid,
archive/data/Common_Rust/Corn_Common_Rust (152).JPG,valid,
archive/data/Common_Rust/Corn_Common_Rust (153).JPG,valid,
archive/data/Common_Rust/Corn_Common_Rust (154).JPG,valid,
archive/data/Common_Rust/Corn_Common_Rust (155).JPG,valid,
archive/data/Common_Rust/Corn_Common_Rust (156).JPG,valid,
archive/data/Common_Rust/Corn_Common_Rust (157).JPG,valid,
archive/data/Common_Rust/Corn_Common_Rust (158).JPG,valid,
archive/data/Common_Rust/Corn_Common_Rust (159).JPG,valid,
archive/data/Common_Rust/Corn_Common_Rust (16).jpg,valid,
archive/data/Common_Rust/Corn_Common_Rust (160).JPG,valid,
archive/data/Common_Rust/Corn_Common_Rust (161).JPG,valid,
archive/data/Common_Rust/Corn_Common_Rust (162).JPG,valid,
archive/data/Common_Rust/Corn_Common_Rust (163).JPG,valid,
archive/data/Common_Rust/Corn_Common_Rust (164).JPG,valid,
archive/data/Common_Rust/Corn_Common_Rust (165).JPG,valid,
archive/data/Common_Rust/Corn_Common_Rust (166).JPG,valid,
archive/data/Common_Rust/Corn_Common_Rust (167).JPG,valid,
archive/data/Common_Rust/Corn_Common_Rust (168).JPG,valid,
archive/data/Common_Rust/Corn_Common_Rust (169).JPG,valid,
archive/data/Common_Rust/Corn_Common_Rust (17).jpg,valid,
archive/data/Common_Rust/Corn_Common_Rust (170).JPG,valid,
archive/data/Common_Rust/Corn_Common_Rust (171).JPG,valid,
archive/data/Common_Rust/Corn_Common_Rust (172).JPG,valid,
archive/data/Common_Rust/Corn_Common_Rust (173).JPG,valid,
archive/data/Common_Rust/Corn_Common_Rust (174).JPG,valid,
archive/data/Common_Rust/Corn_Common_Rust (175).JPG,valid,
archive/data/Common_Rust/Corn_Common_Rust (176).JPG,valid,
archive/data/Common_Rust/Corn_Common_Rust (177).JPG,valid,
archive/data/Common_Rust/Corn_Common_Rust (178).JPG,valid,
archive/data/Common_Rust/Corn_Common_Rust (179).JPG,valid,
archive/data/Common_Rust/Corn_Common_Rust (18).jpg,valid,
archive/data/Common_Rust/Corn_Common_Rust (180).JPG,valid,
archive/data/Common_Rust/Corn_Common_Rust (181).JPG,valid,
archive/data/Common_Rust/Corn_Common_Rust (182).JPG,valid,
archive/data/Common_Rust/Corn_Common_Rust (183).JPG,valid,
archive/data/Common_Rust/Corn_Common_Rust (184).JPG,valid,
archive/data/Common_Rust/Corn_Common_Rust (185).JPG,valid,
archive/data/Common_Rust/Corn_Common_Rust (186).JPG,valid,
archive/data/Common_Rust/Corn_Common_Rust (187).JPG,valid,
archive/data/Common_Rust/Corn_Common_Rust (188).JPG,valid,
archive/data/Common_Rust/Corn_Common_Rust (189).JPG,valid,
archive/data/Common_Rust/Corn_Common_Rust (19).jpg,valid,
archive/data/Common_Rust/Corn_Common_Rust (190).JPG,valid,
archive/data/Common_Rust/Corn_Common_Rust (191).JPG,valid,
archive/data/Common_Rust/Corn_Common_Rust (192).JPG,valid,
archive/data/Common_Rust/Corn_Common_Rust (193).JPG,valid,
archive/data/Common_Rust/Corn_Common_Rust (194).JPG,valid,
archive/data/Common_Rust/Corn_Common_Rust (195).JPG,valid,
archive/data/Common_Rust/Corn_Common_Rust (196).JPG,valid,
archive/data/Common_Rust/Corn_Common_Rust (197).JPG,valid,
archive/data/Common_Rust/Corn_Common_Rust (198).JPG,valid,
archive/data/Common_Rust/Corn_Common_Rust (199).JPG,valid,
archive/data/Common_Rust/Corn_Common_Rust (2).jpg,valid,
archive/data/Common_Rust/Corn_Common_Rust (20).jpg,valid,
archive/data/Common_Rust/Corn_Common_Rust (200).JPG,valid,
archive/data/Common_Rust/Corn_Common_Rust (201).JPG,valid,
archive/data/Common_Rust/Corn_Common_Rust (202).JPG,valid,
archive/data/Common_Rust/Corn_Common_Rust (203).JPG,valid,
archive/data/Common_Rust/Corn_Common_Rust (204).JPG,valid,
archive/data/Common_Rust/Corn_Common_Rust (205).JPG,valid,
archive/data/Common_Rust/Corn_Common_Rust (206).JPG,valid,
archive/data/Common_Rust/Corn_Common_Rust (207).JPG,valid,
archive/data/Common_Rust/Corn_Common_Rust (208).JPG,valid,
archive/data/Common_Rust/Corn_Common_Rust (209).JPG,valid,
archive/data/Common_Rust/Corn_Common_Rust (21).jpg,valid,
archive/data/Common_Rust/Corn_Common_Rust (210).JPG,valid,
archive/data/Common_Rust/Corn_Common_Rust (211).JPG,valid,
archive/data/Common_Rust/Corn_Common_Rust (212).JPG,valid,
archive/data/Common_Rust/Corn_Common_Rust (213).JPG,valid,
archive/data/Common_Rust/Corn_Common_Rust (214).JPG,valid,
archive/data/Common_Rust/Corn_Common_Rust (215).JPG,valid,
archive/data/Common_Rust/Corn_Common_Rust (216).JPG,valid,
archive/data/Common_Rust/Corn_Common_Rust (217).JPG,valid,
archive/data/Common_Rust/Corn_Common_Rust (218).JPG,valid,
archive/data/Common_Rust/Corn_Common_Rust (219).JPG,valid,
archive/data/Common_Rust/Corn_Common_Rust (22).jpg,valid,
archive/data/Common_Rust/Corn_Common_Rust (220).JPG,valid,
archive/data/Common_Rust/Corn_Common_Rust (221).JPG,valid,
archive/data/Common_Rust/Corn_Common_Rust (222).JPG,valid,
archive/data/Common_Rust/Corn_Common_Rust (223).JPG,valid,
archive/data/Common_Rust/Corn_Common_Rust (224).JPG,valid,
archive/data/Common_Rust/Corn_Common_Rust (225).JPG,valid,
archive/data/Common_Rust/Corn_Common_Rust (226).JPG,valid,
archive/data/Common_Rust/Corn_Common_Rust (227).JPG,valid,
archive/data/Common_Rust/Corn_Common_Rust (228).JPG,valid,
archive/data/Common_Rust/Corn_Common_Rust (229).JPG,valid,
archive/data/Common_Rust/Corn_Common_Rust (23).jpg,valid,
archive/data/Common_Rust/Corn_Common_Rust (230).JPG,valid,
archive/data/Common_Rust/Corn_Common_Rust (231).JPG,valid,
archive/data/Common_Rust/Corn_Common_Rust (232).JPG,valid,
archive/data/Common_Rust/Corn_Common_Rust (233).JPG,valid,
archive/data/Common_Rust/Corn_Common_Rust (234).JPG,valid,
archive/data/Common_Rust/Corn_Common_Rust (235).JPG,valid,
archive/data/Common_Rust/Corn_Common_Rust (236).JPG,valid,
archive/data/Common_Rust/Corn_Common_Rust (237).JPG,valid,
archive/data/Common_Rust/Corn_Common_Rust (238).JPG,valid,
archive/data/Common_Rust/Corn_Common_Rust (239).JPG,valid,
archive/data/Common_Rust/Corn_Common_Rust (24).jpg,valid,
archive/data/Common_Rust/Corn_Common_Rust (240).JPG,valid,
archive/data/Common_Rust/Corn_Common_Rust (241).JPG,valid,
archive/data/Common_Rust/Corn_Common_Rust (242).JPG,valid,
archive/data/Common_Rust/Corn_Common_Rust (243).JPG,valid,
archive/data/Common_Rust/Corn_Common_Rust (244).JPG,valid,
archive/data/Common_Rust/Corn_Common_Rust (245).JPG,valid,
archive/data/Common_Rust/Corn_Common_Rust (246).JPG,valid,
archive/data/Common_Rust/Corn_Common_Rust (247).JPG,valid,
archive/data/Common_Rust/Corn_Common_Rust (248).JPG,valid,
archive/data/Common_Rust/Corn_Common_Rust (249).JPG,valid,
archive/data/Common_Rust/Corn_Common_Rust (25).jpg,valid,
archive/data/Common_Rust/Corn_Common_Rust (250).JPG,valid,
archive/data/Common_Rust/Corn_Common_Rust (251).JPG,valid,
archive/data/Common_Rust/Corn_Common_Rust (252).JPG,valid,
archive/data/Common_Rust/Corn_Common_Rust (253).JPG,valid,
archive/data/Common_Rust/Corn_Common_Rust (254).JPG,valid,
archive/data/Common_Rust/Corn_Common_Rust (255).JPG,valid,
archive/data/Common_Rust/Corn_Common_Rust (256).JPG,valid,
archive/data/Common_Rust/Corn_Common_Rust (257).JPG,valid,
archive/data/Common_Rust/Corn_Common_Rust (258).JPG,valid,
archive/data/Common_Rust/Corn_Common_Rust (259).JPG,valid,
archive/data/Common_Rust/Corn_Common_Rust (26).jpg,valid,
archive/data/Common_Rust/Corn_Common_Rust (260).JPG,valid,
archive/data/Common_Rust/Corn_Common_Rust (261).JPG,valid,
archive/data/Common_Rust/Corn_Common_Rust (262).JPG,valid,
archive/data/Common_Rust/Corn_Common_Rust (263).JPG,valid,
archive/data/Common_Rust/Corn_Common_Rust (264).JPG,valid,
archive/data/Common_Rust/Corn_Common_Rust (265).JPG,valid,
archive/data/Common_Rust/Corn_Common_Rust (266).JPG,valid,
archive/data/Common_Rust/Corn_Common_Rust (267).JPG,valid,
archive/data/Common_Rust/Corn_Common_Rust (268).JPG,valid,
archive/data/Common_Rust/Corn_Common_Rust (269).JPG,valid,
archive/data/Common_Rust/Corn_Common_Rust (27).jpg,valid,
archive/data/Common_Rust/Corn_Common_Rust (270).JPG,valid,
archive/data/Common_Rust/Corn_Common_Rust (271).JPG,valid,
archive/data/Common_Rust/Corn_Common_Rust (272).JPG,valid,
archive/data/Common_Rust/Corn_Common_Rust (273).JPG,valid,
archive/data/Common_Rust/Corn_Common_Rust (274).JPG,valid,
archive/data/Common_Rust/Corn_Common_Rust (275).JPG,valid,
archive/data/Common_Rust/Corn_Common_Rust (276).JPG,valid,
archive/data/Common_Rust/Corn_Common_Rust (277).JPG,valid,
archive/data/Common_Rust/Corn_Common_Rust (278).JPG,valid,
archive/data/Common_Rust/Corn_Common_Rust (279).JPG,valid,
archive/data/Common_Rust/Corn_Common_Rust (28).jpg,valid,
archive/data/Common_Rust/Corn_Common_Rust (280).JPG,valid,
archive/data/Common_Rust/Corn_Common_Rust (281).JPG,valid,
archive/data/Common_Rust/Corn_Common_Rust (282).JPG,valid,
archive/data/Common_Rust/Corn_Common_Rust (283).JPG,valid,
archive/data/Common_Rust/Corn_Common_Rust (284).JPG,valid,
archive/data/Common_Rust/Corn_Common_Rust (285).JPG,valid,
archive/data/Common_Rust/Corn_Common_Rust (286).JPG,valid,
archive/data/Common_Rust/Corn_Common_Rust (287).JPG,valid,
archive/data/Common_Rust/Corn_Common_Rust (288).JPG,valid,
archive/data/Common_Rust/Corn_Common_Rust (289).JPG,valid,
archive/data/Common_Rust/Corn_Common_Rust (29).jpg,valid,
archive/data/Common_Rust/Corn_Common_Rust (290).JPG,valid,
archive/data/Common_Rust/Corn_Common_Rust (291).JPG,valid,
archive/data/Common_Rust/Corn_Common_Rust (292).JPG,valid,
archive/data/Common_Rust/Corn_Common_Rust (293).JPG,valid,
archive/data/Common_Rust/Corn_Common_Rust (294).JPG,valid,
archive/data/Common_Rust/Corn_Common_Rust (295).JPG,valid,
archive/data/Common_Rust/Corn_Common_Rust (296).JPG,valid,
archive/data/Common_Rust/Corn_Common_Rust (297).JPG,valid,
archive/data/Common_Rust/Corn_Common_Rust (298).JPG,valid,
archive/data/Common_Rust/Corn_Common_Rust (299).JPG,valid,
archive/data/Common_Rust/Corn_Common_Rust (3).jpg,valid,
archive/data/Common_Rust/Corn_Common_Rust (30).jpg,valid,
archive/data/Common_Rust/Corn_Common_Rust (300).JPG,valid,
archive/data/Common_Rust/Corn_Common_Rust (301).JPG,valid,
archive/data/Common_Rust/Corn_Common_Rust (302).JPG,valid,
archive/data/Common_Rust/Corn_Common_Rust (303).JPG,valid,
archive/data/Common_Rust/Corn_Common_Rust (304).JPG,valid,
archive/data/Common_Rust/Corn_Common_Rust (305).JPG,valid,
archive/data/Common_Rust/Corn_Common_Rust (306).JPG,valid,
archive/data/Common_Rust/Corn_Common_Rust (307).JPG,valid,
archive/data/Common_Rust/Corn_Common_Rust (308).JPG,valid,
archive/data/Common_Rust/Corn_Common_Rust (309).JPG,valid,
archive/data/Common_Rust/Corn_Common_Rust (31).jpg,valid,
archive/data/Common_Rust/Corn_Common_Rust (310).JPG,valid,
archive/data/Common_Rust/Corn_Common_Rust (311).JPG,valid,
archive/data/Common_Rust/Corn_Common_Rust (312).JPG,valid,
archive/data/Common_Rust/Corn_Common_Rust (313).JPG,valid,
archive/data/Common_Rust/Corn_Common_Rust (314).JPG,valid,
archive/data/Common_Rust/Corn_Common_Rust (315).JPG,valid,
archive/data/Common_Rust/Corn_Common_Rust (316).JPG,valid,
archive/data/Common_Rust/Corn_Common_Rust (317).JPG,valid,
archive/data/Common_Rust/Corn_Common_Rust (318).JPG,valid,
archive/data/Common_Rust/Corn_Common_Rust (319).JPG,valid,
archive/data/Common_Rust/Corn_Common_Rust (32).jpg,valid,
archive/data/Common_Rust/Corn_Common_Rust (320).JPG,valid,
archive/data/Common_Rust/Corn_Common_Rust (321).JPG,valid,
archive/data/Common_Rust/Corn_Common_Rust (322).JPG,valid,
archive/data/Common_Rust/Corn_Common_Rust (323).JPG,valid,
archive/data/Common_Rust/Corn_Common_Rust (324).JPG,valid,
archive/data/Common_Rust/Corn_Common_Rust (325).JPG,valid,
archive/data/Common_Rust/Corn_Common_Rust (326).JPG,valid,
archive/data/Common_Rust/Corn_Common_Rust (327).JPG,valid,
archive/data/Common_Rust/Corn_Common_Rust (328).JPG,valid,
archive/data/Common_Rust/Corn_Common_Rust (329).JPG,valid,
archive/data/Common_Rust/Corn_Common_Rust (33).jpg,valid,
archive/data/Common_Rust/Corn_Common_Rust (330).JPG,valid,
archive/data/Common_Rust/Corn_Common_Rust (331).JPG,valid,
archive/data/Common_Rust/Corn_Common_Rust (332).JPG,valid,
archive/data/Common_Rust/Corn_Common_Rust (333).JPG,valid,
archive/data/Common_Rust/Corn_Common_Rust (334).JPG,valid,
archive/data/Common_Rust/Corn_Common_Rust (335).JPG,valid,
archive/data/Common_Rust/Corn_Common_Rust (336).JPG,valid,
archive/data/Common_Rust/Corn_Common_Rust (337).JPG,valid,
archive/data/Common_Rust/Corn_Common_Rust (338).JPG,valid,
archive/data/Common_Rust/Corn_Common_Rust (339).JPG,valid,
archive/data/Common_Rust/Corn_Common_Rust (34).jpg,valid,
archive/data/Common_Rust/Corn_Common_Rust (340).JPG,valid,
archive/data/Common_Rust/Corn_Common_Rust (341).JPG,valid,
archive/data/Common_Rust/Corn_Common_Rust (342).JPG,valid,
archive/data/Common_Rust/Corn_Common_Rust (343).JPG,valid,
archive/data/Common_Rust/Corn_Common_Rust (344).JPG,valid,
archive/data/Common_Rust/Corn_Common_Rust (345).JPG,valid,
archive/data/Common_Rust/Corn_Common_Rust (346).JPG,valid,
archive/data/Common_Rust/Corn_Common_Rust (347).JPG,valid,
archive/data/Common_Rust/Corn_Common_Rust (348).JPG,valid,
archive/data/Common_Rust/Corn_Common_Rust (349).JPG,valid,
archive/data/Common_Rust/Corn_Common_Rust (35).jpg,valid,
archive/data/Common_Rust/Corn_Common_Rust (350).JPG,valid,
archive/data/Common_Rust/Corn_Common_Rust (351).JPG,valid,
archive/data/Common_Rust/Corn_Common_Rust (352).JPG,valid,
archive/data/Common_Rust/Corn_Common_Rust (353).JPG,valid,
archive/data/Common_Rust/Corn_Common_Rust (354).JPG,valid,
archive/data/Common_Rust/Corn_Common_Rust (355).JPG,valid,
archive/data/Common_Rust/Corn_Common_Rust (356).JPG,valid,
archive/data/Common_Rust/Corn_Common_Rust (357).JPG,valid,
archive/data/Common_Rust/Corn_Common_Rust (358).JPG,valid,
archive/data/Common_Rust/Corn_Common_Rust (359).JPG,valid,
archive/data/Common_Rust/Corn_Common_Rust (36).jpg,valid,
archive/data/Common_Rust/Corn_Common_Rust (360).JPG,valid,
archive/data/Common_Rust/Corn_Common_Rust (361).JPG,valid,
archive/data/Common_Rust/Corn_Common_Rust (362).JPG,valid,
archive/data/Common_Rust/Corn_Common_Rust (363).JPG,valid,
archive/data/Common_Rust/Corn_Common_Rust (364).JPG,valid,
archive/data/Common_Rust/Corn_Common_Rust (365).JPG,valid,
archive/data/Common_Rust/Corn_Common_Rust (366).JPG,valid,
archive/data/Common_Rust/Corn_Common_Rust (367).JPG,valid,
archive/data/Common_Rust/Corn_Common_Rust (368).JPG,valid,
archive/data/Common_Rust/Corn_Common_Rust (369).JPG,valid,
archive/data/Common_Rust/Corn_Common_Rust (37).jpg,valid,
archive/data/Common_Rust/Corn_Common_Rust (370).JPG,valid,
archive/data/Common_Rust/Corn_Common_Rust (371).JPG,valid,
archive/data/Common_Rust/Corn_Common_Rust (372).JPG,valid,
archive/data/Common_Rust/Corn_Common_Rust (373).JPG,valid,
archive/data/Common_Rust/Corn_Common_Rust (374).JPG,valid,
archive/data/Common_Rust/Corn_Common_Rust (375).JPG,valid,
archive/data/Common_Rust/Corn_Common_Rust (376).JPG,valid,
archive/data/Common_Rust/Corn_Common_Rust (377).JPG,valid,
archive/data/Common_Rust/Corn_Common_Rust (378).JPG,valid,
archive/data/Common_Rust/Corn_Common_Rust (379).JPG,valid,
archive/data/Common_Rust/Corn_Common_Rust (38).jpg,valid,
archive/data/Common_Rust/Corn_Common_Rust (380).JPG,valid,
archive/data/Common_Rust/Corn_Common_Rust (381).JPG,valid,
archive/data/Common_Rust/Corn_Common_Rust (382).JPG,valid,
archive/data/Common_Rust/Corn_Common_Rust (383).JPG,valid,
archive/data/Common_Rust/Corn_Common_Rust (384).JPG,valid,
archive/data/Common_Rust/Corn_Common_Rust (385).JPG,valid,
archive/data/Common_Rust/Corn_Common_Rust (386).JPG,valid,
archive/data/Common_Rust/Corn_Common_Rust (387).JPG,valid,
archive/data/Common_Rust/Corn_Common_Rust (388).JPG,valid,
archive/data/Common_Rust/Corn_Common_Rust (389).JPG,valid,
archive/data/Common_Rust/Corn_Common_Rust (39).jpg,valid,
archive/data/Common_Rust/Corn_Common_Rust (390).JPG,valid,
archive/data/Common_Rust/Corn_Common_Rust (391).JPG,valid,
archive/data/Common_Rust/Corn_Common_Rust (392).JPG,valid,
archive/data/Common_Rust/Corn_Common_Rust (393).JPG,valid,
archive/data/Common_Rust/Corn_Common_Rust (394).JPG,valid,
archive/data/Common_Rust/Corn_Common_Rust (395).JPG,valid,
archive/data/Common_Rust/Corn_Common_Rust (396).JPG,valid,
archive/data/Common_Rust/Corn_Common_Rust (397).JPG,valid,
archive/data/Common_Rust/Corn_Common_Rust (398).JPG,valid,
archive/data/Common_Rust/Corn_Common_Rust (399).JPG,valid,
archive/data/Common_Rust/Corn_Common_Rust (4).jpg,valid,
archive/data/Common_Rust/Corn_Common_Rust (40).jpg,valid,
archive/data/Common_Rust/Corn_Common_Rust (400).JPG,valid,
archive/data/Common_Rust/Corn_Common_Rust (401).JPG,valid,
archive/data/Common_Rust/Corn_Common_Rust (402).JPG,valid,
archive/data/Common_Rust/Corn_Common_Rust (403).JPG,valid,
archive/data/Common_Rust/Corn_Common_Rust (404).JPG,valid,
archive/data/Common_Rust/Corn_Common_Rust (405).JPG,valid,
archive/data/Common_Rust/Corn_Common_Rust (406).JPG,valid,
archive/data/Common_Rust/Corn_Common_Rust (407).JPG,valid,
archive/data/Common_Rust/Corn_Common_Rust (408).JPG,valid,
archive/data/Common_Rust/Corn_Common_Rust (409).JPG,valid,
archive/data/Common_Rust/Corn_Common_Rust (41).jpg,valid,
archive/data/Common_Rust/Corn_Common_Rust (410).JPG,valid,
archive/data/Common_Rust/Corn_Common_Rust (411).JPG,valid,
archive/data/Common_Rust/Corn_Common_Rust (412).JPG,valid,
archive/data/Common_Rust/Corn_Common_Rust (413).JPG,valid,
archive/data/Common_Rust/Corn_Common_Rust (414).JPG,valid,
archive/data/Common_Rust/Corn_Common_Rust (415).JPG,valid,
archive/data/Common_Rust/Corn_Common_Rust (416).JPG,valid,
archive/data/Common_Rust/Corn_Common_Rust (417).JPG,valid,
archive/data/Common_Rust/Corn_Common_Rust (418).JPG,valid,
archive/data/Common_Rust/Corn_Common_Rust (419).JPG,valid,
archive/data/Common_Rust/Corn_Common_Rust (42).jpg,valid,
archive/data/Common_Rust/Corn_Common_Rust (420).JPG,valid,
archive/data/Common_Rust/Corn_Common_Rust (421).JPG,valid,
archive/data/Common_Rust/Corn_Common_Rust (422).JPG,valid,
archive/data/Common_Rust/Corn_Common_Rust (423).JPG,valid,
archive/data/Common_Rust/Corn_Common_Rust (424).JPG,valid,
archive/data/Common_Rust/Corn_Common_Rust (425).JPG,valid,
archive/data/Common_Rust/Corn_Common_Rust (426).JPG,valid,
archive/data/Common_Rust/Corn_Common_Rust (427).JPG,valid,
archive/data/Common_Rust/Corn_Common_Rust (428).JPG,valid,
archive/data/Common_Rust/Corn_Common_Rust (429).JPG,valid,
archive/data/Common_Rust/Corn_Common_Rust (43).jpg,valid,
archive/data/Common_Rust/Corn_Common_Rust (430).JPG,valid,
archive/data/Common_Rust/Corn_Common_Rust (431).JPG,valid,
archive/data/Common_Rust/Corn_Common_Rust (432).JPG,valid,
archive/data/Common_Rust/Corn_Common_Rust (433).JPG,valid,
archive/data/Common_Rust/Corn_Common_Rust (434).JPG,valid,
archive/data/Common_Rust/Corn_Common_Rust (435).JPG,valid,
archive/data/Common_Rust/Corn_Common_Rust (436).JPG,valid,
archive/data/Common_Rust/Corn_Common_Rust (437).JPG,valid,
archive/data/Common_Rust/Corn_Common_Rust (438).JPG,valid,
archive/data/Common_Rust/Corn_Common_Rust (439).JPG,valid,
archive/data/Common_Rust/Corn_Common_Rust (44).jpg,valid,
archive/data/Common_Rust/Corn_Common_Rust (440).JPG,valid,
archive/data/Common_Rust/Corn_Common_Rust (441).JPG,valid,
archive/data/Common_Rust/Corn_Common_Rust (442).JPG,valid,
archive/data/Common_Rust/Corn_Common_Rust (443).JPG,valid,
archive/data/Common_Rust/Corn_Common_Rust (444).JPG,valid,
archive/data/Common_Rust/Corn_Common_Rust (445).JPG,valid,
archive/data/Common_Rust/Corn_Common_Rust (446).JPG,valid,
archive/data/Common_Rust/Corn_Common_Rust (447).JPG,valid,
archive/data/Common_Rust/Corn_Common_Rust (448).JPG,valid,
archive/data/Common_Rust/Corn_Common_Rust (449).JPG,valid,
archive/data/Common_Rust/Corn_Common_Rust (45).jpg,valid,
archive/data/Common_Rust/Corn_Common_Rust (450).JPG,valid,
archive/data/Common_Rust/Corn_Common_Rust (451).JPG,valid,
archive/data/Common_Rust/Corn_Common_Rust (452).JPG,valid,
archive/data/Common_Rust/Corn_Common_Rust (453).JPG,valid,
archive/data/Common_Rust/Corn_Common_Rust (454).JPG,valid,
archive/data/Common_Rust/Corn_Common_Rust (455).JPG,valid,
archive/data/Common_Rust/Corn_Common_Rust (456).JPG,valid,
archive/data/Common_Rust/Corn_Common_Rust (457).JPG,valid,
archive/data/Common_Rust/Corn_Common_Rust (458).JPG,valid,
archive/data/Common_Rust/Corn_Common_Rust (459).JPG,valid,
archive/data/Common_Rust/Corn_Common_Rust (46).jpg,valid,
archive/data/Common_Rust/Corn_Common_Rust (460).JPG,valid,
archive/data/Common_Rust/Corn_Common_Rust (461).JPG,valid,
archive/data/Common_Rust/Corn_Common_Rust (462).JPG,valid,
archive/data/Common_Rust/Corn_Common_Rust (463).JPG,valid,
archive/data/Common_Rust/Corn_Common_Rust (464).JPG,valid,
archive/data/Common_Rust/Corn_Common_Rust (465).JPG,valid,
archive/data/Common_Rust/Corn_Common_Rust (466).JPG,valid,
archive/data/Common_Rust/Corn_Common_Rust (467).JPG,valid,
archive/data/Common_Rust/Corn_Common_Rust (468).JPG,valid,
archive/data/Common_Rust/Corn_Common_Rust (469).JPG,valid,
archive/data/Common_Rust/Corn_Common_Rust (47).jpg,valid,
archive/data/Common_Rust/Corn_Common_Rust (470).JPG,valid,
archive/data/Common_Rust/Corn_Common_Rust (471).JPG,valid,
archive/data/Common_Rust/Corn_Common_Rust (472).JPG,valid,
archive/data/Common_Rust/Corn_Common_Rust (473).JPG,valid,
archive/data/Common_Rust/Corn_Common_Rust (474).JPG,valid,
archive/data/Common_Rust/Corn_Common_Rust (475).JPG,valid,
archive/data/Common_Rust/Corn_Common_Rust (476).JPG,valid,
archive/data/Common_Rust/Corn_Common_Rust (477).JPG,valid,
archive/data/Common_Rust/Corn_Common_Rust (478).JPG,valid,
archive/data/Common_Rust/Corn_Common_Rust (479).JPG,valid,
archive/data/Common_Rust/Corn_Common_Rust (48).jpg,valid,
archive/data/Common_Rust/Corn_Common_Rust (480).JPG,valid,
archive/data/Common_Rust/Corn_Common_Rust (481).JPG,valid,
archive/data/Common_Rust/Corn_Common_Rust (482).JPG,valid,
archive/data/Common_Rust/Corn_Common_Rust (483).JPG,valid,
archive/data/Common_Rust/Corn_Common_Rust (484).JPG,valid,
archive/data/Common_Rust/Corn_Common_Rust (485).JPG,valid,
archive/data/Common_Rust/Corn_Common_Rust (486).JPG,valid,
archive/data/Common_Rust/Corn_Common_Rust (487).JPG,valid,
archive/data/Common_Rust/Corn_Common_Rust (488).JPG,valid,
archive/data/Common_Rust/Corn_Common_Rust (489).JPG,valid,
archive/data/Common_Rust/Corn_Common_Rust (49).jpg,valid,
archive/data/Common_Rust/Corn_Common_Rust (490).JPG,valid,
archive/data/Common_Rust/Corn_Common_Rust (491).JPG,valid,
archive/data/Common_Rust/Corn_Common_Rust (492).JPG,valid,
archive/data/Common_Rust/Corn_Common_Rust (493).JPG,valid,
archive/data/Common_Rust/Corn_Common_Rust (494).JPG,valid,
archive/data/Common_Rust/Corn_Common_Rust (495).JPG,valid,
archive/data/Common_Rust/Corn_Common_Rust (496).JPG,valid,
archive/data/Common_Rust/Corn_Common_Rust (497).JPG,valid,
archive/data/Common_Rust/Corn_Common_Rust (498).JPG,valid,
archive/data/Common_Rust/Corn_Common_Rust (499).JPG,valid,
archive/data/Common_Rust/Corn_Common_Rust (5).jpg,valid,
archive/data/Common_Rust/Corn_Common_Rust (50).jpg,valid,
archive/data/Common_Rust/Corn_Common_Rust (500).JPG,valid,
archive/data/Common_Rust/Corn_Common_Rust (501).JPG,valid,
archive/data/Common_Rust/Corn_Common_Rust (502).JPG,valid,
archive/data/Common_Rust/Corn_Common_Rust (503).JPG,valid,
archive/data/Common_Rust/Corn_Common_Rust (504).JPG,valid,
archive/data/Common_Rust/Corn_Common_Rust (505).JPG,valid,
archive/data/Common_Rust/Corn_Common_Rust (506).JPG,valid,
archive/data/Common_Rust/Corn_Common_Rust (507).JPG,valid,
archive/data/Common_Rust/Corn_Common_Rust (508).JPG,valid,
archive/data/Common_Rust/Corn_Common_Rust (509).JPG,valid,
archive/data/Common_Rust/Corn_Common_Rust (51).jpg,valid,
archive/data/Common_Rust/Corn_Common_Rust (510).JPG,valid,
archive/data/Common_Rust/Corn_Common_Rust (511).JPG,valid,
archive/data/Common_Rust/Corn_Common_Rust (512).JPG,valid,
archive/data/Common_Rust/Corn_Common_Rust (513).JPG,valid,
archive/data/Common_Rust/Corn_Common_Rust (514).JPG,valid,
archive/data/Common_Rust/Corn_Common_Rust (515).JPG,valid,
archive/data/Common_Rust/Corn_Common_Rust (516).JPG,valid,
archive/data/Common_Rust/Corn_Common_Rust (517).JPG,valid,
archive/data/Common_Rust/Corn_Common_Rust (518).JPG,valid,
archive/data/Common_Rust/Corn_Common_Rust (519).JPG,valid,
archive/data/Common_Rust/Corn_Common_Rust (52).jpg,valid,
archive/data/Common_Rust/Corn_Common_Rust (520).JPG,valid,
archive/data/Common_Rust/Corn_Common_Rust (521).JPG,valid,
archive/data/Common_Rust/Corn_Common_Rust (522).JPG,valid,
archive/data/Common_Rust/Corn_Common_Rust (523).JPG,valid,
archive/data/Common_Rust/Corn_Common_Rust (524).JPG,valid,
archive/data/Common_Rust/Corn_Common_Rust (525).JPG,valid,
archive/data/Common_Rust/Corn_Common_Rust (526).JPG,valid,
archive/data/Common_Rust/Corn_Common_Rust (527).JPG,valid,
archive/data/Common_Rust/Corn_Common_Rust (528).JPG,valid,
archive/data/Common_Rust/Corn_Common_Rust (529).JPG,valid,
archive/data/Common_Rust/Corn_Common_Rust (53).jpg,valid,
archive/data/Common_Rust/Corn_Common_Rust (530).JPG,valid,
archive/data/Common_Rust/Corn_Common_Rust (531).JPG,valid,
archive/data/Common_Rust/Corn_Common_Rust (532).JPG,valid,
archive/data/Common_Rust/Corn_Common_Rust (533).JPG,valid,
archive/data/Common_Rust/Corn_Common_Rust (534).JPG,valid,
archive/data/Common_Rust/Corn_Common_Rust (535).JPG,valid,
archive/data/Common_Rust/Corn_Common_Rust (536).JPG,valid,
archive/data/Common_Rust/Corn_Common_Rust (537).JPG,valid,
archive/data/Common_Rust/Corn_Common_Rust (538).JPG,valid,
archive/data/Common_Rust/Corn_Common_Rust (539).JPG,valid,
archive/data/Common_Rust/Corn_Common_Rust (54).jpg,valid,
archive/data/Common_Rust/Corn_Common_Rust (540).JPG,valid,
archive/data/Common_Rust/Corn_Common_Rust (541).JPG,valid,
archive/data/Common_Rust/Corn_Common_Rust (542).JPG,valid,
archive/data/Common_Rust/Corn_Common_Rust (543).JPG,valid,
archive/data/Common_Rust/Corn_Common_Rust (544).JPG,valid,
archive/data/Common_Rust/Corn_Common_Rust (545).JPG,valid,
archive/data/Common_Rust/Corn_Common_Rust (546).JPG,valid,
archive/data/Common_Rust/Corn_Common_Rust (547).JPG,valid,
archive/data/Common_Rust/Corn_Common_Rust (548).JPG,valid,
archive/data/Common_Rust/Corn_Common_Rust (549).JPG,valid,
archive/data/Common_Rust/Corn_Common_Rust (55).jpg,valid,
archive/data/Common_Rust/Corn_Common_Rust (550).JPG,valid,
archive/data/Common_Rust/Corn_Common_Rust (551).JPG,valid,
archive/data/Common_Rust/Corn_Common_Rust (552).JPG,valid,
archive/data/Common_Rust/Corn_Common_Rust (553).JPG,valid,
archive/data/Common_Rust/Corn_Common_Rust (554).JPG,valid,
archive/data/Common_Rust/Corn_Common_Rust (555).JPG,valid,
archive/data/Common_Rust/Corn_Common_Rust (556).JPG,valid,
archive/data/Common_Rust/Corn_Common_Rust (557).JPG,valid,
archive/data/Common_Rust/Corn_Common_Rust (558).JPG,valid,
archive/data/Common_Rust/Corn_Common_Rust (559).JPG,valid,
archive/data/Common_Rust/Corn_Common_Rust (56).jpg,valid,
archive/data/Common_Rust/Corn_Common_Rust (560).JPG,valid,
archive/data/Common_Rust/Corn_Common_Rust (561).JPG,valid,
archive/data/Common_Rust/Corn_Common_Rust (562).JPG,valid,
archive/data/Common_Rust/Corn_Common_Rust (563).JPG,valid,
archive/data/Common_Rust/Corn_Common_Rust (564).JPG,valid,
archive/data/Common_Rust/Corn_Common_Rust (565).JPG,valid,
archive/data/Common_Rust/Corn_Common_Rust (566).JPG,valid,
archive/data/Common_Rust/Corn_Common_Rust (567).JPG,valid,
archive/data/Common_Rust/Corn_Common_Rust (568).JPG,valid,
archive/data/Common_Rust/Corn_Common_Rust (569).JPG,valid,
archive/data/Common_Rust/Corn_Common_Rust (57).jpg,valid,
archive/data/Common_Rust/Corn_Common_Rust (570).JPG,valid,
archive/data/Common_Rust/Corn_Common_Rust (571).JPG,valid,
archive/data/Common_Rust/Corn_Common_Rust (572).JPG,valid,
archive/data/Common_Rust/Corn_Common_Rust (573).JPG,valid,
archive/data/Common_Rust/Corn_Common_Rust (574).JPG,valid,
archive/data/Common_Rust/Corn_Common_Rust (575).JPG,valid,
archive/data/Common_Rust/Corn_Common_Rust (576).JPG,valid,
archive/data/Common_Rust/Corn_Common_Rust (577).JPG,valid,
archive/data/Common_Rust/Corn_Common_Rust (578).JPG,valid,
archive/data/Common_Rust/Corn_Common_Rust (579).JPG,valid,
archive/data/Common_Rust/Corn_Common_Rust (58).jpg,valid,
archive/data/Common_Rust/Corn_Common_Rust (580).JPG,valid,
archive/data/Common_Rust/Corn_Common_Rust (581).JPG,valid,
archive/data/Common_Rust/Corn_Common_Rust (582).JPG,valid,
archive/data/Common_Rust/Corn_Common_Rust (583).JPG,valid,
archive/data/Common_Rust/Corn_Common_Rust (584).JPG,valid,
archive/data/Common_Rust/Corn_Common_Rust (585).JPG,valid,
archive/data/Common_Rust/Corn_Common_Rust (586).JPG,valid,
archive/data/Common_Rust/Corn_Common_Rust (587).JPG,valid,
archive/data/Common_Rust/Corn_Common_Rust (588).JPG,valid,
archive/data/Common_Rust/Corn_Common_Rust (589).JPG,valid,
archive/data/Common_Rust/Corn_Common_Rust (59).jpg,valid,
archive/data/Common_Rust/Corn_Common_Rust (590).JPG,valid,
archive/data/Common_Rust/Corn_Common_Rust (591).JPG,valid,
archive/data/Common_Rust/Corn_Common_Rust (592).JPG,valid,
archive/data/Common_Rust/Corn_Common_Rust (593).JPG,valid,
archive/data/Common_Rust/Corn_Common_Rust (594).JPG,valid,
archive/data/Common_Rust/Corn_Common_Rust (595).JPG,valid,
archive/data/Common_Rust/Corn_Common_Rust (596).JPG,valid,
archive/data/Common_Rust/Corn_Common_Rust (597).JPG,valid,
archive/data/Common_Rust/Corn_Common_Rust (598).JPG,valid,
archive/data/Common_Rust/Corn_Common_Rust (599).JPG,valid,
archive/data/Common_Rust/Corn_Common_Rust (6).jpg,valid,
archive/data/Common_Rust/Corn_Common_Rust (60).jpg,valid,
archive/data/Common_Rust/Corn_Common_Rust (600).JPG,valid,
archive/data/Common_Rust/Corn_Common_Rust (601).JPG,valid,
archive/data/Common_Rust/Corn_Common_Rust (602).JPG,valid,
archive/data/Common_Rust/Corn_Common_Rust (603).JPG,valid,
archive/data/Common_Rust/Corn_Common_Rust (604).JPG,valid,
archive/data/Common_Rust/Corn_Common_Rust (605).JPG,valid,
archive/data/Common_Rust/Corn_Common_Rust (606).JPG,valid,
archive/data/Common_Rust/Corn_Common_Rust (607).JPG,valid,
archive/data/Common_Rust/Corn_Common_Rust (608).JPG,valid,
archive/data/Common_Rust/Corn_Common_Rust (609).JPG,valid,
archive/data/Common_Rust/Corn_Common_Rust (61).jpg,valid,
archive/data/Common_Rust/Corn_Common_Rust (610).JPG,valid,
archive/data/Common_Rust/Corn_Common_Rust (611).JPG,valid,
archive/data/Common_Rust/Corn_Common_Rust (612).JPG,valid,
archive/data/Common_Rust/Corn_Common_Rust (613).JPG,valid,
archive/data/Common_Rust/Corn_Common_Rust (614).JPG,valid,
archive/data/Common_Rust/Corn_Common_Rust (615).JPG,valid,
archive/data/Common_Rust/Corn_Common_Rust (616).JPG,valid,
archive/data/Common_Rust/Corn_Common_Rust (617).JPG,valid,
archive/data/Common_Rust/Corn_Common_Rust (618).JPG,valid,
archive/data/Common_Rust/Corn_Common_Rust (619).JPG,valid,
archive/data/Common_Rust/Corn_Common_Rust (62).jpg,valid,
archive/data/Common_Rust/Corn_Common_Rust (620).JPG,valid,
archive/data/Common_Rust/Corn_Common_Rust (621).JPG,valid,
archive/data/Common_Rust/Corn_Common_Rust (622).JPG,valid,
archive/data/Common_Rust/Corn_Common_Rust (623).JPG,valid,
archive/data/Common_Rust/Corn_Common_Rust (624).JPG,valid,
archive/data/Common_Rust/Corn_Common_Rust (625).JPG,valid,
archive/data/Common_Rust/Corn_Common_Rust (626).JPG,valid,
archive/data/Common_Rust/Corn_Common_Rust (627).JPG,valid,
archive/data/Common_Rust/Corn_Common_Rust (628).JPG,valid,
archive/data/Common_Rust/Corn_Common_Rust (629).JPG,valid,
archive/data/Common_Rust/Corn_Common_Rust (63).jpg,valid,
archive/data/Common_Rust/Corn_Common_Rust (630).JPG,valid,
archive/data/Common_Rust/Corn_Common_Rust (631).JPG,valid,
archive/data/Common_Rust/Corn_Common_Rust (632).JPG,valid,
archive/data/Common_Rust/Corn_Common_Rust (633).JPG,valid,
archive/data/Common_Rust/Corn_Common_Rust (634).JPG,valid,
archive/data/Common_Rust/Corn_Common_Rust (635).JPG,valid,
archive/data/Common_Rust/Corn_Common_Rust (636).JPG,valid,
archive/data/Common_Rust/Corn_Common_Rust (637).JPG,valid,
archive/data/Common_Rust/Corn_Common_Rust (638).JPG,valid,
archive/data/Common_Rust/Corn_Common_Rust (639).JPG,valid,
archive/data/Common_Rust/Corn_Common_Rust (64).jpg,valid,
archive/data/Common_Rust/Corn_Common_Rust (640).JPG,valid,
archive/data/Common_Rust/Corn_Common_Rust (641).JPG,valid,
archive/data/Common_Rust/Corn_Common_Rust (642).JPG,valid,
archive/data/Common_Rust/Corn_Common_Rust (643).JPG,valid,
archive/data/Common_Rust/Corn_Common_Rust (644).JPG,valid,
archive/data/Common_Rust/Corn_Common_Rust (645).JPG,valid,
archive/data/Common_Rust/Corn_Common_Rust (646).JPG,valid,
archive/data/Common_Rust/Corn_Common_Rust (647).JPG,valid,
archive/data/Common_Rust/Corn_Common_Rust (648).JPG,valid,
archive/data/Common_Rust/Corn_Common_Rust (649).JPG,valid,
archive/data/Common_Rust/Corn_Common_Rust (65).jpg,valid,
archive/data/Common_Rust/Corn_Common_Rust (650).JPG,valid,
archive/data/Common_Rust/Corn_Common_Rust (651).JPG,valid,
archive/data/Common_Rust/Corn_Common_Rust (652).JPG,valid,
archive/data/Common_Rust/Corn_Common_Rust (653).JPG,valid,
archive/data/Common_Rust/Corn_Common_Rust (654).JPG,valid,
archive/data/Common_Rust/Corn_Common_Rust (655).JPG,valid,
archive/data/Common_Rust/Corn_Common_Rust (656).JPG,valid,
archive/data/Common_Rust/Corn_Common_Rust (657).JPG,valid,
archive/data/Common_Rust/Corn_Common_Rust (658).JPG,valid,
archive/data/Common_Rust/Corn_Common_Rust (659).JPG,valid,
archive/data/Common_Rust/Corn_Common_Rust (66).jpg,valid,
archive/data/Common_Rust/Corn_Common_Rust (660).JPG,valid,
archive/data/Common_Rust/Corn_Common_Rust (661).JPG,valid,
archive/data/Common_Rust/Corn_Common_Rust (662).JPG,valid,
archive/data/Common_Rust/Corn_Common_Rust (663).JPG,valid,
archive/data/Common_Rust/Corn_Common_Rust (664).JPG,valid,
archive/data/Common_Rust/Corn_Common_Rust (665).JPG,valid,
archive/data/Common_Rust/Corn_Common_Rust (666).JPG,valid,
archive/data/Common_Rust/Corn_Common_Rust (667).JPG,valid,
archive/data/Common_Rust/Corn_Common_Rust (668).JPG,valid,
archive/data/Common_Rust/Corn_Common_Rust (669).JPG,valid,
archive/data/Common_Rust/Corn_Common_Rust (67).jpg,valid,
archive/data/Common_Rust/Corn_Common_Rust (670).JPG,valid,
archive/data/Common_Rust/Corn_Common_Rust (671).JPG,valid,
archive/data/Common_Rust/Corn_Common_Rust (672).JPG,valid,
archive/data/Common_Rust/Corn_Common_Rust (673).JPG,valid,
archive/data/Common_Rust/Corn_Common_Rust (674).JPG,valid,
archive/data/Common_Rust/Corn_Common_Rust (675).JPG,valid,
archive/data/Common_Rust/Corn_Common_Rust (676).JPG,valid,
archive/data/Common_Rust/Corn_Common_Rust (677).JPG,valid,
archive/data/Common_Rust/Corn_Common_Rust (678).JPG,valid,
archive/data/Common_Rust/Corn_Common_Rust (679).JPG,valid,
archive/data/Common_Rust/Corn_Common_Rust (68).jpg,valid,
archive/data/Common_Rust/Corn_Common_Rust (680).JPG,valid,
archive/data/Common_Rust/Corn_Common_Rust (681).JPG,valid,
archive/data/Common_Rust/Corn_Common_Rust (682).JPG,valid,
archive/data/Common_Rust/Corn_Common_Rust (683).JPG,valid,
archive/data/Common_Rust/Corn_Common_Rust (684).JPG,valid,
archive/data/Common_Rust/Corn_Common_Rust (685).JPG,valid,
archive/data/Common_Rust/Corn_Common_Rust (686).JPG,valid,
archive/data/Common_Rust/Corn_Common_Rust (687).JPG,valid,
archive/data/Common_Rust/Corn_Common_Rust (688).JPG,valid,
archive/data/Common_Rust/Corn_Common_Rust (689).JPG,valid,
archive/data/Common_Rust/Corn_Common_Rust (69).jpg,valid,
archive/data/Common_Rust/Corn_Common_Rust (690).JPG,valid,
archive/data/Common_Rust/Corn_Common_Rust (691).JPG,valid,
archive/data/Common_Rust/Corn_Common_Rust (692).JPG,valid,
archive/data/Common_Rust/Corn_Common_Rust (693).JPG,valid,
archive/data/Common_Rust/Corn_Common_Rust (694).JPG,valid,
archive/data/Common_Rust/Corn_Common_Rust (695).JPG,valid,
archive/data/Common_Rust/Corn_Common_Rust (696).JPG,valid,
archive/data/Common_Rust/Corn_Common_Rust (697).JPG,valid,
archive/data/Common_Rust/Corn_Common_Rust (698).JPG,valid,
archive/data/Common_Rust/Corn_Common_Rust (699).JPG,valid,
archive/data/Common_Rust/Corn_Common_Rust (7).jpg,valid,
archive/data/Common_Rust/Corn_Common_Rust (70).jpg,valid,
archive/data/Common_Rust/Corn_Common_Rust (700).JPG,valid,
archive/data/Common_Rust/Corn_Common_Rust (701).JPG,valid,
archive/data/Common_Rust/Corn_Common_Rust (702).JPG,valid,
archive/data/Common_Rust/Corn_Common_Rust (703).JPG,valid,
archive/data/Common_Rust/Corn_Common_Rust (704).JPG,valid,
archive/data/Common_Rust/Corn_Common_Rust (705).JPG,valid,
archive/data/Common_Rust/Corn_Common_Rust (706).JPG,valid,
archive/data/Common_Rust/Corn_Common_Rust (707).JPG,valid,
archive/data/Common_Rust/Corn_Common_Rust (708).JPG,valid,
archive/data/Common_Rust/Corn_Common_Rust (709).JPG,valid,
archive/data/Common_Rust/Corn_Common_Rust (71).jpg,valid,
archive/data/Common_Rust/Corn_Common_Rust (710).JPG,valid,
archive/data/Common_Rust/Corn_Common_Rust (711).JPG,valid,
archive/data/Common_Rust/Corn_Common_Rust (712).JPG,valid,
archive/data/Common_Rust/Corn_Common_Rust (713).JPG,valid,
archive/data/Common_Rust/Corn_Common_Rust (714).JPG,valid,
archive/data/Common_Rust/Corn_Common_Rust (715).JPG,valid,
archive/data/Common_Rust/Corn_Common_Rust (716).JPG,valid,
archive/data/Common_Rust/Corn_Common_Rust (717).JPG,valid,
archive/data/Common_Rust/Corn_Common_Rust (718).JPG,valid,
archive/data/Common_Rust/Corn_Common_Rust (719).JPG,valid,
archive/data/Common_Rust/Corn_Common_Rust (72).JPG,valid,
archive/data/Common_Rust/Corn_Common_Rust (720).JPG,valid,
archive/data/Common_Rust/Corn_Common_Rust (721).JPG,valid,
archive/data/Common_Rust/Corn_Common_Rust (722).JPG,valid,
archive/data/Common_Rust/Corn_Common_Rust (723).JPG,valid,
archive/data/Common_Rust/Corn_Common_Rust (724).JPG,valid,
archive/data/Common_Rust/Corn_Common_Rust (725).JPG,valid,
archive/data/Common_Rust/Corn_Common_Rust (726).JPG,valid,
archive/data/Common_Rust/Corn_Common_Rust (727).JPG,valid,
archive/data/Common_Rust/Corn_Common_Rust (728).JPG,valid,
archive/data/Common_Rust/Corn_Common_Rust (729).JPG,valid,
archive/data/Common_Rust/Corn_Common_Rust (73).JPG,valid,
archive/data/Common_Rust/Corn_Common_Rust (730).JPG,valid,
archive/data/Common_Rust/Corn_Common_Rust (731).JPG,valid,
archive/data/Common_Rust/Corn_Common_Rust (732).JPG,valid,
archive/data/Common_Rust/Corn_Common_Rust (733).JPG,valid,
archive/data/Common_Rust/Corn_Common_Rust (734).JPG,valid,
archive/data/Common_Rust/Corn_Common_Rust (735).JPG,valid,
archive/data/Common_Rust/Corn_Common_Rust (736).JPG,valid,
archive/data/Common_Rust/Corn_Common_Rust (737).JPG,valid,
archive/data/Common_Rust/Corn_Common_Rust (738).JPG,valid,
archive/data/Common_Rust/Corn_Common_Rust (739).JPG,valid,
archive/data/Common_Rust/Corn_Common_Rust (74).JPG,valid,
archive/data/Common_Rust/Corn_Common_Rust (740).JPG,valid,
archive/data/Common_Rust/Corn_Common_Rust (741).JPG,valid,
archive/data/Common_Rust/Corn_Common_Rust (742).JPG,valid,
archive/data/Common_Rust/Corn_Common_Rust (743).JPG,valid,
archive/data/Common_Rust/Corn_Common_Rust (744).JPG,valid,
archive/data/Common_Rust/Corn_Common_Rust (745).JPG,valid,
archive/data/Common_Rust/Corn_Common_Rust (746).JPG,valid,
archive/data/Common_Rust/Corn_Common_Rust (747).JPG,valid,
archive/data/Common_Rust/Corn_Common_Rust (748).JPG,valid,
archive/data/Common_Rust/Corn_Common_Rust (749).JPG,valid,
archive/data/Common_Rust/Corn_Common_Rust (75).JPG,valid,
archive/data/Common_Rust/Corn_Common_Rust (750).JPG,valid,
archive/data/Common_Rust/Corn_Common_Rust (751).JPG,valid,
archive/data/Common_Rust/Corn_Common_Rust (752).JPG,valid,
archive/data/Common_Rust/Corn_Common_Rust (753).JPG,valid,
archive/data/Common_Rust/Corn_Common_Rust (754).JPG,valid,
archive/data/Common_Rust/Corn_Common_Rust (755).JPG,valid,
archive/data/Common_Rust/Corn_Common_Rust (756).JPG,valid,
archive/data/Common_Rust/Corn_Common_Rust (757).JPG,valid,
archive/data/Common_Rust/Corn_Common_Rust (758).JPG,valid,
archive/data/Common_Rust/Corn_Common_Rust (759).JPG,valid,
archive/data/Common_Rust/Corn_Common_Rust (76).JPG,valid,
archive/data/Common_Rust/Corn_Common_Rust (760).JPG,valid,
archive/data/Common_Rust/Corn_Common_Rust (761).JPG,valid,
archive/data/Common_Rust/Corn_Common_Rust (762).JPG,valid,
archive/data/Common_Rust/Corn_Common_Rust (763).JPG,valid,
archive/data/Common_Rust/Corn_Common_Rust (764).JPG,valid,
archive/data/Common_Rust/Corn_Common_Rust (765).JPG,valid,
archive/data/Common_Rust/Corn_Common_Rust (766).JPG,valid,
archive/data/Common_Rust/Corn_Common_Rust (767).JPG,valid,
archive/data/Common_Rust/Corn_Common_Rust (768).JPG,valid,
archive/data/Common_Rust/Corn_Common_Rust (769).JPG,valid,
archive/data/Common_Rust/Corn_Common_Rust (77).JPG,valid,
archive/data/Common_Rust/Corn_Common_Rust (770).JPG,valid,
archive/data/Common_Rust/Corn_Common_Rust (771).JPG,valid,
archive/data/Common_Rust/Corn_Common_Rust (772).JPG,valid,
archive/data/Common_Rust/Corn_Common_Rust (773).JPG,valid,
archive/data/Common_Rust/Corn_Common_Rust (774).JPG,valid,
archive/data/Common_Rust/Corn_Common_Rust (775).JPG,valid,
archive/data/Common_Rust/Corn_Common_Rust (776).JPG,valid,
archive/data/Common_Rust/Corn_Common_Rust (777).JPG,valid,
archive/data/Common_Rust/Corn_Common_Rust (778).JPG,valid,
archive/data/Common_Rust/Corn_Common_Rust (779).JPG,valid,
archive/data/Common_Rust/Corn_Common_Rust (78).JPG,valid,
archive/data/Common_Rust/Corn_Common_Rust (780).JPG,valid,
archive/data/Common_Rust/Corn_Common_Rust (781).JPG,valid,
archive/data/Common_Rust/Corn_Common_Rust (782).JPG,valid,
archive/data/Common_Rust/Corn_Common_Rust (783).JPG,valid,
archive/data/Common_Rust/Corn_Common_Rust (784).JPG,valid,
archive/data/Common_Rust/Corn_Common_Rust (785).JPG,valid,
archive/data/Common_Rust/Corn_Common_Rust (786).JPG,valid,
archive/data/Common_Rust/Corn_Common_Rust (787).JPG,valid,
archive/data/Common_Rust/Corn_Common_Rust (788).JPG,valid,
archive/data/Common_Rust/Corn_Common_Rust (789).JPG,valid,
archive/data/Common_Rust/Corn_Common_Rust (79).JPG,valid,
archive/data/Common_Rust/Corn_Common_Rust (790).JPG,valid,
archive/data/Common_Rust/Corn_Common_Rust (791).JPG,valid,
archive/data/Common_Rust/Corn_Common_Rust (792).JPG,valid,
archive/data/Common_Rust/Corn_Common_Rust (793).JPG,valid,
archive/data/Common_Rust/Corn_Common_Rust (794).JPG,valid,
archive/data/Common_Rust/Corn_Common_Rust (795).JPG,valid,
archive/data/Common_Rust/Corn_Common_Rust (796).JPG,valid,
archive/data/Common_Rust/Corn_Common_Rust (797).JPG,valid,
archive/data/Common_Rust/Corn_Common_Rust (798).JPG,valid,
archive/data/Common_Rust/Corn_Common_Rust (799).JPG,valid,
archive/data/Common_Rust/Corn_Common_Rust (8).jpg,valid,
archive/data/Common_Rust/Corn_Common_Rust (80).JPG,valid,
archive/data/Common_Rust/Corn_Common_Rust (800).JPG,valid,
archive/data/Common_Rust/Corn_Common_Rust (801).JPG,valid,
archive/data/Common_Rust/Corn_Common_Rust (802).JPG,valid,
archive/data/Common_Rust/Corn_Common_Rust (803).JPG,valid,
archive/data/Common_Rust/Corn_Common_Rust (804).JPG,valid,
archive/data/Common_Rust/Corn_Common_Rust (805).JPG,valid,
archive/data/Common_Rust/Corn_Common_Rust (806).JPG,valid,
archive/data/Common_Rust/Corn_Common_Rust (807).JPG,valid,
archive/data/Common_Rust/Corn_Common_Rust (808).JPG,valid,
archive/data/Common_Rust/Corn_Common_Rust (809).JPG,valid,
archive/data/Common_Rust/Corn_Common_Rust (81).JPG,valid,
archive/data/Common_Rust/Corn_Common_Rust (810).JPG,valid,
archive/data/Common_Rust/Corn_Common_Rust (811).JPG,valid,
archive/data/Common_Rust/Corn_Common_Rust (812).JPG,valid,
archive/data/Common_Rust/Corn_Common_Rust (813).JPG,valid,
archive/data/Common_Rust/Corn_Common_Rust (814).JPG,valid,
archive/data/Common_Rust/Corn_Common_Rust (815).JPG,valid,
archive/data/Common_Rust/Corn_Common_Rust (816).JPG,valid,
archive/data/Common_Rust/Corn_Common_Rust (817).JPG,valid,
archive/data/Common_Rust/Corn_Common_Rust (818).JPG,valid,
archive/data/Common_Rust/Corn_Common_Rust (819).JPG,valid,
archive/data/Common_Rust/Corn_Common_Rust (82).JPG,valid,
archive/data/Common_Rust/Corn_Common_Rust (820).JPG,valid,
archive/data/Common_Rust/Corn_Common_Rust (821).JPG,valid,
archive/data/Common_Rust/Corn_Common_Rust (822).JPG,valid,
archive/data/Common_Rust/Corn_Common_Rust (823).JPG,valid,
archive/data/Common_Rust/Corn_Common_Rust (824).JPG,valid,
archive/data/Common_Rust/Corn_Common_Rust (825).JPG,valid,
archive/data/Common_Rust/Corn_Common_Rust (826).JPG,valid,
archive/data/Common_Rust/Corn_Common_Rust (827).JPG,valid,
archive/data/Common_Rust/Corn_Common_Rust (828).JPG,valid,
archive/data/Common_Rust/Corn_Common_Rust (829).JPG,valid,
archive/data/Common_Rust/Corn_Common_Rust (83).JPG,valid,
archive/data/Common_Rust/Corn_Common_Rust (830).JPG,valid,
archive/data/Common_Rust/Corn_Common_Rust (831).JPG,valid,
archive/data/Common_Rust/Corn_Common_Rust (832).JPG,valid,
archive/data/Common_Rust/Corn_Common_Rust (833).JPG,valid,
archive/data/Common_Rust/Corn_Common_Rust (834).JPG,valid,
archive/data/Common_Rust/Corn_Common_Rust (835).JPG,valid,
archive/data/Common_Rust/Corn_Common_Rust (836).JPG,valid,
archive/data/Common_Rust/Corn_Common_Rust (837).JPG,valid,
archive/data/Common_Rust/Corn_Common_Rust (838).JPG,valid,
archive/data/Common_Rust/Corn_Common_Rust (839).JPG,valid,
archive/data/Common_Rust/Corn_Common_Rust (84).JPG,valid,
archive/data/Common_Rust/Corn_Common_Rust (840).JPG,valid,
archive/data/Common_Rust/Corn_Common_Rust (841).JPG,valid,
archive/data/Common_Rust/Corn_Common_Rust (842).JPG,valid,
archive/data/Common_Rust/Corn_Common_Rust (843).JPG,valid,
archive/data/Common_Rust/Corn_Common_Rust (844).JPG,valid,
archive/data/Common_Rust/Corn_Common_Rust (845).JPG,valid,
archive/data/Common_Rust/Corn_Common_Rust (846).JPG,valid,
archive/data/Common_Rust/Corn_Common_Rust (847).JPG,valid,
archive/data/Common_Rust/Corn_Common_Rust (848).JPG,valid,
archive/data/Common_Rust/Corn_Common_Rust (849).JPG,valid,
archive/data/Common_Rust/Corn_Common_Rust (85).JPG,valid,
archive/data/Common_Rust/Corn_Common_Rust (850).JPG,valid,
archive/data/Common_Rust/Corn_Common_Rust (851).JPG,valid,
archive/data/Common_Rust/Corn_Common_Rust (852).JPG,valid,
archive/data/Common_Rust/Corn_Common_Rust (853).JPG,valid,
archive/data/Common_Rust/Corn_Common_Rust (854).JPG,valid,
archive/data/Common_Rust/Corn_Common_Rust (855).JPG,valid,
archive/data/Common_Rust/Corn_Common_Rust (856).JPG,valid,
archive/data/Common_Rust/Corn_Common_Rust (857).JPG,valid,
archive/data/Common_Rust/Corn_Common_Rust (858).JPG,valid,
archive/data/Common_Rust/Corn_Common_Rust (859).JPG,valid,
archive/data/Common_Rust/Corn_Common_Rust (86).JPG,valid,
archive/data/Common_Rust/Corn_Common_Rust (860).JPG,valid,
archive/data/Common_Rust/Corn_Common_Rust (861).JPG,valid,
archive/data/Common_Rust/Corn_Common_Rust (862).JPG,valid,
archive/data/Common_Rust/Corn_Common_Rust (863).JPG,valid,
archive/data/Common_Rust/Corn_Common_Rust (864).JPG,valid,
archive/data/Common_Rust/Corn_Common_Rust (865).JPG,valid,
archive/data/Common_Rust/Corn_Common_Rust (866).JPG,valid,
archive/data/Common_Rust/Corn_Common_Rust (867).JPG,valid,
archive/data/Common_Rust/Corn_Common_Rust (868).JPG,valid,
archive/data/Common_Rust/Corn_Common_Rust (869).JPG,valid,
archive/data/Common_Rust/Corn_Common_Rust (87).JPG,valid,
archive/data/Common_Rust/Corn_Common_Rust (870).JPG,valid,
archive/data/Common_Rust/Corn_Common_Rust (871).JPG,valid,
archive/data/Common_Rust/Corn_Common_Rust (872).JPG,valid,
archive/data/Common_Rust/Corn_Common_Rust (873).JPG,valid,
archive/data/Common_Rust/Corn_Common_Rust (874).JPG,valid,
archive/data/Common_Rust/Corn_Common_Rust (875).JPG,valid,
archive/data/Common_Rust/Corn_Common_Rust (876).JPG,valid,
archive/data/Common_Rust/Corn_Common_Rust (877).JPG,valid,
archive/data/Common_Rust/Corn_Common_Rust (878).JPG,valid,
archive/data/Common_Rust/Corn_Common_Rust (879).JPG,valid,
archive/data/Common_Rust/Corn_Common_Rust (88).JPG,valid,
archive/data/Common_Rust/Corn_Common_Rust (880).JPG,valid,
archive/data/Common_Rust/Corn_Common_Rust (881).JPG,valid,
archive/data/Common_Rust/Corn_Common_Rust (882).JPG,valid,
archive/data/Common_Rust/Corn_Common_Rust (883).JPG,valid,
archive/data/Common_Rust/Corn_Common_Rust (884).JPG,valid,
archive/data/Common_Rust/Corn_Common_Rust (885).JPG,valid,
archive/data/Common_Rust/Corn_Common_Rust (886).JPG,valid,
archive/data/Common_Rust/Corn_Common_Rust (887).JPG,valid,
archive/data/Common_Rust/Corn_Common_Rust (888).JPG,valid,
archive/data/Common_Rust/Corn_Common_Rust (889).JPG,valid,
archive/data/Common_Rust/Corn_Common_Rust (89).JPG,valid,
archive/data/Common_Rust/Corn_Common_Rust (890).JPG,valid,
archive/data/Common_Rust/Corn_Common_Rust (891).JPG,valid,
archive/data/Common_Rust/Corn_Common_Rust (892).JPG,valid,
archive/data/Common_Rust/Corn_Common_Rust (893).JPG,valid,
archive/data/Common_Rust/Corn_Common_Rust (894).JPG,valid,
archive/data/Common_Rust/Corn_Common_Rust (895).JPG,valid,
archive/data/Common_Rust/Corn_Common_Rust (896).JPG,valid,
archive/data/Common_Rust/Corn_Common_Rust (897).JPG,valid,
archive/data/Common_Rust/Corn_Common_Rust (898).JPG,valid,
archive/data/Common_Rust/Corn_Common_Rust (899).JPG,valid,
archive/data/Common_Rust/Corn_Common_Rust (9).jpg,valid,
archive/data/Common_Rust/Corn_Common_Rust (90).JPG,valid,
archive/data/Common_Rust/Corn_Common_Rust (900).JPG,valid,
archive/data/Common_Rust/Corn_Common_Rust (901).JPG,valid,
archive/data/Common_Rust/Corn_Common_Rust (902).JPG,valid,
archive/data/Common_Rust/Corn_Common_Rust (903).JPG,valid,
archive/data/Common_Rust/Corn_Common_Rust (904).JPG,valid,
archive/data/Common_Rust/Corn_Common_Rust (905).JPG,valid,
archive/data/Common_Rust/Corn_Common_Rust (906).JPG,valid,
archive/data/Common_Rust/Corn_Common_Rust (907).JPG,valid,
archive/data/Common_Rust/Corn_Common_Rust (908).JPG,valid,
archive/data/Common_Rust/Corn_Common_Rust (909).JPG,valid,
archive/data/Common_Rust/Corn_Common_Rust (91).JPG,valid,
archive/data/Common_Rust/Corn_Common_Rust (910).JPG,valid,
archive/data/Common_Rust/Corn_Common_Rust (911).JPG,valid,
archive/data/Common_Rust/Corn_Common_Rust (912).JPG,valid,
archive/data/Common_Rust/Corn_Common_Rust (913).JPG,valid,
archive/data/Common_Rust/Corn_Common_Rust (914).JPG,valid,
archive/data/Common_Rust/Corn_Common_Rust (915).JPG,valid,
archive/data/Common_Rust/Corn_Common_Rust (916).JPG,valid,
archive/data/Common_Rust/Corn_Common_Rust (917).JPG,valid,
archive/data/Common_Rust/Corn_Common_Rust (918).JPG,valid,
archive/data/Common_Rust/Corn_Common_Rust (919).JPG,valid,
archive/data/Common_Rust/Corn_Common_Rust (92).JPG,valid,
archive/data/Common_Rust/Corn_Common_Rust (920).JPG,valid,
archive/data/Common_Rust/Corn_Common_Rust (921).JPG,valid,
archive/data/Common_Rust/Corn_Common_Rust (922).JPG,valid,
archive/data/Common_Rust/Corn_Common_Rust (923).JPG,valid,
archive/data/Common_Rust/Corn_Common_Rust (924).JPG,valid,
archive/data/Common_Rust/Corn_Common_Rust (925).JPG,valid,
archive/data/Common_Rust/Corn_Common_Rust (926).JPG,valid,
archive/data/Common_Rust/Corn_Common_Rust (927).JPG,valid,
archive/data/Common_Rust/Corn_Common_Rust (928).JPG,valid,
archive/data/Common_Rust/Corn_Common_Rust (929).JPG,valid,
archive/data/Common_Rust/Corn_Common_Rust (93).JPG,valid,
archive/data/Common_Rust/Corn_Common_Rust (930).JPG,valid,
archive/data/Common_Rust/Corn_Common_Rust (931).JPG,valid,
archive/data/Common_Rust/Corn_Common_Rust (932).JPG,valid,
archive/data/Common_Rust/Corn_Common_Rust (933).JPG,valid,
archive/data/Common_Rust/Corn_Common_Rust (934).JPG,valid,
archive/data/Common_Rust/Corn_Common_Rust (935).JPG,valid,
archive/data/Common_Rust/Corn_Common_Rust (936).JPG,valid,
archive/data/Common_Rust/Corn_Common_Rust (937).JPG,valid,
archive/data/Common_Rust/Corn_Common_Rust (938).JPG,valid,
archive/data/Common_Rust/Corn_Common_Rust (939).JPG,valid,
archive/data/Common_Rust/Corn_Common_Rust (94).JPG,valid,
archive/data/Common_Rust/Corn_Common_Rust (940).JPG,valid,
archive/data/Common_Rust/Corn_Common_Rust (941).JPG,valid,
archive/data/Common_Rust/Corn_Common_Rust (942).JPG,valid,
archive/data/Common_Rust/Corn_Common_Rust (943).JPG,valid,
archive/data/Common_Rust/Corn_Common_Rust (944).JPG,valid,
archive/data/Common_Rust/Corn_Common_Rust (945).JPG,valid,
archive/data/Common_Rust/Corn_Common_Rust (946).JPG,valid,
archive/data/Common_Rust/Corn_Common_Rust (947).JPG,valid,
archive/data/Common_Rust/Corn_Common_Rust (948).JPG,valid,
archive/data/Common_Rust/Corn_Common_Rust (949).JPG,valid,
archive/data/Common_Rust/Corn_Common_Rust (95).JPG,valid,
archive/data/Common_Rust/Corn_Common_Rust (950).JPG,valid,
archive/data/Common_Rust/Corn_Common_Rust (951).JPG,valid,
archive/data/Common_Rust/Corn_Common_Rust (952).JPG,valid,
archive/data/Common_Rust/Corn_Common_Rust (953).JPG,valid,
archive/data/Common_Rust/Corn_Common_Rust (954).JPG,valid,
archive/data/Common_Rust/Corn_Common_Rust (955).JPG,valid,
archive/data/Common_Rust/Corn_Common_Rust (956).JPG,valid,
archive/data/Common_Rust/Corn_Common_Rust (957).JPG,valid,
archive/data/Common_Rust/Corn_Common_Rust (958).JPG,valid,
archive/data/Common_Rust/Corn_Common_Rust (959).JPG,valid,
archive/data/Common_Rust/Corn_Common_Rust (96).JPG,valid,
archive/data/Common_Rust/Corn_Common_Rust (960).JPG,valid,
archive/data/Common_Rust/Corn_Common_Rust (961).JPG,valid,
archive/data/Common_Rust/Corn_Common_Rust (962).JPG,valid,
archive/data/Common_Rust/Corn_Common_Rust (963).JPG,valid,
archive/data/Common_Rust/Corn_Common_Rust (964).JPG,valid,
archive/data/Common_Rust/Corn_Common_Rust (965).JPG,valid,
archive/data/Common_Rust/Corn_Common_Rust (966).JPG,valid,
archive/data/Common_Rust/Corn_Common_Rust (967).JPG,valid,
archive/data/Common_Rust/Corn_Common_Rust (968).JPG,valid,
archive/data/Common_Rust/Corn_Common_Rust (969).JPG,valid,
archive/data/Common_Rust/Corn_Common_Rust (97).JPG,valid,
archive/data/Common_Rust/Corn_Common_Rust (970).JPG,valid,
archive/data/Common_Rust/Corn_Common_Rust (971).JPG,valid,
archive/data/Common_Rust/Corn_Common_Rust (972).JPG,valid,
archive/data/Common_Rust/Corn_Common_Rust (973).JPG,valid,
archive/data/Common_Rust/Corn_Common_Rust (974).JPG,valid,
archive/data/Common_Rust/Corn_Common_Rust (975).JPG,valid,
archive/data/Common_Rust/Corn_Common_Rust (976).JPG,valid,
archive/data/Common_Rust/Corn_Common_Rust (977).JPG,valid,
archive/data/Common_Rust/Corn_Common_Rust (978).JPG,valid,
archive/data/Common_Rust/Corn_Common_Rust (979).JPG,valid,
archive/data/Common_Rust/Corn_Common_Rust (98).JPG,valid,
archive/data/Common_Rust/Corn_Common_Rust (980).JPG,valid,
archive/data/Common_Rust/Corn_Common_Rust (981).JPG,valid,
archive/data/Common_Rust/Corn_Common_Rust (982).JPG,valid,
archive/data/Common_Rust/Corn_Common_Rust (983).JPG,valid,
archive/data/Common_Rust/Corn_Common_Rust (984).JPG,valid,
archive/data/Common_Rust/Corn_Common_Rust (985).JPG,valid,
archive/data/Common_Rust/Corn_Common_Rust (986).JPG,valid,
archive/data/Common_Rust/Corn_Common_Rust (987).JPG,valid,
archive/data/Common_Rust/Corn_Common_Rust (988).JPG,valid,
archive/data/Common_Rust/Corn_Common_Rust (989).JPG,valid,
archive/data/Common_Rust/Corn_Common_Rust (99).JPG,valid,
archive/data/Common_Rust/Corn_Common_Rust (990).JPG,valid,
archive/data/Common_Rust/Corn_Common_Rust (991).JPG,valid,
archive/data/Common_Rust/Corn_Common_Rust (992).JPG,valid,
archive/data/Common_Rust/Corn_Common_Rust (993).JPG,valid,
archive/data/Common_Rust/Corn_Common_Rust (994).JPG,valid,
archive/data/Common_Rust/Corn_Common_Rust (995).JPG,valid,
archive/data/Common_Rust/Corn_Common_Rust (996).JPG,valid,
archive/data/Common_Rust/Corn_Common_Rust (997).JPG,valid,
archive/data/Common_Rust/Corn_Common_Rust (998).JPG,valid,
archive/data/Common_Rust/Corn_Common_Rust (999).JPG,valid,
archive/data/Gray_Leaf_Spot/Corn_Gray_Spot (1).jpg,valid,
archive/data/Gray_Leaf_Spot/Corn_Gray_Spot (10).jpg,valid,
archive/data/Gray_Leaf_Spot/Corn_Gray_Spot (100).JPG,valid,
archive/data/Gray_Leaf_Spot/Corn_Gray_Spot (101).JPG,valid,
archive/data/Gray_Leaf_Spot/Corn_Gray_Spot (102).JPG,valid,
archive/data/Gray_Leaf_Spot/Corn_Gray_Spot (103).JPG,valid,
archive/data/Gray_Leaf_Spot/Corn_Gray_Spot (104).JPG,valid,
archive/data/Gray_Leaf_Spot/Corn_Gray_Spot (105).JPG,valid,
archive/data/Gray_Leaf_Spot/Corn_Gray_Spot (106).JPG,valid,
archive/data/Gray_Leaf_Spot/Corn_Gray_Spot (107).JPG,valid,
archive/data/Gray_Leaf_Spot/Corn_Gray_Spot (108).JPG,valid,
archive/data/Gray_Leaf_Spot/Corn_Gray_Spot (109).JPG,valid,
archive/data/Gray_Leaf_Spot/Corn_Gray_Spot (11).jpg,valid,
archive/data/Gray_Leaf_Spot/Corn_Gray_Spot (110).JPG,valid,
archive/data/Gray_Leaf_Spot/Corn_Gray_Spot (111).JPG,valid,
archive/data/Gray_Leaf_Spot/Corn_Gray_Spot (112).JPG,valid,
archive/data/Gray_Leaf_Spot/Corn_Gray_Spot (113).jpg,valid,
archive/data/Gray_Leaf_Spot/Corn_Gray_Spot (114).jpg,valid,
archive/data/Gray_Leaf_Spot/Corn_Gray_Spot (115).JPG,valid,
archive/data/Gray_Leaf_Spot/Corn_Gray_Spot (116).JPG,valid,
archive/data/Gray_Leaf_Spot/Corn_Gray_Spot (117).JPG,valid,
archive/data/Gray_Leaf_Spot/Corn_Gray_Spot (118).JPG,valid,
archive/data/Gray_Leaf_Spot/Corn_Gray_Spot (119).JPG,valid,
archive/data/Gray_Leaf_Spot/Corn_Gray_Spot (12).jpg,valid,
archive/data/Gray_Leaf_Spot/Corn_Gray_Spot (120).JPG,valid,
archive/data/Gray_Leaf_Spot/Corn_Gray_Spot (121).JPG,valid,
archive/data/Gray_Leaf_Spot/Corn_Gray_Spot (122).JPG,valid,
archive/data/Gray_Leaf_Spot/Corn_Gray_Spot (123).JPG,valid,
archive/data/Gray_Leaf_Spot/Corn_Gray_Spot (124).JPG,valid,
archive/data/Gray_Leaf_Spot/Corn_Gray_Spot (125).jpg,valid,
archive/data/Gray_Leaf_Spot/Corn_Gray_Spot (126).JPG,valid,
archive/data/Gray_Leaf_Spot/Corn_Gray_Spot (127).JPG,valid,
archive/data/Gray_Leaf_Spot/Corn_Gray_Spot (128).JPG,valid,
archive/data/Gray_Leaf_Spot/Corn_Gray_Spot (129).JPG,valid,
archive/data/Gray_Leaf_Spot/Corn_Gray_Spot (13).jpg,valid,
archive/data/Gray_Leaf_Spot/Corn_Gray_Spot (130).JPG,valid,
archive/data/Gray_Leaf_Spot/Corn_Gray_Spot (131).JPG,valid,
archive/data/Gray_Leaf_Spot/Corn_Gray_Spot (132).jpg,valid,
archive/data/Gray_Leaf_Spot/Corn_Gray_Spot (133).JPG,valid,
archive/data/Gray_Leaf_Spot/Corn_Gray_Spot (134).JPG,valid,
archive/data/Gray_Leaf_Spot/Corn_Gray_Spot (135).JPG,valid,
archive/data/Gray_Leaf_Spot/Corn_Gray_Spot (136).JPG,valid,
archive/data/Gray_Leaf_Spot/Corn_Gray_Spot (137).JPG,valid,
archive/data/Gray_Leaf_Spot/Corn_Gray_Spot (138).JPG,valid,
archive/data/Gray_Leaf_Spot/Corn_Gray_Spot (139).JPG,valid,
archive/data/Gray_Leaf_Spot/Corn_Gray_Spot (14).jpg,valid,
archive/data/Gray_Leaf_Spot/Corn_Gray_Spot (140).JPG,valid,
archive/data/Gray_Leaf_Spot/Corn_Gray_Spot (141).JPG,valid,
archive/data/Gray_Leaf_Spot/Corn_Gray_Spot (142).JPG,valid,
archive/data/Gray_Leaf_Spot/Corn_Gray_Spot (143).JPG,valid,
archive/data/Gray_Leaf_Spot/Corn_Gray_Spot (144).JPG,valid,
archive/data/Gray_Leaf_Spot/Corn_Gray_Spot (145).JPG,valid,
archive/data/Gray_Leaf_Spot/Corn_Gray_Spot (146).JPG,valid,
archive/data/Gray_Leaf_Spot/Corn_Gray_Spot (147).jpg,valid,
archive/data/Gray_Leaf_Spot/Corn_Gray_Spot (148).JPG,valid,
archive/data/Gray_Leaf_Spot/Corn_Gray_Spot (149).JPG,valid,
archive/data/Gray_Leaf_Spot/Corn_Gray_Spot (15).jpg,valid,
archive/data/Gray_Leaf_Spot/Corn_Gray_Spot (150).JPG,valid,
archive/data/Gray_Leaf_Spot/Corn_Gray_Spot (151).jpg,valid,
archive/data/Gray_Leaf_Spot/Corn_Gray_Spot (152).JPG,valid,
archive/data/Gray_Leaf_Spot/Corn_Gray_Spot (153).JPG,valid,
archive/data/Gray_Leaf_Spot/Corn_Gray_Spot (154).JPG,valid,
archive/data/Gray_Leaf_Spot/Corn_Gray_Spot (155).JPG,valid,
archive/data/Gray_Leaf_Spot/Corn_Gray_Spot (156).JPG,valid,
archive/data/Gray_Leaf_Spot/Corn_Gray_Spot (157).jpg,valid,
archive/data/Gray_Leaf_Spot/Corn_Gray_Spot (158).JPG,valid,
archive/data/Gray_Leaf_Spot/Corn_Gray_Spot (159).JPG,valid,
archive/data/Gray_Leaf_Spot/Corn_Gray_Spot (16).jpg,valid,
archive/data/Gray_Leaf_Spot/Corn_Gray_Spot (160).JPG,valid,
archive/data/Gray_Leaf_Spot/Corn_Gray_Spot (161).JPG,valid,
archive/data/Gray_Leaf_Spot/Corn_Gray_Spot (162).JPG,valid,
archive/data/Gray_Leaf_Spot/Corn_Gray_Spot (163).JPG,valid,
archive/data/Gray_Leaf_Spot/Corn_Gray_Spot (164).JPG,valid,
archive/data/Gray_Leaf_Spot/Corn_Gray_Spot (165).JPG,valid,
archive/data/Gray_Leaf_Spot/Corn_Gray_Spot (166).JPG,valid,
archive/data/Gray_Leaf_Spot/Corn_Gray_Spot (167).JPG,valid,
archive/data/Gray_Leaf_Spot/Corn_Gray_Spot (168).JPG,valid,
archive/data/Gray_Leaf_Spot/Corn_Gray_Spot (169).JPG,valid,
archive/data/Gray_Leaf_Spot/Corn_Gray_Spot (17).jpg,valid,
archive/data/Gray_Leaf_Spot/Corn_Gray_Spot (170).JPG,valid,
archive/data/Gray_Leaf_Spot/Corn_Gray_Spot (171).JPG,valid,
archive/data/Gray_Leaf_Spot/Corn_Gray_Spot (172).JPG,valid,
archive/data/Gray_Leaf_Spot/Corn_Gray_Spot (173).JPG,valid,
archive/data/Gray_Leaf_Spot/Corn_Gray_Spot (174).jpg,valid,
archive/data/Gray_Leaf_Spot/Corn_Gray_Spot (175).jpg,valid,
archive/data/Gray_Leaf_Spot/Corn_Gray_Spot (176).JPG,valid,
archive/data/Gray_Leaf_Spot/Corn_Gray_Spot (177).JPG,valid,
archive/data/Gray_Leaf_Spot/Corn_Gray_Spot (178).JPG,valid,
archive/data/Gray_Leaf_Spot/Corn_Gray_Spot (179).JPG,valid,
archive/data/Gray_Leaf_Spot/Corn_Gray_Spot (18).jpg,valid,
archive/data/Gray_Leaf_Spot/Corn_Gray_Spot (180).JPG,valid,
archive/data/Gray_Leaf_Spot/Corn_Gray_Spot (181).JPG,valid,
archive/data/Gray_Leaf_Spot/Corn_Gray_Spot (182).JPG,valid,
archive/data/Gray_Leaf_Spot/Corn_Gray_Spot (183).JPG,valid,
archive/data/Gray_Leaf_Spot/Corn_Gray_Spot (184).JPG,valid,
archive/data/Gray_Leaf_Spot/Corn_Gray_Spot (185).JPG,valid,
archive/data/Gray_Leaf_Spot/Corn_Gray_Spot (186).JPG,valid,
archive/data/Gray_Leaf_Spot/Corn_Gray_Spot (187).JPG,valid,
archive/data/Gray_Leaf_Spot/Corn_Gray_Spot (188).JPG,valid,
archive/data/Gray_Leaf_Spot/Corn_Gray_Spot (189).JPG,valid,
archive/data/Gray_Leaf_Spot/Corn_Gray_Spot (19).jpg,valid,
archive/data/Gray_Leaf_Spot/Corn_Gray_Spot (190).JPG,valid,
archive/data/Gray_Leaf_Spot/Corn_Gray_Spot (191).JPG,valid,
archive/data/Gray_Leaf_Spot/Corn_Gray_Spot (192).JPG,valid,
archive/data/Gray_Leaf_Spot/Corn_Gray_Spot (193).JPG,valid,
archive/data/Gray_Leaf_Spot/Corn_Gray_Spot (194).JPG,valid,
archive/data/Gray_Leaf_Spot/Corn_Gray_Spot (195).JPG,valid,
archive/data/Gray_Leaf_Spot/Corn_Gray_Spot (196).JPG,valid,
archive/data/Gray_Leaf_Spot/Corn_Gray_Spot (197).JPG,valid,
archive/data/Gray_Leaf_Spot/Corn_Gray_Spot (198).JPG,valid,
archive/data/Gray_Leaf_Spot/Corn_Gray_Spot (199).JPG,valid,
archive/data/Gray_Leaf_Spot/Corn_Gray_Spot (2).jpg,valid,
archive/data/Gray_Leaf_Spot/Corn_Gray_Spot (20).jpg,valid,
archive/data/Gray_Leaf_Spot/Corn_Gray_Spot (200).JPG,valid,
archive/data/Gray_Leaf_Spot/Corn_Gray_Spot (201).JPG,valid,
archive/data/Gray_Leaf_Spot/Corn_Gray_Spot (202).JPG,valid,
archive/data/Gray_Leaf_Spot/Corn_Gray_Spot (203).JPG,valid,
archive/data/Gray_Leaf_Spot/Corn_Gray_Spot (204).JPG,valid,
archive/data/Gray_Leaf_Spot/Corn_Gray_Spot (205).JPG,valid,
archive/data/Gray_Leaf_Spot/Corn_Gray_Spot (206).JPG,valid,
archive/data/Gray_Leaf_Spot/Corn_Gray_Spot (207).JPG,valid,
archive/data/Gray_Leaf_Spot/Corn_Gray_Spot (208).JPG,valid,
archive/data/Gray_Leaf_Spot/Corn_Gray_Spot (209).jpg,valid,
archive/data/Gray_Leaf_Spot/Corn_Gray_Spot (21).jpg,valid,
archive/data/Gray_Leaf_Spot/Corn_Gray_Spot (210).JPG,valid,
archive/data/Gray_Leaf_Spot/Corn_Gray_Spot (211).JPG,valid,
archive/data/Gray_Leaf_Spot/Corn_Gray_Spot (212).JPG,valid,
archive/data/Gray_Leaf_Spot/Corn_Gray_Spot (213).jpg,valid,
archive/data/Gray_Leaf_Spot/Corn_Gray_Spot (214).JPG,valid,
archive/data/Gray_Leaf_Spot/Corn_Gray_Spot (215).jpg,valid,
archive/data/Gray_Leaf_Spot/Corn_Gray_Spot (216).jpg,valid,
archive/data/Gray_Leaf_Spot/Corn_Gray_Spot (217).JPG,valid,
archive/data/Gray_Leaf_Spot/Corn_Gray_Spot (218).JPG,valid,
archive/data/Gray_Leaf_Spot/Corn_Gray_Spot (219).JPG,valid,
archive/data/Gray_Leaf_Spot/Corn_Gray_Spot (22).jpg,valid,
archive/data/Gray_Leaf_Spot/Corn_Gray_Spot (220).JPG,valid,
archive/data/Gray_Leaf_Spot/Corn_Gray_Spot (221).JPG,valid,
archive/data/Gray_Leaf_Spot/Corn_Gray_Spot (222).JPG,valid,
archive/data/Gray_Leaf_Spot/Corn_Gray_Spot (223).jpg,valid,
archive/data/Gray_Leaf_Spot/Corn_Gray_Spot (224).JPG,valid,
archive/data/Gray_Leaf_Spot/Corn_Gray_Spot (225).jpg,valid,
archive/data/Gray_Leaf_Spot/Corn_Gray_Spot (226).JPG,valid,
archive/data/Gray_Leaf_Spot/Corn_Gray_Spot (227).JPG,valid,
archive/data/Gray_Leaf_Spot/Corn_Gray_Spot (228).JPG,valid,
archive/data/Gray_Leaf_Spot/Corn_Gray_Spot (229).JPG,valid,
archive/data/Gray_Leaf_Spot/Corn_Gray_Spot (23).jpg,valid,
archive/data/Gray_Leaf_Spot/Corn_Gray_Spot (230).JPG,valid,
archive/data/Gray_Leaf_Spot/Corn_Gray_Spot (231).JPG,valid,
archive/data/Gray_Leaf_Spot/Corn_Gray_Spot (232).JPG,valid,
archive/data/Gray_Leaf_Spot/Corn_Gray_Spot (233).JPG,valid,
archive/data/Gray_Leaf_Spot/Corn_Gray_Spot (234).JPG,valid,
archive/data/Gray_Leaf_Spot/Corn_Gray_Spot (235).JPG,valid,
archive/data/Gray_Leaf_Spot/Corn_Gray_Spot (236).JPG,valid,
archive/data/Gray_Leaf_Spot/Corn_Gray_Spot (237).JPG,valid,
archive/data/Gray_Leaf_Spot/Corn_Gray_Spot (238).JPG,valid,
archive/data/Gray_Leaf_Spot/Corn_Gray_Spot (239).JPG,valid,
archive/data/Gray_Leaf_Spot/Corn_Gray_Spot (24).jpg,valid,
archive/data/Gray_Leaf_Spot/Corn_Gray_Spot (240).JPG,valid,
archive/data/Gray_Leaf_Spot/Corn_Gray_Spot (241).JPG,valid,
archive/data/Gray_Leaf_Spot/Corn_Gray_Spot (242).JPG,valid,
archive/data/Gray_Leaf_Spot/Corn_Gray_Spot (243).JPG,valid,
archive/data/Gray_Leaf_Spot/Corn_Gray_Spot (244).JPG,valid,
archive/data/Gray_Leaf_Spot/Corn_Gray_Spot (245).JPG,valid,
archive/data/Gray_Leaf_Spot/Corn_Gray_Spot (246).JPG,valid,
archive/data/Gray_Leaf_Spot/Corn_Gray_Spot (247).JPG,valid,
archive/data/Gray_Leaf_Spot/Corn_Gray_Spot (248).JPG,valid,
archive/data/Gray_Leaf_Spot/Corn_Gray_Spot (249).JPG,valid,
archive/data/Gray_Leaf_Spot/Corn_Gray_Spot (25).jpg,valid,
archive/data/Gray_Leaf_Spot/Corn_Gray_Spot (250).JPG,valid,
archive/data/Gray_Leaf_Spot/Corn_Gray_Spot (251).jpg,valid,
archive/data/Gray_Leaf_Spot/Corn_Gray_Spot (252).JPG,valid,
archive/data/Gray_Leaf_Spot/Corn_Gray_Spot (253).JPG,valid,
archive/data/Gray_Leaf_Spot/Corn_Gray_Spot (254).JPG,valid,
archive/data/Gray_Leaf_Spot/Corn_Gray_Spot (255).jpg,valid,
archive/data/Gray_Leaf_Spot/Corn_Gray_Spot (256).jpg,valid,
archive/data/Gray_Leaf_Spot/Corn_Gray_Spot (257).JPG,valid,
archive/data/Gray_Leaf_Spot/Corn_Gray_Spot (258).JPG,valid,
archive/data/Gray_Leaf_Spot/Corn_Gray_Spot (259).JPG,valid,
archive/data/Gray_Leaf_Spot/Corn_Gray_Spot (26).jpg,valid,
archive/data/Gray_Leaf_Spot/Corn_Gray_Spot (260).JPG,valid,
archive/data/Gray_Leaf_Spot/Corn_Gray_Spot (261).JPG,valid,
archive/data/Gray_Leaf_Spot/Corn_Gray_Spot (262).JPG,valid,
archive/data/Gray_Leaf_Spot/Corn_Gray_Spot (263).JPG,valid,
archive/data/Gray_Leaf_Spot/Corn_Gray_Spot (264).JPG,valid,
archive/data/Gray_Leaf_Spot/Corn_Gray_Spot (265).jpg,valid,
archive/data/Gray_Leaf_Spot/Corn_Gray_Spot (266).JPG,valid,
archive/data/Gray_Leaf_Spot/Corn_Gray_Spot (267).JPG,valid,
archive/data/Gray_Leaf_Spot/Corn_Gray_Spot (268).jpg,valid,
archive/data/Gray_Leaf_Spot/Corn_Gray_Spot (269).JPG,valid,
archive/data/Gray_Leaf_Spot/Corn_Gray_Spot (27).jpg,valid,
archive/data/Gray_Leaf_Spot/Corn_Gray_Spot (270).JPG,valid,
archive/data/Gray_Leaf_Spot/Corn_Gray_Spot (271).JPG,valid,
archive/data/Gray_Leaf_Spot/Corn_Gray_Spot (272).jpg,valid,
archive/data/Gray_Leaf_Spot/Corn_Gray_Spot (273).JPG,valid,
archive/data/Gray_Leaf_Spot/Corn_Gray_Spot (274).JPG,valid,
archive/data/Gray_Leaf_Spot/Corn_Gray_Spot (275).JPG,valid,
archive/data/Gray_Leaf_Spot/Corn_Gray_Spot (276).JPG,valid,
archive/data/Gray_Leaf_Spot/Corn_Gray_Spot (277).JPG,valid,
archive/data/Gray_Leaf_Spot/Corn_Gray_Spot (278).JPG,valid,
archive/data/Gray_Leaf_Spot/Corn_Gray_Spot (279).JPG,valid,
archive/data/Gray_Leaf_Spot/Corn_Gray_Spot (28).jpg,valid,
archive/data/Gray_Leaf_Spot/Corn_Gray_Spot (280).jpg,valid,
archive/data/Gray_Leaf_Spot/Corn_Gray_Spot (281).JPG,valid,
archive/data/Gray_Leaf_Spot/Corn_Gray_Spot (282).JPG,valid,
archive/data/Gray_Leaf_Spot/Corn_Gray_Spot (283).JPG,valid,
archive/data/Gray_Leaf_Spot/Corn_Gray_Spot (284).JPG,valid,
archive/data/Gray_Leaf_Spot/Corn_Gray_Spot (285).JPG,valid,
archive/data/Gray_Leaf_Spot/Corn_Gray_Spot (286).JPG,valid,
archive/data/Gray_Leaf_Spot/Corn_Gray_Spot (287).jpg,valid,
archive/data/Gray_Leaf_Spot/Corn_Gray_Spot (288).JPG,valid,
archive/data/Gray_Leaf_Spot/Corn_Gray_Spot (289).JPG,valid,
archive/data/Gray_Leaf_Spot/Corn_Gray_Spot (29).jpg,valid,
archive/data/Gray_Leaf_Spot/Corn_Gray_Spot (290).JPG,valid,
archive/data/Gray_Leaf_Spot/Corn_Gray_Spot (291).JPG,valid,
archive/data/Gray_Leaf_Spot/Corn_Gray_Spot (292).jpg,valid,
archive/data/Gray_Leaf_Spot/Corn_Gray_Spot (293).JPG,valid,
archive/data/Gray_Leaf_Spot/Corn_Gray_Spot (294).JPG,valid,
archive/data/Gray_Leaf_Spot/Corn_Gray_Spot (295).JPG,valid,
archive/data/Gray_Leaf_Spot/Corn_Gray_Spot (296).JPG,valid,
archive/data/Gray_Leaf_Spot/Corn_Gray_Spot (297).JPG,valid,
archive/data/Gray_Leaf_Spot/Corn_Gray_Spot (298).JPG,valid,
archive/data/Gray_Leaf_Spot/Corn_Gray_Spot (299).JPG,valid,
archive/data/Gray_Leaf_Spot/Corn_Gray_Spot (3).jpg,valid,
archive/data/Gray_Leaf_Spot/Corn_Gray_Spot (30).jpg,valid,
archive/data/Gray_Leaf_Spot/Corn_Gray_Spot (300).JPG,valid,
archive/data/Gray_Leaf_Spot/Corn_Gray_Spot (301).JPG,valid,
archive/data/Gray_Leaf_Spot/Corn_Gray_Spot (302).JPG,valid,
archive/data/Gray_Leaf_Spot/Corn_Gray_Spot (303).JPG,valid,
archive/data/Gray_Leaf_Spot/Corn_Gray_Spot (304).JPG,valid,
archive/data/Gray_Leaf_Spot/Corn_Gray_Spot (305).JPG,valid,
archive/data/Gray_Leaf_Spot/Corn_Gray_Spot (306).JPG,valid,
archive/data/Gray_Leaf_Spot/Corn_Gray_Spot (307).JPG,valid,
archive/data/Gray_Leaf_Spot/Corn_Gray_Spot (308).JPG,valid,
archive/data/Gray_Leaf_Spot/Corn_Gray_Spot (309).JPG,valid,
archive/data/Gray_Leaf_Spot/Corn_Gray_Spot (31).jpg,valid,
archive/data/Gray_Leaf_Spot/Corn_Gray_Spot (310).JPG,valid,
archive/data/Gray_Leaf_Spot/Corn_Gray_Spot (311).jpg,valid,
archive/data/Gray_Leaf_Spot/Corn_Gray_Spot (312).JPG,valid,
archive/data/Gray_Leaf_Spot/Corn_Gray_Spot (313).JPG,valid,
archive/data/Gray_Leaf_Spot/Corn_Gray_Spot (314).JPG,valid,
archive/data/Gray_Leaf_Spot/Corn_Gray_Spot (315).JPG,valid,
archive/data/Gray_Leaf_Spot/Corn_Gray_Spot (316).JPG,valid,
archive/data/Gray_Leaf_Spot/Corn_Gray_Spot (317).JPG,valid,
archive/data/Gray_Leaf_Spot/Corn_Gray_Spot (318).JPG,valid,
archive/data/Gray_Leaf_Spot/Corn_Gray_Spot (319).JPG,valid,
archive/data/Gray_Leaf_Spot/Corn_Gray_Spot (32).jpg,valid,
archive/data/Gray_Leaf_Spot/Corn_Gray_Spot (320).JPG,valid,
archive/data/Gray_Leaf_Spot/Corn_Gray_Spot (321).JPG,valid,
archive/data/Gray_Leaf_Spot/Corn_Gray_Spot (322).JPG,valid,
archive/data/Gray_Leaf_Spot/Corn_Gray_Spot (323).JPG,valid,
archive/data/Gray_Leaf_Spot/Corn_Gray_Spot (324).JPG,valid,
archive/data/Gray_Leaf_Spot/Corn_Gray_Spot (325).jpg,valid,
archive/data/Gray_Leaf_Spot/Corn_Gray_Spot (326).JPG,valid,
archive/data/Gray_Leaf_Spot/Corn_Gray_Spot (327).JPG,valid,
archive/data/Gray_Leaf_Spot/Corn_Gray_Spot (328).JPG,valid,
archive/data/Gray_Leaf_Spot/Corn_Gray_Spot (329).JPG,valid,
archive/data/Gray_Leaf_Spot/Corn_Gray_Spot (33).jpg,valid,
archive/data/Gray_Leaf_Spot/Corn_Gray_Spot (330).JPG,valid,
archive/data/Gray_Leaf_Spot/Corn_Gray_Spot (331).JPG,valid,
archive/data/Gray_Leaf_Spot/Corn_Gray_Spot (332).jpg,valid,
archive/data/Gray_Leaf_Spot/Corn_Gray_Spot (333).JPG,valid,
archive/data/Gray_Leaf_Spot/Corn_Gray_Spot (334).JPG,valid,
archive/data/Gray_Leaf_Spot/Corn_Gray_Spot (335).jpg,valid,
archive/data/Gray_Leaf_Spot/Corn_Gray_Spot (336).JPG,valid,
archive/data/Gray_Leaf_Spot/Corn_Gray_Spot (337).jpg,valid,
archive/data/Gray_Leaf_Spot/Corn_Gray_Spot (338).JPG,valid,
archive/data/Gray_Leaf_Spot/Corn_Gray_Spot (339).JPG,valid,
archive/data/Gray_Leaf_Spot/Corn_Gray_Spot (34).jpg,valid,
archive/data/Gray_Leaf_Spot/Corn_Gray_Spot (340).JPG,valid,
archive/data/Gray_Leaf_Spot/Corn_Gray_Spot (341).JPG,valid,
archive/data/Gray_Leaf_Spot/Corn_Gray_Spot (342).JPG,valid,
archive/data/Gray_Leaf_Spot/Corn_Gray_Spot (343).JPG,valid,
archive/data/Gray_Leaf_Spot/Corn_Gray_Spot (344).JPG,valid,
archive/data/Gray_Leaf_Spot/Corn_Gray_Spot (345).JPG,valid,
archive/data/Gray_Leaf_Spot/Corn_Gray_Spot (346).JPG,valid,
archive/data/Gray_Leaf_Spot/Corn_Gray_Spot (347).JPG,valid,
archive/data/Gray_Leaf_Spot/Corn_Gray_Spot (348).jpg,valid,
archive/data/Gray_Leaf_Spot/Corn_Gray_Spot (349).JPG,valid,
archive/data/Gray_Leaf_Spot/Corn_Gray_Spot (35).jpg,valid,
archive/data/Gray_Leaf_Spot/Corn_Gray_Spot (350).JPG,valid,
archive/data/Gray_Leaf_Spot/Corn_Gray_Spot (351).JPG,valid,
archive/data/Gray_Leaf_Spot/Corn_Gray_Spot (352).JPG,valid,
archive/data/Gray_Leaf_Spot/Corn_Gray_Spot (353).jpg,valid,
archive/data/Gray_Leaf_Spot/Corn_Gray_Spot (354).JPG,valid,
archive/data/Gray_Leaf_Spot/Corn_Gray_Spot (355).JPG,valid,
archive/data/Gray_Leaf_Spot/Corn_Gray_Spot (356).JPG,valid,
archive/data/Gray_Leaf_Spot/Corn_Gray_Spot (357).jpg,valid,
archive/data/Gray_Leaf_Spot/Corn_Gray_Spot (358).JPG,valid,
archive/data/Gray_Leaf_Spot/Corn_Gray_Spot (359).JPG,valid,
archive/data/Gray_Leaf_Spot/Corn_Gray_Spot (36).jpg,valid,
archive/data/Gray_Leaf_Spot/Corn_Gray_Spot (360).JPG,valid,
archive/data/Gray_Leaf_Spot/Corn_Gray_Spot (361).JPG,valid,
archive/data/Gray_Leaf_Spot/Corn_Gray_Spot (362).jpg,valid,
archive/data/Gray_Leaf_Spot/Corn_Gray_Spot (363).jpg,valid,
archive/data/Gray_Leaf_Spot/Corn_Gray_Spot (364).JPG,valid,
archive/data/Gray_Leaf_Spot/Corn_Gray_Spot (365).JPG,valid,
archive/data/Gray_Leaf_Spot/Corn_Gray_Spot (366).JPG,valid,
archive/data/Gray_Leaf_Spot/Corn_Gray_Spot (367).JPG,valid,
archive/data/Gray_Leaf_Spot/Corn_Gray_Spot (368).jpg,valid,
archive/data/Gray_Leaf_Spot/Corn_Gray_Spot (369).JPG,valid,
archive/data/Gray_Leaf_Spot/Corn_Gray_Spot (37).jpg,valid,
archive/data/Gray_Leaf_Spot/Corn_Gray_Spot (370).JPG,valid,
archive/data/Gray_Leaf_Spot/Corn_Gray_Spot (371).JPG,valid,
archive/data/Gray_Leaf_Spot/Corn_Gray_Spot (372).JPG,valid,
archive/data/Gray_Leaf_Spot/Corn_Gray_Spot (373).JPG,valid,
archive/data/Gray_Leaf_Spot/Corn_Gray_Spot (374).JPG,valid,
archive/data/Gray_Leaf_Spot/Corn_Gray_Spot (375).JPG,valid,
archive/data/Gray_Leaf_Spot/Corn_Gray_Spot (376).jpg,valid,
archive/data/Gray_Leaf_Spot/Corn_Gray_Spot (377).jpg,valid,
archive/data/Gray_Leaf_Spot/Corn_Gray_Spot (378).JPG,valid,
archive/data/Gray_Leaf_Spot/Corn_Gray_Spot (379).JPG,valid,
archive/data/Gray_Leaf_Spot/Corn_Gray_Spot (38).jpg,valid,
archive/data/Gray_Leaf_Spot/Corn_Gray_Spot (380).JPG,valid,
archive/data/Gray_Leaf_Spot/Corn_Gray_Spot (381).jpg,valid,
archive/data/Gray_Leaf_Spot/Corn_Gray_Spot (382).JPG,valid,
archive/data/Gray_Leaf_Spot/Corn_Gray_Spot (383).JPG,valid,
archive/data/Gray_Leaf_Spot/Corn_Gray_Spot (384).JPG,valid,
archive/data/Gray_Leaf_Spot/Corn_Gray_Spot (385).JPG,valid,
archive/data/Gray_Leaf_Spot/Corn_Gray_Spot (386).JPG,valid,
archive/data/Gray_Leaf_Spot/Corn_Gray_Spot (387).JPG,valid,
archive/data/Gray_Leaf_Spot/Corn_Gray_Spot (388).JPG,valid,
archive/data/Gray_Leaf_Spot/Corn_Gray_Spot (389).JPG,valid,
archive/data/Gray_Leaf_Spot/Corn_Gray_Spot (39).jpg,valid,
archive/data/Gray_Leaf_Spot/Corn_Gray_Spot (390).JPG,valid,
archive/data/Gray_Leaf_Spot/Corn_Gray_Spot (391).JPG,valid,
archive/data/Gray_Leaf_Spot/Corn_Gray_Spot (392).JPG,valid,
archive/data/Gray_Leaf_Spot/Corn_Gray_Spot (393).jpg,valid,
archive/data/Gray_Leaf_Spot/Corn_Gray_Spot (394).JPG,valid,
archive/data/Gray_Leaf_Spot/Corn_Gray_Spot (395).JPG,valid,
archive/data/Gray_Leaf_Spot/Corn_Gray_Spot (396).JPG,valid,
archive/data/Gray_Leaf_Spot/Corn_Gray_Spot (397).jpg,valid,
archive/data/Gray_Leaf_Spot/Corn_Gray_Spot (398).JPG,valid,
archive/data/Gray_Leaf_Spot/Corn_Gray_Spot (399).JPG,valid,
archive/data/Gray_Leaf_Spot/Corn_Gray_Spot (4).jpg,valid,
archive/data/Gray_Leaf_Spot/Corn_Gray_Spot (40).jpg,valid,
archive/data/Gray_Leaf_Spot/Corn_Gray_Spot (400).JPG,valid,
archive/data/Gray_Leaf_Spot/Corn_Gray_Spot (401).JPG,valid,
archive/data/Gray_Leaf_Spot/Corn_Gray_Spot (402).JPG,valid,
archive/data/Gray_Leaf_Spot/Corn_Gray_Spot (403).JPG,valid,
archive/data/Gray_Leaf_Spot/Corn_Gray_Spot (404).JPG,valid,
archive/data/Gray_Leaf_Spot/Corn_Gray_Spot (405).JPG,valid,
archive/data/Gray_Leaf_Spot/Corn_Gray_Spot (406).JPG,valid,
archive/data/Gray_Leaf_Spot/Corn_Gray_Spot (407).JPG,valid,
archive/data/Gray_Leaf_Spot/Corn_Gray_Spot (408).JPG,valid,
archive/data/Gray_Leaf_Spot/Corn_Gray_Spot (409).jpg,valid,
archive/data/Gray_Leaf_Spot/Corn_Gray_Spot (41).jpg,valid,
archive/data/Gray_Leaf_Spot/Corn_Gray_Spot (410).JPG,valid,
archive/data/Gray_Leaf_Spot/Corn_Gray_Spot (411).jpg,valid,
archive/data/Gray_Leaf_Spot/Corn_Gray_Spot (412).JPG,valid,
archive/data/Gray_Leaf_Spot/Corn_Gray_Spot (413).JPG,valid,
archive/data/Gray_Leaf_Spot/Corn_Gray_Spot (414).JPG,valid,
archive/data/Gray_Leaf_Spot/Corn_Gray_Spot (415).JPG,valid,
archive/data/Gray_Leaf_Spot/Corn_Gray_Spot (416).JPG,valid,
archive/data/Gray_Leaf_Spot/Corn_Gray_Spot (417).JPG,valid,
archive/data/Gray_Leaf_Spot/Corn_Gray_Spot (418).JPG,valid,
archive/data/Gray_Leaf_Spot/Corn_Gray_Spot (419).JPG,valid,
archive/data/Gray_Leaf_Spot/Corn_Gray_Spot (42).jpg,valid,
archive/data/Gray_Leaf_Spot/Corn_Gray_Spot (420).JPG,valid,
archive/data/Gray_Leaf_Spot/Corn_Gray_Spot (421).JPG,valid,
archive/data/Gray_Leaf_Spot/Corn_Gray_Spot (422).JPG,valid,
archive/data/Gray_Leaf_Spot/Corn_Gray_Spot (423).JPG,valid,
archive/data/Gray_Leaf_Spot/Corn_Gray_Spot (424).JPG,valid,
archive/data/Gray_Leaf_Spot/Corn_Gray_Spot (425).JPG,valid,
archive/data/Gray_Leaf_Spot/Corn_Gray_Spot (426).JPG,valid,
archive/data/Gray_Leaf_Spot/Corn_Gray_Spot (427).JPG,valid,
archive/data/Gray_Leaf_Spot/Corn_Gray_Spot (428).JPG,valid,
archive/data/Gray_Leaf_Spot/Corn_Gray_Spot (429).JPG,valid,
archive/data/Gray_Leaf_Spot/Corn_Gray_Spot (43).jpg,valid,
archive/data/Gray_Leaf_Spot/Corn_Gray_Spot (430).jpg,valid,
archive/data/Gray_Leaf_Spot/Corn_Gray_Spot (431).JPG,valid,
archive/data/Gray_Leaf_Spot/Corn_Gray_Spot (432).JPG,valid,
archive/data/Gray_Leaf_Spot/Corn_Gray_Spot (433).JPG,valid,
archive/data/Gray_Leaf_Spot/Corn_Gray_Spot (434).JPG,valid,
archive/data/Gray_Leaf_Spot/Corn_Gray_Spot (435).JPG,valid,
archive/data/Gray_Leaf_Spot/Corn_Gray_Spot (436).JPG,valid,
archive/data/Gray_Leaf_Spot/Corn_Gray_Spot (437).JPG,valid,
archive/data/Gray_Leaf_Spot/Corn_Gray_Spot (438).JPG,valid,
archive/data/Gray_Leaf_Spot/Corn_Gray_Spot (439).JPG,valid,
archive/data/Gray_Leaf_Spot/Corn_Gray_Spot (44).jpg,valid,
archive/data/Gray_Leaf_Spot/Corn_Gray_Spot (440).jpg,valid,
archive/data/Gray_Leaf_Spot/Corn_Gray_Spot (441).JPG,valid,
archive/data/Gray_Leaf_Spot/Corn_Gray_Spot (442).JPG,valid,
archive/data/Gray_Leaf_Spot/Corn_Gray_Spot (443).JPG,valid,
archive/data/Gray_Leaf_Spot/Corn_Gray_Spot (444).JPG,valid,
archive/data/Gray_Leaf_Spot/Corn_Gray_Spot (445).JPG,valid,
archive/data/Gray_Leaf_Spot/Corn_Gray_Spot (446).JPG,valid,
archive/data/Gray_Leaf_Spot/Corn_Gray_Spot (447).JPG,valid,
archive/data/Gray_Leaf_Spot/Corn_Gray_Spot (448).JPG,valid,
archive/data/Gray_Leaf_Spot/Corn_Gray_Spot (449).JPG,valid,
archive/data/Gray_Leaf_Spot/Corn_Gray_Spot (45).jpg,valid,
archive/data/Gray_Leaf_Spot/Corn_Gray_Spot (450).JPG,valid,
archive/data/Gray_Leaf_Spot/Corn_Gray_Spot (451).jpg,valid,
archive/data/Gray_Leaf_Spot/Corn_Gray_Spot (452).JPG,valid,
archive/data/Gray_Leaf_Spot/Corn_Gray_Spot (453).JPG,valid,
archive/data/Gray_Leaf_Spot/Corn_Gray_Spot (454).JPG,valid,
archive/data/Gray_Leaf_Spot/Corn_Gray_Spot (455).JPG,valid,
archive/data/Gray_Leaf_Spot/Corn_Gray_Spot (456).JPG,valid,
archive/data/Gray_Leaf_Spot/Corn_Gray_Spot (457).JPG,valid,
archive/data/Gray_Leaf_Spot/Corn_Gray_Spot (458).JPG,valid,
archive/data/Gray_Leaf_Spot/Corn_Gray_Spot (459).JPG,valid,
archive/data/Gray_Leaf_Spot/Corn_Gray_Spot (46).jpg,valid,
archive/data/Gray_Leaf_Spot/Corn_Gray_Spot (460).JPG,valid,
archive/data/Gray_Leaf_Spot/Corn_Gray_Spot (461).JPG,valid,
archive/data/Gray_Leaf_Spot/Corn_Gray_Spot (462).JPG,valid,
archive/data/Gray_Leaf_Spot/Corn_Gray_Spot (463).JPG,valid,
archive/data/Gray_Leaf_Spot/Corn_Gray_Spot (464).JPG,valid,
archive/data/Gray_Leaf_Spot/Corn_Gray_Spot (465).JPG,valid,
archive/data/Gray_Leaf_Spot/Corn_Gray_Spot (466).JPG,valid,
archive/data/Gray_Leaf_Spot/Corn_Gray_Spot (467).JPG,valid,
archive/data/Gray_Leaf_Spot/Corn_Gray_Spot (468).JPG,valid,
archive/data/Gray_Leaf_Spot/Corn_Gray_Spot (469).JPG,valid,
archive/data/Gray_Leaf_Spot/Corn_Gray_Spot (47).jpg,valid,
archive/data/Gray_Leaf_Spot/Corn_Gray_Spot (470).JPG,valid,
archive/data/Gray_Leaf_Spot/Corn_Gray_Spot (471).JPG,valid,
archive/data/Gray_Leaf_Spot/Corn_Gray_Spot (472).JPG,valid,
archive/data/Gray_Leaf_Spot/Corn_Gray_Spot (473).jpg,valid,
archive/data/Gray_Leaf_Spot/Corn_Gray_Spot (474).jpg,valid,
archive/data/Gray_Leaf_Spot/Corn_Gray_Spot (475).JPG,valid,
archive/data/Gray_Leaf_Spot/Corn_Gray_Spot (476).JPG,valid,
archive/data/Gray_Leaf_Spot/Corn_Gray_Spot (477).JPG,valid,
archive/data/Gray_Leaf_Spot/Corn_Gray_Spot (478).JPG,valid,
archive/data/Gray_Leaf_Spot/Corn_Gray_Spot (479).JPG,valid,
archive/data/Gray_Leaf_Spot/Corn_Gray_Spot (48).jpg,valid,
archive/data/Gray_Leaf_Spot/Corn_Gray_Spot (480).jpg,valid,
archive/data/Gray_Leaf_Spot/Corn_Gray_Spot (481).JPG,valid,
archive/data/Gray_Leaf_Spot/Corn_Gray_Spot (482).JPG,valid,
archive/data/Gray_Leaf_Spot/Corn_Gray_Spot (483).JPG,valid,
archive/data/Gray_Leaf_Spot/Corn_Gray_Spot (484).JPG,valid,
archive/data/Gray_Leaf_Spot/Corn_Gray_Spot (485).JPG,valid,
archive/data/Gray_Leaf_Spot/Corn_Gray_Spot (486).JPG,valid,
archive/data/Gray_Leaf_Spot/Corn_Gray_Spot (487).JPG,valid,
archive/data/Gray_Leaf_Spot/Corn_Gray_Spot (488).JPG,valid,
archive/data/Gray_Leaf_Spot/Corn_Gray_Spot (489).JPG,valid,
archive/data/Gray_Leaf_Spot/Corn_Gray_Spot (49).JPG,valid,
archive/data/Gray_Leaf_Spot/Corn_Gray_Spot (490).JPG,valid,
archive/data/Gray_Leaf_Spot/Corn_Gray_Spot (491).JPG,valid,
archive/data/Gray_Leaf_Spot/Corn_Gray_Spot (492).JPG,valid,
archive/data/Gray_Leaf_Spot/Corn_Gray_Spot (493).JPG,valid,
archive/data/Gray_Leaf_Spot/Corn_Gray_Spot (494).JPG,valid,
archive/data/Gray_Leaf_Spot/Corn_Gray_Spot (495).jpg,valid,
archive/data/Gray_Leaf_Spot/Corn_Gray_Spot (496).JPG,valid,
archive/data/Gray_Leaf_Spot/Corn_Gray_Spot (497).jpg,valid,
archive/data/Gray_Leaf_Spot/Corn_Gray_Spot (498).JPG,valid,
archive/data/Gray_Leaf_Spot/Corn_Gray_Spot (499).JPG,valid,
archive/data/Gray_Leaf_Spot/Corn_Gray_Spot (5).jpg,valid,
archive/data/Gray_Leaf_Spot/Corn_Gray_Spot (50).JPG,valid,
archive/data/Gray_Leaf_Spot/Corn_Gray_Spot (500).JPG,valid,
archive/data/Gray_Leaf_Spot/Corn_Gray_Spot (501).JPG,valid,
archive/data/Gray_Leaf_Spot/Corn_Gray_Spot (502).JPG,valid,
archive/data/Gray_Leaf_Spot/Corn_Gray_Spot (503).JPG,valid,
archive/data/Gray_Leaf_Spot/Corn_Gray_Spot (504).JPG,valid,
archive/data/Gray_Leaf_Spot/Corn_Gray_Spot (505).JPG,valid,
archive/data/Gray_Leaf_Spot/Corn_Gray_Spot (506).JPG,valid,
archive/data/Gray_Leaf_Spot/Corn_Gray_Spot (507).JPG,valid,
archive/data/Gray_Leaf_Spot/Corn_Gray_Spot (508).jpg,valid,
archive/data/Gray_Leaf_Spot/Corn_Gray_Spot (509).jpg,valid,
archive/data/Gray_Leaf_Spot/Corn_Gray_Spot (51).JPG,valid,
archive/data/Gray_Leaf_Spot/Corn_Gray_Spot (510).JPG,valid,
archive/data/Gray_Leaf_Spot/Corn_Gray_Spot (511).JPG,valid,
archive/data/Gray_Leaf_Spot/Corn_Gray_Spot (512).JPG,valid,
archive/data/Gray_Leaf_Spot/Corn_Gray_Spot (513).JPG,valid,
archive/data/Gray_Leaf_Spot/Corn_Gray_Spot (514).JPG,valid,
archive/data/Gray_Leaf_Spot/Corn_Gray_Spot (515).JPG,valid,
archive/data/Gray_Leaf_Spot/Corn_Gray_Spot (516).JPG,valid,
archive/data/Gray_Leaf_Spot/Corn_Gray_Spot (517).JPG,valid,
archive/data/Gray_Leaf_Spot/Corn_Gray_Spot (518).jpg,valid,
archive/data/Gray_Leaf_Spot/Corn_Gray_Spot (519).JPG,valid,
archive/data/Gray_Leaf_Spot/Corn_Gray_Spot (52).jpg,valid,
archive/data/Gray_Leaf_Spot/Corn_Gray_Spot (520).JPG,valid,
archive/data/Gray_Leaf_Spot/Corn_Gray_Spot (521).JPG,valid,
archive/data/Gray_Leaf_Spot/Corn_Gray_Spot (522).jpg,valid,
archive/data/Gray_Leaf_Spot/Corn_Gray_Spot (523).jpg,valid,
archive/data/Gray_Leaf_Spot/Corn_Gray_Spot (524).JPG,valid,
archive/data/Gray_Leaf_Spot/Corn_Gray_Spot (525).JPG,valid,
archive/data/Gray_Leaf_Spot/Corn_Gray_Spot (526).JPG,valid,
archive/data/Gray_Leaf_Spot/Corn_Gray_Spot (527).JPG,valid,
archive/data/Gray_Leaf_Spot/Corn_Gray_Spot (528).JPG,valid,
archive/data/Gray_Leaf_Spot/Corn_Gray_Spot (529).jpg,valid,
archive/data/Gray_Leaf_Spot/Corn_Gray_Spot (53).JPG,valid,
archive/data/Gray_Leaf_Spot/Corn_Gray_Spot (530).JPG,valid,
archive/data/Gray_Leaf_Spot/Corn_Gray_Spot (531).JPG,valid,
archive/data/Gray_Leaf_Spot/Corn_Gray_Spot (532).JPG,valid,
archive/data/Gray_Leaf_Spot/Corn_Gray_Spot (533).JPG,valid,
archive/data/Gray_Leaf_Spot/Corn_Gray_Spot (534).JPG,valid,
archive/data/Gray_Leaf_Spot/Corn_Gray_Spot (535).JPG,valid,
archive/data/Gray_Leaf_Spot/Corn_Gray_Spot (536).JPG,valid,
archive/data/Gray_Leaf_Spot/Corn_Gray_Spot (537).JPG,valid,
archive/data/Gray_Leaf_Spot/Corn_Gray_Spot (538).JPG,valid,
archive/data/Gray_Leaf_Spot/Corn_Gray_Spot (539).JPG,valid,
archive/data/Gray_Leaf_Spot/Corn_Gray_Spot (54).JPG,valid,
archive/data/Gray_Leaf_Spot/Corn_Gray_Spot (540).jpg,valid,
archive/data/Gray_Leaf_Spot/Corn_Gray_Spot (541).JPG,valid,
archive/data/Gray_Leaf_Spot/Corn_Gray_Spot (542).jpg,valid,
archive/data/Gray_Leaf_Spot/Corn_Gray_Spot (543).JPG,valid,
archive/data/Gray_Leaf_Spot/Corn_Gray_Spot (544).JPG,valid,
archive/data/Gray_Leaf_Spot/Corn_Gray_Spot (545).JPG,valid,
archive/data/Gray_Leaf_Spot/Corn_Gray_Spot (546).jpg,valid,
archive/data/Gray_Leaf_Spot/Corn_Gray_Spot (547).JPG,valid,
archive/data/Gray_Leaf_Spot/Corn_Gray_Spot (548).JPG,valid,
archive/data/Gray_Leaf_Spot/Corn_Gray_Spot (549).JPG,valid,
archive/data/Gray_Leaf_Spot/Corn_Gray_Spot (55).jpg,valid,
archive/data/Gray_Leaf_Spot/Corn_Gray_Spot (550).JPG,valid,
archive/data/Gray_Leaf_Spot/Corn_Gray_Spot (551).JPG,valid,
archive/data/Gray_Leaf_Spot/Corn_Gray_Spot (552).JPG,valid,
archive/data/Gray_Leaf_Spot/Corn_Gray_Spot (553).JPG,valid,
archive/data/Gray_Leaf_Spot/Corn_Gray_Spot (554).JPG,valid,
archive/data/Gray_Leaf_Spot/Corn_Gray_Spot (555).JPG,valid,
archive/data/Gray_Leaf_Spot/Corn_Gray_Spot (556).jpg,valid,
archive/data/Gray_Leaf_Spot/Corn_Gray_Spot (557).jpg,valid,
archive/data/Gray_Leaf_Spot/Corn_Gray_Spot (558).JPG,valid,
archive/data/Gray_Leaf_Spot/Corn_Gray_Spot (559).JPG,valid,
archive/data/Gray_Leaf_Spot/Corn_Gray_Spot (56).JPG,valid,
archive/data/Gray_Leaf_Spot/Corn_Gray_Spot (560).JPG,valid,
archive/data/Gray_Leaf_Spot/Corn_Gray_Spot (561).JPG,valid,
archive/data/Gray_Leaf_Spot/Corn_Gray_Spot (562).jpg,valid,
archive/data/Gray_Leaf_Spot/Corn_Gray_Spot (563).jpg,valid,
archive/data/Gray_Leaf_Spot/Corn_Gray_Spot (564).jpg,valid,
archive/data/Gray_Leaf_Spot/Corn_Gray_Spot (565).jpg,valid,
archive/data/Gray_Leaf_Spot/Corn_Gray_Spot (566).jpg,valid,
archive/data/Gray_Leaf_Spot/Corn_Gray_Spot (567).jpg,valid,
archive/data/Gray_Leaf_Spot/Corn_Gray_Spot (568).jpg,valid,
archive/data/Gray_Leaf_Spot/Corn_Gray_Spot (569).jpg,valid,
archive/data/Gray_Leaf_Spot/Corn_Gray_Spot (57).JPG,valid,
archive/data/Gray_Leaf_Spot/Corn_Gray_Spot (570).jpg,valid,
archive/data/Gray_Leaf_Spot/Corn_Gray_Spot (571).jpg,valid,
archive/data/Gray_Leaf_Spot/Corn_Gray_Spot (572).jpg,valid,
archive/data/Gray_Leaf_Spot/Corn_Gray_Spot (573).jpg,valid,
archive/data/Gray_Leaf_Spot/Corn_Gray_Spot (574).jpg,valid,
archive/data/Gray_Leaf_Spot/Corn_Gray_Spot (58).JPG,valid,
archive/data/Gray_Leaf_Spot/Corn_Gray_Spot (59).JPG,valid,
archive/data/Gray_Leaf_Spot/Corn_Gray_Spot (6).jpg,valid,
archive/data/Gray_Leaf_Spot/Corn_Gray_Spot (60).JPG,valid,
archive/data/Gray_Leaf_Spot/Corn_Gray_Spot (61).JPG,valid,
archive/data/Gray_Leaf_Spot/Corn_Gray_Spot (62).JPG,valid,
archive/data/Gray_Leaf_Spot/Corn_Gray_Spot (63).JPG,valid,
archive/data/Gray_Leaf_Spot/Corn_Gray_Spot (64).JPG,valid,
archive/data/Gray_Leaf_Spot/Corn_Gray_Spot (65).JPG,valid,
archive/data/Gray_Leaf_Spot/Corn_Gray_Spot (66).JPG,valid,
archive/data/Gray_Leaf_Spot/Corn_Gray_Spot (67).JPG,valid,
archive/data/Gray_Leaf_Spot/Corn_Gray_Spot (68).jpg,valid,
archive/data/Gray_Leaf_Spot/Corn_Gray_Spot (69).JPG,valid,
archive/data/Gray_Leaf_Spot/Corn_Gray_Spot (7).jpg,valid,
archive/data/Gray_Leaf_Spot/Corn_Gray_Spot (70).JPG,valid,
archive/data/Gray_Leaf_Spot/Corn_Gray_Spot (71).JPG,valid,
archive/data/Gray_Leaf_Spot/Corn_Gray_Spot (72).JPG,valid,
archive/data/Gray_Leaf_Spot/Corn_Gray_Spot (73).JPG,valid,
archive/data/Gray_Leaf_Spot/Corn_Gray_Spot (74).JPG,valid,
archive/data/Gray_Leaf_Spot/Corn_Gray_Spot (75).jpg,valid,
archive/data/Gray_Leaf_Spot/Corn_Gray_Spot (76).JPG,valid,
archive/data/Gray_Leaf_Spot/Corn_Gray_Spot (77).JPG,valid,
archive/data/Gray_Leaf_Spot/Corn_Gray_Spot (78).JPG,valid,
archive/data/Gray_Leaf_Spot/Corn_Gray_Spot (79).jpg,valid,
archive/data/Gray_Leaf_Spot/Corn_Gray_Spot (8).jpg,valid,
archive/data/Gray_Leaf_Spot/Corn_Gray_Spot (80).JPG,valid,
archive/data/Gray_Leaf_Spot/Corn_Gray_Spot (81).JPG,valid,
archive/data/Gray_Leaf_Spot/Corn_Gray_Spot (82).JPG,valid,
archive/data/Gray_Leaf_Spot/Corn_Gray_Spot (83).JPG,valid,
archive/data/Gray_Leaf_Spot/Corn_Gray_Spot (84).JPG,valid,
archive/data/Gray_Leaf_Spot/Corn_Gray_Spot (85).JPG,valid,
archive/data/Gray_Leaf_Spot/Corn_Gray_Spot (86).JPG,valid,
archive/data/Gray_Leaf_Spot/Corn_Gray_Spot (87).JPG,valid,
archive/data/Gray_Leaf_Spot/Corn_Gray_Spot (88).JPG,valid,
archive/data/Gray_Leaf_Spot/Corn_Gray_Spot (89).JPG,valid,
archive/data/Gray_Leaf_Spot/Corn_Gray_Spot (9).jpg,valid,
archive/data/Gray_Leaf_Spot/Corn_Gray_Spot (90).JPG,valid,
archive/data/Gray_Leaf_Spot/Corn_Gray_Spot (91).JPG,valid,
archive/data/Gray_Leaf_Spot/Corn_Gray_Spot (92).JPG,valid,
archive/data/Gray_Leaf_Spot/Corn_Gray_Spot (93).JPG,valid,
archive/data/Gray_Leaf_Spot/Corn_Gray_Spot (94).JPG,valid,
archive/data/Gray_Leaf_Spot/Corn_Gray_Spot (95).JPG,valid,
archive/data/Gray_Leaf_Spot/Corn_Gray_Spot (96).JPG,valid,
archive/data/Gray_Leaf_Spot/Corn_Gray_Spot (97).JPG,valid,
archive/data/Gray_Leaf_Spot/Corn_Gray_Spot (98).jpg,valid,
archive/data/Gray_Leaf_Spot/Corn_Gray_Spot (99).JPG,valid,
archive/data/Healthy/Corn_Health (1).jpg,valid,
archive/data/Healthy/Corn_Health (10).jpg,valid,
archive/data/Healthy/Corn_Health (100).jpg,valid,
archive/data/Healthy/Corn_Health (1000).jpg,valid,
archive/data/Healthy/Corn_Health (1001).jpg,valid,
archive/data/Healthy/Corn_Health (1002).jpg,valid,
archive/data/Healthy/Corn_Health (1003).jpg,valid,
archive/data/Healthy/Corn_Health (1004).jpg,valid,
archive/data/Healthy/Corn_Health (1005).jpg,valid,
archive/data/Healthy/Corn_Health (1006).jpg,valid,
archive/data/Healthy/Corn_Health (1007).jpg,valid,
archive/data/Healthy/Corn_Health (1008).jpg,valid,
archive/data/Healthy/Corn_Health (1009).jpg,valid,
archive/data/Healthy/Corn_Health (101).jpg,valid,
archive/data/Healthy/Corn_Health (1010).jpg,valid,
archive/data/Healthy/Corn_Health (1011).jpg,valid,
archive/data/Healthy/Corn_Health (1012).JPG,valid,
archive/data/Healthy/Corn_Health (1013).jpg,valid,
archive/data/Healthy/Corn_Health (1014).jpg,valid,
archive/data/Healthy/Corn_Health (1015).jpg,valid,
archive/data/Healthy/Corn_Health (1016).jpg,valid,
archive/data/Healthy/Corn_Health (1017).jpg,valid,
archive/data/Healthy/Corn_Health (1018).jpg,valid,
archive/data/Healthy/Corn_Health (1019).jpg,valid,
archive/data/Healthy/Corn_Health (102).jpg,valid,
archive/data/Healthy/Corn_Health (1020).jpg,valid,
archive/data/Healthy/Corn_Health (1021).jpg,valid,
archive/data/Healthy/Corn_Health (1022).jpg,valid,
archive/data/Healthy/Corn_Health (1023).jpg,valid,
archive/data/Healthy/Corn_Health (1024).jpg,valid,
archive/data/Healthy/Corn_Health (1025).jpg,valid,
archive/data/Healthy/Corn_Health (1026).jpg,valid,
archive/data/Healthy/Corn_Health (1027).jpg,valid,
archive/data/Healthy/Corn_Health (1028).JPG,valid,
archive/data/Healthy/Corn_Health (1029).jpg,valid,
archive/data/Healthy/Corn_Health (103).jpg,valid,
archive/data/Healthy/Corn_Health (1030).jpg,valid,
archive/data/Healthy/Corn_Health (1031).jpg,valid,
archive/data/Healthy/Corn_Health (1032).jpg,valid,
archive/data/Healthy/Corn_Health (1033).jpg,valid,
archive/data/Healthy/Corn_Health (1034).jpg,valid,
archive/data/Healthy/Corn_Health (1035).jpg,valid,
archive/data/Healthy/Corn_Health (1036).jpg,valid,
archive/data/Healthy/Corn_Health (1037).jpg,valid,
archive/data/Healthy/Corn_Health (1038).jpg,valid,
archive/data/Healthy/Corn_Health (1039).jpg,valid,
archive/data/Healthy/Corn_Health (104).jpg,valid,
archive/data/Healthy/Corn_Health (1040).jpg,valid,
archive/data/Healthy/Corn_Health (1041).jpg,valid,
archive/data/Healthy/Corn_Health (1042).jpg,valid,
archive/data/Healthy/Corn_Health (1043).jpg,valid,
archive/data/Healthy/Corn_Health (1044).jpg,valid,
archive/data/Healthy/Corn_Health (1045).jpg,valid,
archive/data/Healthy/Corn_Health (1046).jpg,valid,
archive/data/Healthy/Corn_Health (1047).JPG,valid,
archive/data/Healthy/Corn_Health (1048).jpg,valid,
archive/data/Healthy/Corn_Health (1049).jpg,valid,
archive/data/Healthy/Corn_Health (105).jpg,valid,
archive/data/Healthy/Corn_Health (1050).jpg,valid,
archive/data/Healthy/Corn_Health (1051).jpg,valid,
archive/data/Healthy/Corn_Health (1052).jpg,valid,
archive/data/Healthy/Corn_Health (1053).jpg,valid,
archive/data/Healthy/Corn_Health (1054).jpg,valid,
archive/data/Healthy/Corn_Health (1055).jpg,valid,
archive/data/Healthy/Corn_Health (1056).jpg,valid,
archive/data/Healthy/Corn_Health (1057).jpg,valid,
archive/data/Healthy/Corn_Health (1058).jpg,valid,
archive/data/Healthy/Corn_Health (1059).jpg,valid,
archive/data/Healthy/Corn_Health (106).jpg,valid,
archive/data/Healthy/Corn_Health (1060).jpg,valid,
archive/data/Healthy/Corn_Health (1061).jpg,valid,
archive/data/Healthy/Corn_Health (1062).jpg,valid,
archive/data/Healthy/Corn_Health (1063).jpg,valid,
archive/data/Healthy/Corn_Health (1064).jpg,valid,
archive/data/Healthy/Corn_Health (1065).jpg,valid,
archive/data/Healthy/Corn_Health (1066).jpg,valid,
archive/data/Healthy/Corn_Health (1067).jpg,valid,
archive/data/Healthy/Corn_Health (1068).jpg,valid,
archive/data/Healthy/Corn_Health (1069).jpg,valid,
archive/data/Healthy/Corn_Health (107).JPG,valid,
archive/data/Healthy/Corn_Health (1070).jpg,valid,
archive/data/Healthy/Corn_Health (1071).jpg,valid,
archive/data/Healthy/Corn_Health (1072).jpg,valid,
archive/data/Healthy/Corn_Health (1073).jpg,valid,
archive/data/Healthy/Corn_Health (1074).jpg,valid,
archive/data/Healthy/Corn_Health (1075).jpg,valid,
archive/data/Healthy/Corn_Health (1076).jpg,valid,
archive/data/Healthy/Corn_Health (1077).jpg,valid,
archive/data/Healthy/Corn_Health (1078).jpg,valid,
archive/data/Healthy/Corn_Health (1079).jpg,valid,
archive/data/Healthy/Corn_Health (108).jpg,valid,
archive/data/Healthy/Corn_Health (1080).jpg,valid,
archive/data/Healthy/Corn_Health (1081).jpg,valid,
archive/data/Healthy/Corn_Health (1082).jpg,valid,
archive/data/Healthy/Corn_Health (1083).jpg,valid,
archive/data/Healthy/Corn_Health (1084).jpg,valid,
archive/data/Healthy/Corn_Health (1085).jpg,valid,
archive/data/Healthy/Corn_Health (1086).jpg,valid,
archive/data/Healthy/Corn_Health (1087).jpg,valid,
archive/data/Healthy/Corn_Health (1088).jpg,valid,
archive/data/Healthy/Corn_Health (1089).jpg,valid,
archive/data/Healthy/Corn_Health (109).jpg,valid,
archive/data/Healthy/Corn_Health (1090).jpg,valid,
archive/data/Healthy/Corn_Health (1091).jpg,valid,
archive/data/Healthy/Corn_Health (1092).jpg,valid,
archive/data/Healthy/Corn_Health (1093).jpg,valid,
archive/data/Healthy/Corn_Health (1094).jpg,valid,
archive/data/Healthy/Corn_Health (1095).jpg,valid,
archive/data/Healthy/Corn_Health (1096).jpg,valid,
archive/data/Healthy/Corn_Health (1097).jpg,valid,
archive/data/Healthy/Corn_Health (1098).jpg,valid,
archive/data/Healthy/Corn_Health (1099).jpg,valid,
archive/data/Healthy/Corn_Health (11).jpg,valid,
archive/data/Healthy/Corn_Health (110).jpg,valid,
archive/data/Healthy/Corn_Health (1100).jpg,valid,
archive/data/Healthy/Corn_Health (1101).jpg,valid,
archive/data/Healthy/Corn_Health (1102).jpg,valid,
archive/data/Healthy/Corn_Health (1103).jpg,valid,
archive/data/Healthy/Corn_Health (1104).jpg,valid,
archive/data/Healthy/Corn_Health (1105).jpg,valid,
archive/data/Healthy/Corn_Health (1106).jpg,valid,
archive/data/Healthy/Corn_Health (1107).jpg,valid,
archive/data/Healthy/Corn_Health (1108).jpg,valid,
archive/data/Healthy/Corn_Health (1109).jpg,valid,
archive/data/Healthy/Corn_Health (111).jpg,valid,
archive/data/Healthy/Corn_Health (1110).jpg,valid,
archive/data/Healthy/Corn_Health (1111).jpg,valid,
archive/data/Healthy/Corn_Health (1112).jpg,valid,
archive/data/Healthy/Corn_Health (1113).jpg,valid,
archive/data/Healthy/Corn_Health (1114).jpg,valid,
archive/data/Healthy/Corn_Health (1115).jpg,valid,
archive/data/Healthy/Corn_Health (1116).jpg,valid,
archive/data/Healthy/Corn_Health (1117).jpg,valid,
archive/data/Healthy/Corn_Health (1118).jpg,valid,
archive/data/Healthy/Corn_Health (1119).jpg,valid,
archive/data/Healthy/Corn_Health (112).jpg,valid,
archive/data/Healthy/Corn_Health (1120).jpg,valid,
archive/data/Healthy/Corn_Health (1121).jpg,valid,
archive/data/Healthy/Corn_Health (1122).jpg,valid,
archive/data/Healthy/Corn_Health (1123).jpg,valid,
archive/data/Healthy/Corn_Health (1124).jpg,valid,
archive/data/Healthy/Corn_Health (1125).jpg,valid,
archive/data/Healthy/Corn_Health (1126).jpg,valid,
archive/data/Healthy/Corn_Health (1127).jpg,valid,
archive/data/Healthy/Corn_Health (1128).jpg,valid,
archive/data/Healthy/Corn_Health (1129).jpg,valid,
archive/data/Healthy/Corn_Health (113).jpg,valid,
archive/data/Healthy/Corn_Health (1130).jpg,valid,
archive/data/Healthy/Corn_Health (1131).jpg,valid,
archive/data/Healthy/Corn_Health (1132).jpg,valid,
archive/data/Healthy/Corn_Health (1133).jpg,valid,
archive/data/Healthy/Corn_Health (1134).jpg,valid,
archive/data/Healthy/Corn_Health (1135).jpg,valid,
archive/data/Healthy/Corn_Health (1136).jpg,valid,
archive/data/Healthy/Corn_Health (1137).jpg,valid,
archive/data/Healthy/Corn_Health (1138).jpg,valid,
archive/data/Healthy/Corn_Health (1139).jpg,valid,
archive/data/Healthy/Corn_Health (114).jpg,valid,
archive/data/Healthy/Corn_Health (1140).jpg,valid,
archive/data/Healthy/Corn_Health (1141).jpg,valid,
archive/data/Healthy/Corn_Health (1142).jpg,valid,
archive/data/Healthy/Corn_Health (1143).jpg,valid,
archive/data/Healthy/Corn_Health (1144).jpg,valid,
archive/data/Healthy/Corn_Health (1145).jpg,valid,
archive/data/Healthy/Corn_Health (1146).jpg,valid,
archive/data/Healthy/Corn_Health (1147).jpg,valid,
archive/data/Healthy/Corn_Health (1148).jpg,valid,
archive/data/Healthy/Corn_Health (1149).jpg,valid,
archive/data/Healthy/Corn_Health (115).jpg,valid,
archive/data/Healthy/Corn_Health (1150).jpg,valid,
archive/data/Healthy/Corn_Health (1151).jpg,valid,
archive/data/Healthy/Corn_Health (1152).jpg,valid,
archive/data/Healthy/Corn_Health (1153).jpg,valid,
archive/data/Healthy/Corn_Health (1154).jpg,valid,
archive/data/Healthy/Corn_Health (1155).jpg,valid,
archive/data/Healthy/Corn_Health (1156).jpg,valid,
archive/data/Healthy/Corn_Health (1157).jpg,valid,
archive/data/Healthy/Corn_Health (1158).jpg,valid,
archive/data/Healthy/Corn_Health (1159).jpg,valid,
archive/data/Healthy/Corn_Health (116).jpg,valid,
archive/data/Healthy/Corn_Health (1160).jpg,valid,
archive/data/Healthy/Corn_Health (1161).jpg,valid,
archive/data/Healthy/Corn_Health (1162).jpg,valid,
archive/data/Healthy/Corn_Health (117).jpg,valid,
archive/data/Healthy/Corn_Health (118).jpg,valid,
archive/data/Healthy/Corn_Health (119).jpg,valid,
archive/data/Healthy/Corn_Health (12).jpg,valid,
archive/data/Healthy/Corn_Health (120).jpg,valid,
archive/data/Healthy/Corn_Health (121).jpg,valid,
archive/data/Healthy/Corn_Health (122).jpg,valid,
archive/data/Healthy/Corn_Health (123).jpg,valid,
archive/data/Healthy/Corn_Health (124).jpg,valid,
archive/data/Healthy/Corn_Health (125).jpg,valid,
archive/data/Healthy/Corn_Health (126).jpg,valid,
archive/data/Healthy/Corn_Health (127).jpg,valid,
archive/data/Healthy/Corn_Health (128).jpg,valid,
archive/data/Healthy/Corn_Health (129).jpg,valid,
archive/data/Healthy/Corn_Health (13).jpg,valid,
archive/data/Healthy/Corn_Health (130).jpg,valid,
archive/data/Healthy/Corn_Health (131).jpg,valid,
archive/data/Healthy/Corn_Health (132).jpg,valid,
archive/data/Healthy/Corn_Health (133).jpg,valid,
archive/data/Healthy/Corn_Health (134).jpg,valid,
archive/data/Healthy/Corn_Health (135).jpg,valid,
archive/data/Healthy/Corn_Health (136).jpg,valid,
archive/data/Healthy/Corn_Health (137).jpg,valid,
archive/data/Healthy/Corn_Health (138).jpg,valid,
archive/data/Healthy/Corn_Health (139).jpg,valid,
archive/data/Healthy/Corn_Health (14).jpg,valid,
archive/data/Healthy/Corn_Health (140).jpg,valid,
archive/data/Healthy/Corn_Health (141).jpg,valid,
archive/data/Healthy/Corn_Health (142).jpg,valid,
archive/data/Healthy/Corn_Health (143).jpg,valid,
archive/data/Healthy/Corn_Health (144).jpg,valid,
archive/data/Healthy/Corn_Health (145).jpg,valid,
archive/data/Healthy/Corn_Health (146).jpg,valid,
archive/data/Healthy/Corn_Health (147).jpg,valid,
archive/data/Healthy/Corn_Health (148).jpg,valid,
archive/data/Healthy/Corn_Health (149).jpg,valid,
archive/data/Healthy/Corn_Health (15).jpg,valid,
archive/data/Healthy/Corn_Health (150).jpg,valid,
archive/data/Healthy/Corn_Health (151).jpg,valid,
archive/data/Healthy/Corn_Health (152).jpg,valid,
archive/data/Healthy/Corn_Health (153).jpg,valid,
archive/data/Healthy/Corn_Health (154).jpg,valid,
archive/data/Healthy/Corn_Health (155).jpg,valid,
archive/data/Healthy/Corn_Health (156).jpg,valid,
archive/data/Healthy/Corn_Health (157).jpg,valid,
archive/data/Healthy/Corn_Health (158).jpg,valid,
archive/data/Healthy/Corn_Health (159).jpg,valid,
archive/data/Healthy/Corn_Health (16).jpg,valid,
archive/data/Healthy/Corn_Health (160).jpg,valid,
archive/data/Healthy/Corn_Health (161).jpg,valid,
archive/data/Healthy/Corn_Health (162).jpg,valid,
archive/data/Healthy/Corn_Health (163).jpg,valid,
archive/data/Healthy/Corn_Health (164).jpg,valid,
archive/data/Healthy/Corn_Health (165).jpg,valid,
archive/data/Healthy/Corn_Health (166).jpg,valid,
archive/data/Healthy/Corn_Health (167).jpg,valid,
archive/data/Healthy/Corn_Health (168).jpg,valid,
archive/data/Healthy/Corn_Health (169).jpg,valid,
archive/data/Healthy/Corn_Health (17).jpg,valid,
archive/data/Healthy/Corn_Health (170).jpg,valid,
archive/data/Healthy/Corn_Health (171).jpg,valid,
archive/data/Healthy/Corn_Health (172).jpg,valid,
archive/data/Healthy/Corn_Health (173).jpg,valid,
archive/data/Healthy/Corn_Health (174).jpg,valid,
archive/data/Healthy/Corn_Health (175).jpg,valid,
archive/data/Healthy/Corn_Health (176).JPG,valid,
archive/data/Healthy/Corn_Health (177).jpg,valid,
archive/data/Healthy/Corn_Health (178).jpg,valid,
archive/data/Healthy/Corn_Health (179).jpg,valid,
archive/data/Healthy/Corn_Health (18).jpg,valid,
archive/data/Healthy/Corn_Health (180).jpg,valid,
archive/data/Healthy/Corn_Health (181).jpg,valid,
archive/data/Healthy/Corn_Health (182).jpg,valid,
archive/data/Healthy/Corn_Health (183).jpg,valid,
archive/data/Healthy/Corn_Health (184).jpg,valid,
archive/data/Healthy/Corn_Health (185).jpg,valid,
archive/data/Healthy/Corn_Health (186).jpg,valid,
archive/data/Healthy/Corn_Health (187).jpg,valid,
archive/data/Healthy/Corn_Health (188).jpg,valid,
archive/data/Healthy/Corn_Health (189).jpg,valid,
archive/data/Healthy/Corn_Health (19).jpg,valid,
archive/data/Healthy/Corn_Health (190).jpg,valid,
archive/data/Healthy/Corn_Health (191).jpg,valid,
archive/data/Healthy/Corn_Health (192).jpg,valid,
archive/data/Healthy/Corn_Health (193).jpg,valid,
archive/data/Healthy/Corn_Health (194).jpg,valid,
archive/data/Healthy/Corn_Health (195).jpg,valid,
archive/data/Healthy/Corn_Health (196).jpg,valid,
archive/data/Healthy/Corn_Health (197).jpg,valid,
archive/data/Healthy/Corn_Health (198).jpg,valid,
archive/data/Healthy/Corn_Health (199).JPG,valid,
archive/data/Healthy/Corn_Health (2).jpg,valid,
archive/data/Healthy/Corn_Health (20).jpg,valid,
archive/data/Healthy/Corn_Health (200).jpg,valid,
archive/data/Healthy/Corn_Health (201).jpg,valid,
archive/data/Healthy/Corn_Health (202).jpg,valid,
archive/data/Healthy/Corn_Health (203).jpg,valid,
archive/data/Healthy/Corn_Health (204).jpg,valid,
archive/data/Healthy/Corn_Health (205).jpg,valid,
archive/data/Healthy/Corn_Health (206).jpg,valid,
archive/data/Healthy/Corn_Health (207).jpg,valid,
archive/data/Healthy/Corn_Health (208).jpg,valid,
archive/data/Healthy/Corn_Health (209).jpg,valid,
archive/data/Healthy/Corn_Health (21).jpg,valid,
archive/data/Healthy/Corn_Health (210).jpg,valid,
archive/data/Healthy/Corn_Health (211).jpg,valid,
archive/data/Healthy/Corn_Health (212).jpg,valid,
archive/data/Healthy/Corn_Health (213).jpg,valid,
archive/data/Healthy/Corn_Health (214).jpg,valid,
archive/data/Healthy/Corn_Health (215).jpg,valid,
archive/data/Healthy/Corn_Health (216).jpg,valid,
archive/data/Healthy/Corn_Health (217).jpg,valid,
archive/data/Healthy/Corn_Health (218).jpg,valid,
archive/data/Healthy/Corn_Health (219).jpg,valid,
archive/data/Healthy/Corn_Health (22).jpg,valid,
archive/data/Healthy/Corn_Health (220).jpg,valid,
archive/data/Healthy/Corn_Health (221).jpg,valid,
archive/data/Healthy/Corn_Health (222).jpg,valid,
archive/data/Healthy/Corn_Health (223).jpg,valid,
archive/data/Healthy/Corn_Health (224).jpg,valid,
archive/data/Healthy/Corn_Health (225).jpg,valid,
archive/data/Healthy/Corn_Health (226).jpg,valid,
archive/data/Healthy/Corn_Health (227).jpg,valid,
archive/data/Healthy/Corn_Health (228).jpg,valid,
archive/data/Healthy/Corn_Health (229).jpg,valid,
archive/data/Healthy/Corn_Health (23).jpg,valid,
archive/data/Healthy/Corn_Health (230).jpg,valid,
archive/data/Healthy/Corn_Health (231).jpg,valid,
archive/data/Healthy/Corn_Health (232).jpg,valid,
archive/data/Healthy/Corn_Health (233).jpg,valid,
archive/data/Healthy/Corn_Health (234).jpg,valid,
archive/data/Healthy/Corn_Health (235).jpg,valid,
archive/data/Healthy/Corn_Health (236).jpg,valid,
archive/data/Healthy/Corn_Health (237).jpg,valid,
archive/data/Healthy/Corn_Health (238).jpg,valid,
archive/data/Healthy/Corn_Health (239).jpg,valid,
archive/data/Healthy/Corn_Health (24).jpg,valid,
archive/data/Healthy/Corn_Health (240).jpg,valid,
archive/data/Healthy/Corn_Health (241).jpg,valid,
archive/data/Healthy/Corn_Health (242).jpg,valid,
archive/data/Healthy/Corn_Health (243).jpg,valid,
archive/data/Healthy/Corn_Health (244).jpg,valid,
archive/data/Healthy/Corn_Health (245).jpg,valid,
archive/data/Healthy/Corn_Health (246).jpg,valid,
archive/data/Healthy/Corn_Health (247).jpg,valid,
archive/data/Healthy/Corn_Health (248).jpg,valid,
archive/data/Healthy/Corn_Health (249).jpg,valid,
archive/data/Healthy/Corn_Health (25).jpg,valid,
archive/data/Healthy/Corn_Health (250).jpg,valid,
archive/data/Healthy/Corn_Health (251).jpg,valid,
archive/data/Healthy/Corn_Health (252).jpg,valid,
archive/data/Healthy/Corn_Health (253).jpg,valid,
archive/data/Healthy/Corn_Health (254).jpg,valid,
archive/data/Healthy/Corn_Health (255).jpg,valid,
archive/data/Healthy/Corn_Health (256).jpg,valid,
archive/data/Healthy/Corn_Health (257).jpg,valid,
archive/data/Healthy/Corn_Health (258).jpg,valid,
archive/data/Healthy/Corn_Health (259).jpg,valid,
archive/data/Healthy/Corn_Health (26).jpg,valid,
archive/data/Healthy/Corn_Health (260).jpg,valid,
archive/data/Healthy/Corn_Health (261).jpg,valid,
archive/data/Healthy/Corn_Health (262).jpg,valid,
archive/data/Healthy/Corn_Health (263).jpg,valid,
archive/data/Healthy/Corn_Health (264).jpg,valid,
archive/data/Healthy/Corn_Health (265).jpg,valid,
archive/data/Healthy/Corn_Health (266).jpg,valid,
archive/data/Healthy/Corn_Health (267).jpg,valid,
archive/data/Healthy/Corn_Health (268).jpg,valid,
archive/data/Healthy/Corn_Health (269).jpg,valid,
archive/data/Healthy/Corn_Health (27).jpg,valid,
archive/data/Healthy/Corn_Health (270).jpg,valid,
archive/data/Healthy/Corn_Health (271).jpg,valid,
archive/data/Healthy/Corn_Health (272).jpg,valid,
archive/data/Healthy/Corn_Health (273).jpg,valid,
archive/data/Healthy/Corn_Health (274).jpg,valid,
archive/data/Healthy/Corn_Health (275).jpg,valid,
archive/data/Healthy/Corn_Health (276).JPG,valid,
archive/data/Healthy/Corn_Health (277).jpg,valid,
archive/data/Healthy/Corn_Health (278).jpg,valid,
archive/data/Healthy/Corn_Health (279).jpg,valid,
archive/data/Healthy/Corn_Health (28).jpg,valid,
archive/data/Healthy/Corn_Health (280).jpg,valid,
archive/data/Healthy/Corn_Health (281).jpg,valid,
archive/data/Healthy/Corn_Health (282).jpg,valid,
archive/data/Healthy/Corn_Health (283).JPG,valid,
archive/data/Healthy/Corn_Health (284).jpg,valid,
archive/data/Healthy/Corn_Health (285).jpg,valid,
archive/data/Healthy/Corn_Health (286).jpg,valid,
archive/data/Healthy/Corn_Health (287).jpg,valid,
archive/data/Healthy/Corn_Health (288).jpg,valid,
archive/data/Healthy/Corn_Health (289).jpg,valid,
archive/data/Healthy/Corn_Health (29).jpg,valid,
archive/data/Healthy/Corn_Health (290).jpg,valid,
archive/data/Healthy/Corn_Health (291).jpg,valid,
archive/data/Healthy/Corn_Health (292).jpg,valid,
archive/data/Healthy/Corn_Health (293).jpg,valid,
archive/data/Healthy/Corn_Health (294).jpg,valid,
archive/data/Healthy/Corn_Health (295).jpg,valid,
archive/data/Healthy/Corn_Health (296).jpg,valid,
archive/data/Healthy/Corn_Health (297).jpg,valid,
archive/data/Healthy/Corn_Health (298).jpg,valid,
archive/data/Healthy/Corn_Health (299).jpg,valid,
archive/data/Healthy/Corn_Health (3).jpg,valid,
archive/data/Healthy/Corn_Health (30).jpg,valid,
archive/data/Healthy/Corn_Health (300).jpg,valid,
archive/data/Healthy/Corn_Health (301).jpg,valid,
archive/data/Healthy/Corn_Health (302).jpg,valid,
archive/data/Healthy/Corn_Health (303).jpg,valid,
archive/data/Healthy/Corn_Health (304).jpg,valid,
archive/data/Healthy/Corn_Health (305).jpg,valid,
archive/data/Healthy/Corn_Health (306).jpg,valid,
archive/data/Healthy/Corn_Health (307).jpg,valid,
archive/data/Healthy/Corn_Health (308).jpg,valid,
archive/data/Healthy/Corn_Health (309).jpg,valid,
archive/data/Healthy/Corn_Health (31).jpg,valid,
archive/data/Healthy/Corn_Health (310).JPG,valid,
archive/data/Healthy/Corn_Health (311).jpg,valid,
archive/data/Healthy/Corn_Health (312).JPG,valid,
archive/data/Healthy/Corn_Health (313).jpg,valid,
archive/data/Healthy/Corn_Health (314).jpg,valid,
archive/data/Healthy/Corn_Health (315).jpg,valid,
archive/data/Healthy/Corn_Health (316).jpg,valid,
archive/data/Healthy/Corn_Health (317).jpg,valid,
archive/data/Healthy/Corn_Health (318).jpg,valid,
archive/data/Healthy/Corn_Health (319).jpg,valid,
archive/data/Healthy/Corn_Health (32).jpg,valid,
archive/data/Healthy/Corn_Health (320).jpg,valid,
archive/data/Healthy/Corn_Health (321).jpg,valid,
archive/data/Healthy/Corn_Health (322).jpg,valid,
archive/data/Healthy/Corn_Health (323).jpg,valid,
archive/data/Healthy/Corn_Health (324).jpg,valid,
archive/data/Healthy/Corn_Health (325).jpg,valid,
archive/data/Healthy/Corn_Health (326).jpg,valid,
archive/data/Healthy/Corn_Health (327).jpg,valid,
archive/data/Healthy/Corn_Health (328).jpg,valid,
archive/data/Healthy/Corn_Health (329).jpg,valid,
archive/data/Healthy/Corn_Health (33).jpg,valid,
archive/data/Healthy/Corn_Health (330).jpg,valid,
archive/data/Healthy/Corn_Health (331).jpg,valid,
archive/data/Healthy/Corn_Health (332).jpg,valid,
archive/data/Healthy/Corn_Health (333).jpg,valid,
archive/data/Healthy/Corn_Health (334).jpg,valid,
archive/data/Healthy/Corn_Health (335).jpg,valid,
archive/data/Healthy/Corn_Health (336).jpg,valid,
archive/data/Healthy/Corn_Health (337).jpg,valid,
archive/data/Healthy/Corn_Health (338).jpg,valid,
archive/data/Healthy/Corn_Health (339).jpg,valid,
archive/data/Healthy/Corn_Health (34).jpg,valid,
archive/data/Healthy/Corn_Health (340).jpg,valid,
archive/data/Healthy/Corn_Health (341).jpg,valid,
archive/data/Healthy/Corn_Health (342).jpg,valid,
archive/data/Healthy/Corn_Health (343).jpg,valid,
archive/data/Healthy/Corn_Health (344).jpg,valid,
archive/data/Healthy/Corn_Health (345).jpg,valid,
archive/data/Healthy/Corn_Health (346).jpg,valid,
archive/data/Healthy/Corn_Health (347).jpg,valid,
archive/data/Healthy/Corn_Health (348).jpg,valid,
archive/data/Healthy/Corn_Health (349).jpg,valid,
archive/data/Healthy/Corn_Health (35).jpg,valid,
archive/data/Healthy/Corn_Health (350).jpg,valid,
archive/data/Healthy/Corn_Health (351).jpg,valid,
archive/data/Healthy/Corn_Health (352).jpg,valid,
archive/data/Healthy/Corn_Health (353).jpg,valid,
archive/data/Healthy/Corn_Health (354).jpg,valid,
archive/data/Healthy/Corn_Health (355).jpg,valid,
archive/data/Healthy/Corn_Health (356).jpg,valid,
archive/data/Healthy/Corn_Health (357).jpg,valid,
archive/data/Healthy/Corn_Health (358).jpg,valid,
archive/data/Healthy/Corn_Health (359).jpg,valid,
archive/data/Healthy/Corn_Health (36).jpg,valid,
archive/data/Healthy/Corn_Health (360).jpg,valid,
archive/data/Healthy/Corn_Health (361).jpg,valid,
archive/data/Healthy/Corn_Health (362).jpg,valid,
archive/data/Healthy/Corn_Health (363).jpg,valid,
archive/data/Healthy/Corn_Health (364).jpg,valid,
archive/data/Healthy/Corn_Health (365).jpg,valid,
archive/data/Healthy/Corn_Health (366).jpg,valid,
archive/data/Healthy/Corn_Health (367).jpg,valid,
archive/data/Healthy/Corn_Health (368).jpg,valid,
archive/data/Healthy/Corn_Health (369).jpg,valid,
archive/data/Healthy/Corn_Health (37).jpg,valid,
archive/data/Healthy/Corn_Health (370).jpg,valid,
archive/data/Healthy/Corn_Health (371).jpg,valid,
archive/data/Healthy/Corn_Health (372).jpg,valid,
archive/data/Healthy/Corn_Health (373).jpg,valid,
archive/data/Healthy/Corn_Health (374).jpg,valid,
archive/data/Healthy/Corn_Health (375).jpg,valid,
archive/data/Healthy/Corn_Health (376).jpg,valid,
archive/data/Healthy/Corn_Health (377).jpg,valid,
archive/data/Healthy/Corn_Health (378).jpg,valid,
archive/data/Healthy/Corn_Health (379).jpg,valid,
archive/data/Healthy/Corn_Health (38).jpg,valid,
archive/data/Healthy/Corn_Health (380).jpg,valid,
archive/data/Healthy/Corn_Health (381).jpg,valid,
archive/data/Healthy/Corn_Health (382).jpg,valid,
archive/data/Healthy/Corn_Health (383).jpg,valid,
archive/data/Healthy/Corn_Health (384).jpg,valid,
archive/data/Healthy/Corn_Health (385).jpg,valid,
archive/data/Healthy/Corn_Health (386).jpg,valid,
archive/data/Healthy/Corn_Health (387).jpg,valid,
archive/data/Healthy/Corn_Health (388).jpg,valid,
archive/data/Healthy/Corn_Health (389).jpg,valid,
archive/data/Healthy/Corn_Health (39).jpg,valid,
archive/data/Healthy/Corn_Health (390).jpg,valid,
archive/data/Healthy/Corn_Health (391).jpg,valid,
archive/data/Healthy/Corn_Health (392).jpg,valid,
archive/data/Healthy/Corn_Health (393).jpg,valid,
archive/data/Healthy/Corn_Health (394).jpg,valid,
archive/data/Healthy/Corn_Health (395).jpg,valid,
archive/data/Healthy/Corn_Health (396).jpg,valid,
archive/data/Healthy/Corn_Health (397).jpg,valid,
archive/data/Healthy/Corn_Health (398).jpg,valid,
archive/data/Healthy/Corn_Health (399).jpg,valid,
archive/data/Healthy/Corn_Health (4).jpg,valid,
archive/data/Healthy/Corn_Health (40).jpg,valid,
archive/data/Healthy/Corn_Health (400).jpg,valid,
archive/data/Healthy/Corn_Health (401).jpg,valid,
archive/data/Healthy/Corn_Health (402).jpg,valid,
archive/data/Healthy/Corn_Health (403).jpg,valid,
archive/data/Healthy/Corn_Health (404).jpg,valid,
archive/data/Healthy/Corn_Health (405).JPG,valid,
archive/data/Healthy/Corn_Health (406).jpg,valid,
archive/data/Healthy/Corn_Health (407).jpg,valid,
archive/data/Healthy/Corn_Health (408).jpg,valid,
archive/data/Healthy/Corn_Health (409).jpg,valid,
archive/data/Healthy/Corn_Health (41).jpg,valid,
archive/data/Healthy/Corn_Health (410).jpg,valid,
archive/data/Healthy/Corn_Health (411).jpg,valid,
archive/data/Healthy/Corn_Health (412).jpg,valid,
archive/data/Healthy/Corn_Health (413).jpg,valid,
archive/data/Healthy/Corn_Health (414).jpg,valid,
archive/data/Healthy/Corn_Health (415).jpg,valid,
archive/data/Healthy/Corn_Health (416).jpg,valid,
archive/data/Healthy/Corn_Health (417).jpg,valid,
archive/data/Healthy/Corn_Health (418).jpg,valid,
archive/data/Healthy/Corn_Health (419).jpg,valid,
archive/data/Healthy/Corn_Health (42).jpg,valid,
archive/data/Healthy/Corn_Health (420).jpg,valid,
archive/data/Healthy/Corn_Health (421).jpg,valid,
archive/data/Healthy/Corn_Health (422).jpg,valid,
archive/data/Healthy/Corn_Health (423).jpg,valid,
archive/data/Healthy/Corn_Health (424).jpg,valid,
archive/data/Healthy/Corn_Health (425).jpg,valid,
archive/data/Healthy/Corn_Health (426).jpg,valid,
archive/data/Healthy/Corn_Health (427).jpg,valid,
archive/data/Healthy/Corn_Health (428).jpg,valid,
archive/data/Healthy/Corn_Health (429).jpg,valid,
archive/data/Healthy/Corn_Health (43).jpg,valid,
archive/data/Healthy/Corn_Health (430).jpg,valid,
archive/data/Healthy/Corn_Health (431).jpg,valid,
archive/data/Healthy/Corn_Health (432).jpg,valid,
archive/data/Healthy/Corn_Health (433).jpg,valid,
archive/data/Healthy/Corn_Health (434).jpg,valid,
archive/data/Healthy/Corn_Health (435).JPG,valid,
archive/data/Healthy/Corn_Health (436).jpg,valid,
archive/data/Healthy/Corn_Health (437).jpg,valid,
archive/data/Healthy/Corn_Health (438).jpg,valid,
archive/data/Healthy/Corn_Health (439).jpg,valid,
archive/data/Healthy/Corn_Health (44).jpg,valid,
archive/data/Healthy/Corn_Health (440).jpg,valid,
archive/data/Healthy/Corn_Health (441).jpg,valid,
archive/data/Healthy/Corn_Health (442).jpg,valid,
archive/data/Healthy/Corn_Health (443).jpg,valid,
archive/data/Healthy/Corn_Health (444).jpg,valid,
archive/data/Healthy/Corn_Health (445).jpg,valid,
archive/data/Healthy/Corn_Health (446).jpg,valid,
archive/data/Healthy/Corn_Health (447).jpg,valid,
archive/data/Healthy/Corn_Health (448).jpg,valid,
archive/data/Healthy/Corn_Health (449).jpg,valid,
archive/data/Healthy/Corn_Health (45).jpg,valid,
archive/data/Healthy/Corn_Health (450).jpg,valid,
archive/data/Healthy/Corn_Health (451).jpg,valid,
archive/data/Healthy/Corn_Health (452).jpg,valid,
archive/data/Healthy/Corn_Health (453).jpg,valid,
archive/data/Healthy/Corn_Health (454).jpg,valid,
archive/data/Healthy/Corn_Health (455).jpg,valid,
archive/data/Healthy/Corn_Health (456).jpg,valid,
archive/data/Healthy/Corn_Health (457).jpg,valid,
archive/data/Healthy/Corn_Health (458).jpg,valid,
archive/data/Healthy/Corn_Health (459).JPG,valid,
archive/data/Healthy/Corn_Health (46).jpg,valid,
archive/data/Healthy/Corn_Health (460).jpg,valid,
archive/data/Healthy/Corn_Health (461).jpg,valid,
archive/data/Healthy/Corn_Health (462).JPG,valid,
archive/data/Healthy/Corn_Health (463).jpg,valid,
archive/data/Healthy/Corn_Health (464).jpg,valid,
archive/data/Healthy/Corn_Health (465).jpg,valid,
archive/data/Healthy/Corn_Health (466).jpg,valid,
archive/data/Healthy/Corn_Health (467).jpg,valid,
archive/data/Healthy/Corn_Health (468).jpg,valid,
archive/data/Healthy/Corn_Health (469).jpg,valid,
archive/data/Healthy/Corn_Health (47).jpg,valid,
archive/data/Healthy/Corn_Health (470).jpg,valid,
archive/data/Healthy/Corn_Health (471).jpg,valid,
archive/data/Healthy/Corn_Health (472).jpg,valid,
archive/data/Healthy/Corn_Health (473).jpg,valid,
archive/data/Healthy/Corn_Health (474).jpg,valid,
archive/data/Healthy/Corn_Health (475).jpg,valid,
archive/data/Healthy/Corn_Health (476).jpg,valid,
archive/data/Healthy/Corn_Health (477).jpg,valid,
archive/data/Healthy/Corn_Health (478).jpg,valid,
archive/data/Healthy/Corn_Health (479).JPG,valid,
archive/data/Healthy/Corn_Health (48).jpg,valid,
archive/data/Healthy/Corn_Health (480).jpg,valid,
archive/data/Healthy/Corn_Health (481).JPG,valid,
archive/data/Healthy/Corn_Health (482).jpg,valid,
archive/data/Healthy/Corn_Health (483).jpg,valid,
archive/data/Healthy/Corn_Health (484).jpg,valid,
archive/data/Healthy/Corn_Health (485).jpg,valid,
archive/data/Healthy/Corn_Health (486).jpg,valid,
archive/data/Healthy/Corn_Health (487).jpg,valid,
archive/data/Healthy/Corn_Health (488).jpg,valid,
archive/data/Healthy/Corn_Health (489).jpg,valid,
archive/data/Healthy/Corn_Health (49).jpg,valid,
archive/data/Healthy/Corn_Health (490).jpg,valid,
archive/data/Healthy/Corn_Health (491).jpg,valid,
archive/data/Healthy/Corn_Health (492).jpg,valid,
archive/data/Healthy/Corn_Health (493).jpg,valid,
archive/data/Healthy/Corn_Health (494).jpg,valid,
archive/data/Healthy/Corn_Health (495).jpg,valid,
archive/data/Healthy/Corn_Health (496).jpg,valid,
archive/data/Healthy/Corn_Health (497).jpg,valid,
archive/data/Healthy/Corn_Health (498).jpg,valid,
archive/data/Healthy/Corn_Health (499).jpg,valid,
archive/data/Healthy/Corn_Health (5).jpg,valid,
archive/data/Healthy/Corn_Health (50).jpg,valid,
archive/data/Healthy/Corn_Health (500).jpg,valid,
archive/data/Healthy/Corn_Health (501).jpg,valid,
archive/data/Healthy/Corn_Health (502).jpg,valid,
archive/data/Healthy/Corn_Health (503).jpg,valid,
archive/data/Healthy/Corn_Health (504).jpg,valid,
archive/data/Healthy/Corn_Health (505).jpg,valid,
archive/data/Healthy/Corn_Health (506).jpg,valid,
archive/data/Healthy/Corn_Health (507).jpg,valid,
archive/data/Healthy/Corn_Health (508).jpg,valid,
archive/data/Healthy/Corn_Health (509).jpg,valid,
archive/data/Healthy/Corn_Health (51).jpg,valid,
archive/data/Healthy/Corn_Health (510).jpg,valid,
archive/data/Healthy/Corn_Health (511).jpg,valid,
archive/data/Healthy/Corn_Health (512).jpg,valid,
archive/data/Healthy/Corn_Health (513).jpg,valid,
archive/data/Healthy/Corn_Health (514).jpg,valid,
archive/data/Healthy/Corn_Health (515).jpg,valid,
archive/data/Healthy/Corn_Health (516).jpg,valid,
archive/data/Healthy/Corn_Health (517).jpg,valid,
archive/data/Healthy/Corn_Health (518).jpg,valid,
archive/data/Healthy/Corn_Health (519).jpg,valid,
archive/data/Healthy/Corn_Health (52).jpg,valid,
archive/data/Healthy/Corn_Health (520).jpg,valid,
archive/data/Healthy/Corn_Health (521).jpg,valid,
archive/data/Healthy/Corn_Health (522).jpg,valid,
archive/data/Healthy/Corn_Health (523).jpg,valid,
archive/data/Healthy/Corn_Health (524).jpg,valid,
archive/data/Healthy/Corn_Health (525).jpg,valid,
archive/data/Healthy/Corn_Health (526).jpg,valid,
archive/data/Healthy/Corn_Health (527).jpg,valid,
archive/data/Healthy/Corn_Health (528).jpg,valid,
archive/data/Healthy/Corn_Health (529).jpg,valid,
archive/data/Healthy/Corn_Health (53).jpg,valid,
archive/data/Healthy/Corn_Health (530).jpg,valid,
archive/data/Healthy/Corn_Health (531).jpg,valid,
archive/data/Healthy/Corn_Health (532).jpg,valid,
archive/data/Healthy/Corn_Health (533).jpg,valid,
archive/data/Healthy/Corn_Health (534).jpg,valid,
archive/data/Healthy/Corn_Health (535).jpg,valid,
archive/data/Healthy/Corn_Health (536).jpg,valid,
archive/data/Healthy/Corn_Health (537).jpg,valid,
archive/data/Healthy/Corn_Health (538).jpg,valid,
archive/data/Healthy/Corn_Health (539).jpg,valid,
archive/data/Healthy/Corn_Health (54).jpg,valid,
archive/data/Healthy/Corn_Health (540).jpg,valid,
archive/data/Healthy/Corn_Health (541).jpg,valid,
archive/data/Healthy/Corn_Health (542).jpg,valid,
archive/data/Healthy/Corn_Health (543).jpg,valid,
archive/data/Healthy/Corn_Health (544).jpg,valid,
archive/data/Healthy/Corn_Health (545).jpg,valid,
archive/data/Healthy/Corn_Health (546).jpg,valid,
archive/data/Healthy/Corn_Health (547).jpg,valid,
archive/data/Healthy/Corn_Health (548).jpg,valid,
archive/data/Healthy/Corn_Health (549).jpg,valid,
archive/data/Healthy/Corn_Health (55).jpg,valid,
archive/data/Healthy/Corn_Health (550).jpg,valid,
archive/data/Healthy/Corn_Health (551).jpg,valid,
archive/data/Healthy/Corn_Health (552).jpg,valid,
archive/data/Healthy/Corn_Health (553).jpg,valid,
archive/data/Healthy/Corn_Health (554).jpg,valid,
archive/data/Healthy/Corn_Health (555).jpg,valid,
archive/data/Healthy/Corn_Health (556).jpg,valid,
archive/data/Healthy/Corn_Health (557).jpg,valid,
archive/data/Healthy/Corn_Health (558).jpg,valid,
archive/data/Healthy/Corn_Health (559).jpg,valid,
archive/data/Healthy/Corn_Health (56).jpg,valid,
archive/data/Healthy/Corn_Health (560).jpg,valid,
archive/data/Healthy/Corn_Health (561).jpg,valid,
archive/data/Healthy/Corn_Health (562).jpg,valid,
archive/data/Healthy/Corn_Health (563).jpg,valid,
archive/data/Healthy/Corn_Health (564).jpg,valid,
archive/data/Healthy/Corn_Health (565).jpg,valid,
archive/data/Healthy/Corn_Health (566).jpg,valid,
archive/data/Healthy/Corn_Health (567).jpg,valid,
archive/data/Healthy/Corn_Health (568).jpg,valid,
archive/data/Healthy/Corn_Health (569).jpg,valid,
archive/data/Healthy/Corn_Health (57).jpg,valid,
archive/data/Healthy/Corn_Health (570).jpg,valid,
archive/data/Healthy/Corn_Health (571).jpg,valid,
archive/data/Healthy/Corn_Health (572).jpg,valid,
archive/data/Healthy/Corn_Health (573).jpg,valid,
archive/data/Healthy/Corn_Health (574).jpg,valid,
archive/data/Healthy/Corn_Health (575).jpg,valid,
archive/data/Healthy/Corn_Health (576).jpg,valid,
archive/data/Healthy/Corn_Health (577).jpg,valid,
archive/data/Healthy/Corn_Health (578).jpg,valid,
archive/data/Healthy/Corn_Health (579).jpg,valid,
archive/data/Healthy/Corn_Health (58).jpg,valid,
archive/data/Healthy/Corn_Health (580).jpg,valid,
archive/data/Healthy/Corn_Health (581).jpg,valid,
archive/data/Healthy/Corn_Health (582).jpg,valid,
archive/data/Healthy/Corn_Health (583).jpg,valid,
archive/data/Healthy/Corn_Health (584).jpg,valid,
archive/data/Healthy/Corn_Health (585).jpg,valid,
archive/data/Healthy/Corn_Health (586).jpg,valid,
archive/data/Healthy/Corn_Health (587).jpg,valid,
archive/data/Healthy/Corn_Health (588).jpg,valid,
archive/data/Healthy/Corn_Health (589).jpg,valid,
archive/data/Healthy/Corn_Health (59).jpg,valid,
archive/data/Healthy/Corn_Health (590).jpg,valid,
archive/data/Healthy/Corn_Health (591).jpg,valid,
archive/data/Healthy/Corn_Health (592).jpg,valid,
archive/data/Healthy/Corn_Health (593).jpg,valid,
archive/data/Healthy/Corn_Health (594).jpg,valid,
archive/data/Healthy/Corn_Health (595).jpg,valid,
archive/data/Healthy/Corn_Health (596).jpg,valid,
archive/data/Healthy/Corn_Health (597).jpg,valid,
archive/data/Healthy/Corn_Health (598).jpg,valid,
archive/data/Healthy/Corn_Health (599).jpg,valid,
archive/data/Healthy/Corn_Health (6).jpg,valid,
archive/data/Healthy/Corn_Health (60).jpg,valid,
archive/data/Healthy/Corn_Health (600).jpg,valid,
archive/data/Healthy/Corn_Health (601).jpg,valid,
archive/data/Healthy/Corn_Health (602).jpg,valid,
archive/data/Healthy/Corn_Health (603).jpg,valid,
archive/data/Healthy/Corn_Health (604).jpg,valid,
archive/data/Healthy/Corn_Health (605).jpg,valid,
archive/data/Healthy/Corn_Health (606).jpg,valid,
archive/data/Healthy/Corn_Health (607).jpg,valid,
archive/data/Healthy/Corn_Health (608).jpg,valid,
archive/data/Healthy/Corn_Health (609).jpg,valid,
archive/data/Healthy/Corn_Health (61).jpg,valid,
archive/data/Healthy/Corn_Health (610).jpg,valid,
archive/data/Healthy/Corn_Health (611).jpg,valid,
archive/data/Healthy/Corn_Health (612).jpg,valid,
archive/data/Healthy/Corn_Health (613).jpg,valid,
archive/data/Healthy/Corn_Health (614).jpg,valid,
archive/data/Healthy/Corn_Health (615).jpg,valid,
archive/data/Healthy/Corn_Health (616).jpg,valid,
archive/data/Healthy/Corn_Health (617).JPG,valid,
archive/data/Healthy/Corn_Health (618).jpg,valid,
archive/data/Healthy/Corn_Health (619).jpg,valid,
archive/data/Healthy/Corn_Health (62).jpg,valid,
archive/data/Healthy/Corn_Health (620).jpg,valid,
archive/data/Healthy/Corn_Health (621).jpg,valid,
archive/data/Healthy/Corn_Health (622).jpg,valid,
archive/data/Healthy/Corn_Health (623).jpg,valid,
archive/data/Healthy/Corn_Health (624).jpg,valid,
archive/data/Healthy/Corn_Health (625).jpg,valid,
archive/data/Healthy/Corn_Health (626).jpg,valid,
archive/data/Healthy/Corn_Health (627).jpg,valid,
archive/data/Healthy/Corn_Health (628).jpg,valid,
archive/data/Healthy/Corn_Health (629).jpg,valid,
archive/data/Healthy/Corn_Health (63).jpg,valid,
archive/data/Healthy/Corn_Health (630).jpg,valid,
archive/data/Healthy/Corn_Health (631).jpg,valid,
archive/data/Healthy/Corn_Health (632).jpg,valid,
archive/data/Healthy/Corn_Health (633).jpg,valid,
archive/data/Healthy/Corn_Health (634).jpg,valid,
archive/data/Healthy/Corn_Health (635).jpg,valid,
archive/data/Healthy/Corn_Health (636).jpg,valid,
archive/data/Healthy/Corn_Health (637).jpg,valid,
archive/data/Healthy/Corn_Health (638).jpg,valid,
archive/data/Healthy/Corn_Health (639).jpg,valid,
archive/data/Healthy/Corn_Health (64).jpg,valid,
archive/data/Healthy/Corn_Health (640).jpg,valid,
archive/data/Healthy/Corn_Health (641).jpg,valid,
archive/data/Healthy/Corn_Health (642).jpg,valid,
archive/data/Healthy/Corn_Health (643).jpg,valid,
archive/data/Healthy/Corn_Health (644).jpg,valid,
archive/data/Healthy/Corn_Health (645).jpg,valid,
archive/data/Healthy/Corn_Health (646).jpg,valid,
archive/data/Healthy/Corn_Health (647).jpg,valid,
archive/data/Healthy/Corn_Health (648).jpg,valid,
archive/data/Healthy/Corn_Health (649).jpg,valid,
archive/data/Healthy/Corn_Health (65).jpg,valid,
archive/data/Healthy/Corn_Health (650).jpg,valid,
archive/data/Healthy/Corn_Health (651).jpg,valid,
archive/data/Healthy/Corn_Health (652).jpg,valid,
archive/data/Healthy/Corn_Health (653).jpg,valid,
archive/data/Healthy/Corn_Health (654).jpg,valid,
archive/data/Healthy/Corn_Health (655).jpg,valid,
archive/data/Healthy/Corn_Health (656).jpg,valid,
archive/data/Healthy/Corn_Health (657).jpg,valid,
archive/data/Healthy/Corn_Health (658).jpg,valid,
archive/data/Healthy/Corn_Health (659).jpg,valid,
archive/data/Healthy/Corn_Health (66).jpg,valid,
archive/data/Healthy/Corn_Health (660).jpg,valid,
archive/data/Healthy/Corn_Health (661).jpg,valid,
archive/data/Healthy/Corn_Health (662).jpg,valid,
archive/data/Healthy/Corn_Health (663).jpg,valid,
archive/data/Healthy/Corn_Health (664).jpg,valid,
archive/data/Healthy/Corn_Health (665).jpg,valid,
archive/data/Healthy/Corn_Health (666).jpg,valid,
archive/data/Healthy/Corn_Health (667).jpg,valid,
archive/data/Healthy/Corn_Health (668).jpg,valid,
archive/data/Healthy/Corn_Health (669).jpg,valid,
archive/data/Healthy/Corn_Health (67).jpg,valid,
archive/data/Healthy/Corn_Health (670).jpg,valid,
archive/data/Healthy/Corn_Health (671).jpg,valid,
archive/data/Healthy/Corn_Health (672).jpg,valid,
archive/data/Healthy/Corn_Health (673).jpg,valid,
archive/data/Healthy/Corn_Health (674).jpg,valid,
archive/data/Healthy/Corn_Health (675).jpg,valid,
archive/data/Healthy/Corn_Health (676).jpg,valid,
archive/data/Healthy/Corn_Health (677).jpg,valid,
archive/data/Healthy/Corn_Health (678).jpg,valid,
archive/data/Healthy/Corn_Health (679).jpg,valid,
archive/data/Healthy/Corn_Health (68).jpg,valid,
archive/data/Healthy/Corn_Health (680).jpg,valid,
archive/data/Healthy/Corn_Health (681).jpg,valid,
archive/data/Healthy/Corn_Health (682).jpg,valid,
archive/data/Healthy/Corn_Health (683).jpg,valid,
archive/data/Healthy/Corn_Health (684).jpg,valid,
archive/data/Healthy/Corn_Health (685).jpg,valid,
archive/data/Healthy/Corn_Health (686).jpg,valid,
archive/data/Healthy/Corn_Health (687).jpg,valid,
archive/data/Healthy/Corn_Health (688).jpg,valid,
archive/data/Healthy/Corn_Health (689).jpg,valid,
archive/data/Healthy/Corn_Health (69).jpg,valid,
archive/data/Healthy/Corn_Health (690).jpg,valid,
archive/data/Healthy/Corn_Health (691).jpg,valid,
archive/data/Healthy/Corn_Health (692).jpg,valid,
archive/data/Healthy/Corn_Health (693).jpg,valid,
archive/data/Healthy/Corn_Health (694).jpg,valid,
archive/data/Healthy/Corn_Health (695).jpg,valid,
archive/data/Healthy/Corn_Health (696).jpg,valid,
archive/data/Healthy/Corn_Health (697).jpg,valid,
archive/data/Healthy/Corn_Health (698).jpg,valid,
archive/data/Healthy/Corn_Health (699).jpg,valid,
archive/data/Healthy/Corn_Health (7).jpg,valid,
archive/data/Healthy/Corn_Health (70).jpg,valid,
archive/data/Healthy/Corn_Health (700).jpg,valid,
archive/data/Healthy/Corn_Health (701).jpg,valid,
archive/data/Healthy/Corn_Health (702).jpg,valid,
archive/data/Healthy/Corn_Health (703).jpg,valid,
archive/data/Healthy/Corn_Health (704).jpg,valid,
archive/data/Healthy/Corn_Health (705).JPG,valid,
archive/data/Healthy/Corn_Health (706).jpg,valid,
archive/data/Healthy/Corn_Health (707).jpg,valid,
archive/data/Healthy/Corn_Health (708).jpg,valid,
archive/data/Healthy/Corn_Health (709).jpg,valid,
archive/data/Healthy/Corn_Health (71).jpg,valid,
archive/data/Healthy/Corn_Health (710).jpg,valid,
archive/data/Healthy/Corn_Health (711).jpg,valid,
archive/data/Healthy/Corn_Health (712).jpg,valid,
archive/data/Healthy/Corn_Health (713).jpg,valid,
archive/data/Healthy/Corn_Health (714).jpg,valid,
archive/data/Healthy/Corn_Health (715).jpg,valid,
archive/data/Healthy/Corn_Health (716).jpg,valid,
archive/data/Healthy/Corn_Health (717).jpg,valid,
archive/data/Healthy/Corn_Health (718).jpg,valid,
archive/data/Healthy/Corn_Health (719).jpg,valid,
archive/data/Healthy/Corn_Health (72).jpg,valid,
archive/data/Healthy/Corn_Health (720).jpg,valid,
archive/data/Healthy/Corn_Health (721).jpg,valid,
archive/data/Healthy/Corn_Health (722).jpg,valid,
archive/data/Healthy/Corn_Health (723).jpg,valid,
archive/data/Healthy/Corn_Health (724).jpg,valid,
archive/data/Healthy/Corn_Health (725).jpg,valid,
archive/data/Healthy/Corn_Health (726).jpg,valid,
archive/data/Healthy/Corn_Health (727).jpg,valid,
archive/data/Healthy/Corn_Health (728).jpg,valid,
archive/data/Healthy/Corn_Health (729).jpg,valid,
archive/data/Healthy/Corn_Health (73).jpg,valid,
archive/data/Healthy/Corn_Health (730).jpg,valid,
archive/data/Healthy/Corn_Health (731).jpg,valid,
archive/data/Healthy/Corn_Health (732).jpg,valid,
archive/data/Healthy/Corn_Health (733).jpg,valid,
archive/data/Healthy/Corn_Health (734).jpg,valid,
archive/data/Healthy/Corn_Health (735).jpg,valid,
archive/data/Healthy/Corn_Health (736).jpg,valid,
archive/data/Healthy/Corn_Health (737).jpg,valid,
archive/data/Healthy/Corn_Health (738).jpg,valid,
archive/data/Healthy/Corn_Health (739).jpg,valid,
archive/data/Healthy/Corn_Health (74).jpg,valid,
archive/data/Healthy/Corn_Health (740).jpg,valid,
archive/data/Healthy/Corn_Health (741).jpg,valid,
archive/data/Healthy/Corn_Health (742).jpg,valid,
archive/data/Healthy/Corn_Health (743).jpg,valid,
archive/data/Healthy/Corn_Health (744).jpg,valid,
archive/data/Healthy/Corn_Health (745).jpg,valid,
archive/data/Healthy/Corn_Health (746).jpg,valid,
archive/data/Healthy/Corn_Health (747).jpg,valid,
archive/data/Healthy/Corn_Health (748).jpg,valid,
archive/data/Healthy/Corn_Health (749).jpg,valid,
archive/data/Healthy/Corn_Health (75).jpg,valid,
archive/data/Healthy/Corn_Health (750).jpg,valid,
archive/data/Healthy/Corn_Health (751).jpg,valid,
archive/data/Healthy/Corn_Health (752).jpg,valid,
archive/data/Healthy/Corn_Health (753).jpg,valid,
archive/data/Healthy/Corn_Health (754).jpg,valid,
archive/data/Healthy/Corn_Health (755).jpg,valid,
archive/data/Healthy/Corn_Health (756).jpg,valid,
archive/data/Healthy/Corn_Health (757).jpg,valid,
archive/data/Healthy/Corn_Health (758).jpg,valid,
archive/data/Healthy/Corn_Health (759).jpg,valid,
archive/data/Healthy/Corn_Health (76).jpg,valid,
archive/data/Healthy/Corn_Health (760).jpg,valid,
archive/data/Healthy/Corn_Health (761).jpg,valid,
archive/data/Healthy/Corn_Health (762).jpg,valid,
archive/data/Healthy/Corn_Health (763).jpg,valid,
archive/data/Healthy/Corn_Health (764).jpg,valid,
archive/data/Healthy/Corn_Health (765).jpg,valid,
archive/data/Healthy/Corn_Health (766).jpg,valid,
archive/data/Healthy/Corn_Health (767).jpg,valid,
archive/data/Healthy/Corn_Health (768).jpg,valid,
archive/data/Healthy/Corn_Health (769).jpg,valid,
archive/data/Healthy/Corn_Health (77).jpg,valid,
archive/data/Healthy/Corn_Health (770).jpg,valid,
archive/data/Healthy/Corn_Health (771).jpg,valid,
archive/data/Healthy/Corn_Health (772).jpg,valid,
archive/data/Healthy/Corn_Health (773).jpg,valid,
archive/data/Healthy/Corn_Health (774).jpg,valid,
archive/data/Healthy/Corn_Health (775).jpg,valid,
archive/data/Healthy/Corn_Health (776).jpg,valid,
archive/data/Healthy/Corn_Health (777).jpg,valid,
archive/data/Healthy/Corn_Health (778).jpg,valid,
archive/data/Healthy/Corn_Health (779).jpg,valid,
archive/data/Healthy/Corn_Health (78).jpg,valid,
archive/data/Healthy/Corn_Health (780).jpg,valid,
archive/data/Healthy/Corn_Health (781).jpg,valid,
archive/data/Healthy/Corn_Health (782).jpg,valid,
archive/data/Healthy/Corn_Health (783).jpg,valid,
archive/data/Healthy/Corn_Health (784).jpg,valid,
archive/data/Healthy/Corn_Health (785).jpg,valid,
archive/data/Healthy/Corn_Health (786).jpg,valid,
archive/data/Healthy/Corn_Health (787).jpg,valid,
archive/data/Healthy/Corn_Health (788).jpg,valid,
archive/data/Healthy/Corn_Health (789).jpg,valid,
archive/data/Healthy/Corn_Health (79).jpg,valid,
archive/data/Healthy/Corn_Health (790).jpg,valid,
archive/data/Healthy/Corn_Health (791).jpg,valid,
archive/data/Healthy/Corn_Health (792).jpg,valid,
archive/data/Healthy/Corn_Health (793).jpg,valid,
archive/data/Healthy/Corn_Health (794).jpg,valid,
archive/data/Healthy/Corn_Health (795).jpg,valid,
archive/data/Healthy/Corn_Health (796).jpg,valid,
archive/data/Healthy/Corn_Health (797).jpg,valid,
archive/data/Healthy/Corn_Health (798).jpg,valid,
archive/data/Healthy/Corn_Health (799).jpg,valid,
archive/data/Healthy/Corn_Health (8).jpg,valid,
archive/data/Healthy/Corn_Health (80).jpg,valid,
archive/data/Healthy/Corn_Health (800).jpg,valid,
archive/data/Healthy/Corn_Health (801).jpg,valid,
archive/data/Healthy/Corn_Health (802).jpg,valid,
archive/data/Healthy/Corn_Health (803).jpg,valid,
archive/data/Healthy/Corn_Health (804).jpg,valid,
archive/data/Healthy/Corn_Health (805).jpg,valid,
archive/data/Healthy/Corn_Health (806).jpg,valid,
archive/data/Healthy/Corn_Health (807).jpg,valid,
archive/data/Healthy/Corn_Health (808).jpg,valid,
archive/data/Healthy/Corn_Health (809).jpg,valid,
archive/data/Healthy/Corn_Health (81).jpg,valid,
archive/data/Healthy/Corn_Health (810).jpg,valid,
archive/data/Healthy/Corn_Health (811).jpg,valid,
archive/data/Healthy/Corn_Health (812).jpg,valid,
archive/data/Healthy/Corn_Health (813).jpg,valid,
archive/data/Healthy/Corn_Health (814).jpg,valid,
archive/data/Healthy/Corn_Health (815).jpg,valid,
archive/data/Healthy/Corn_Health (816).jpg,valid,
archive/data/Healthy/Corn_Health (817).jpg,valid,
archive/data/Healthy/Corn_Health (818).jpg,valid,
archive/data/Healthy/Corn_Health (819).jpg,valid,
archive/data/Healthy/Corn_Health (82).jpg,valid,
archive/data/Healthy/Corn_Health (820).jpg,valid,
archive/data/Healthy/Corn_Health (821).jpg,valid,
archive/data/Healthy/Corn_Health (822).jpg,valid,
archive/data/Healthy/Corn_Health (823).jpg,valid,
archive/data/Healthy/Corn_Health (824).jpg,valid,
archive/data/Healthy/Corn_Health (825).jpg,valid,
archive/data/Healthy/Corn_Health (826).jpg,valid,
archive/data/Healthy/Corn_Health (827).jpg,valid,
archive/data/Healthy/Corn_Health (828).jpg,valid,
archive/data/Healthy/Corn_Health (829).jpg,valid,
archive/data/Healthy/Corn_Health (83).jpg,valid,
archive/data/Healthy/Corn_Health (830).jpg,valid,
archive/data/Healthy/Corn_Health (831).jpg,valid,
archive/data/Healthy/Corn_Health (832).jpg,valid,
archive/data/Healthy/Corn_Health (833).jpg,valid,
archive/data/Healthy/Corn_Health (834).jpg,valid,
archive/data/Healthy/Corn_Health (835).jpg,valid,
archive/data/Healthy/Corn_Health (836).jpg,valid,
archive/data/Healthy/Corn_Health (837).jpg,valid,
archive/data/Healthy/Corn_Health (838).jpg,valid,
archive/data/Healthy/Corn_Health (839).jpg,valid,
archive/data/Healthy/Corn_Health (84).jpg,valid,
archive/data/Healthy/Corn_Health (840).jpg,valid,
archive/data/Healthy/Corn_Health (841).jpg,valid,
archive/data/Healthy/Corn_Health (842).jpg,valid,
archive/data/Healthy/Corn_Health (843).jpg,valid,
archive/data/Healthy/Corn_Health (844).jpg,valid,
archive/data/Healthy/Corn_Health (845).JPG,valid,
archive/data/Healthy/Corn_Health (846).jpg,valid,
archive/data/Healthy/Corn_Health (847).jpg,valid,
archive/data/Healthy/Corn_Health (848).jpg,valid,
archive/data/Healthy/Corn_Health (849).jpg,valid,
archive/data/Healthy/Corn_Health (85).jpg,valid,
archive/data/Healthy/Corn_Health (850).jpg,valid,
archive/data/Healthy/Corn_Health (851).jpg,valid,
archive/data/Healthy/Corn_Health (852).jpg,valid,
archive/data/Healthy/Corn_Health (853).jpg,valid,
archive/data/Healthy/Corn_Health (854).jpg,valid,
archive/data/Healthy/Corn_Health (855).jpg,valid,
archive/data/Healthy/Corn_Health (856).jpg,valid,
archive/data/Healthy/Corn_Health (857).jpg,valid,
archive/data/Healthy/Corn_Health (858).jpg,valid,
archive/data/Healthy/Corn_Health (859).jpg,valid,
archive/data/Healthy/Corn_Health (86).jpg,valid,
archive/data/Healthy/Corn_Health (860).jpg,valid,
archive/data/Healthy/Corn_Health (861).jpg,valid,
archive/data/Healthy/Corn_Health (862).jpg,valid,
archive/data/Healthy/Corn_Health (863).jpg,valid,
archive/data/Healthy/Corn_Health (864).jpg,valid,
archive/data/Healthy/Corn_Health (865).jpg,valid,
archive/data/Healthy/Corn_Health (866).jpg,valid,
archive/data/Healthy/Corn_Health (867).jpg,valid,
archive/data/Healthy/Corn_Health (868).jpg,valid,
archive/data/Healthy/Corn_Health (869).jpg,valid,
archive/data/Healthy/Corn_Health (87).jpg,valid,
archive/data/Healthy/Corn_Health (870).jpg,valid,
archive/data/Healthy/Corn_Health (871).jpg,valid,
archive/data/Healthy/Corn_Health (872).jpg,valid,
archive/data/Healthy/Corn_Health (873).jpg,valid,
archive/data/Healthy/Corn_Health (874).jpg,valid,
archive/data/Healthy/Corn_Health (875).jpg,valid,
archive/data/Healthy/Corn_Health (876).jpg,valid,
archive/data/Healthy/Corn_Health (877).jpg,valid,
archive/data/Healthy/Corn_Health (878).jpg,valid,
archive/data/Healthy/Corn_Health (879).jpg,valid,
archive/data/Healthy/Corn_Health (88).jpg,valid,
archive/data/Healthy/Corn_Health (880).jpg,valid,
archive/data/Healthy/Corn_Health (881).jpg,valid,
archive/data/Healthy/Corn_Health (882).jpg,valid,
archive/data/Healthy/Corn_Health (883).jpg,valid,
archive/data/Healthy/Corn_Health (884).jpg,valid,
archive/data/Healthy/Corn_Health (885).jpg,valid,
archive/data/Healthy/Corn_Health (886).jpg,valid,
archive/data/Healthy/Corn_Health (887).JPG,valid,
archive/data/Healthy/Corn_Health (888).jpg,valid,
archive/data/Healthy/Corn_Health (889).jpg,valid,
archive/data/Healthy/Corn_Health (89).jpg,valid,
archive/data/Healthy/Corn_Health (890).jpg,valid,
archive/data/Healthy/Corn_Health (891).jpg,valid,
archive/data/Healthy/Corn_Health (892).jpg,valid,
archive/data/Healthy/Corn_Health (893).jpg,valid,
archive/data/Healthy/Corn_Health (894).jpg,valid,
archive/data/Healthy/Corn_Health (895).jpg,valid,
archive/data/Healthy/Corn_Health (896).jpg,valid,
archive/data/Healthy/Corn_Health (897).jpg,valid,
archive/data/Healthy/Corn_Health (898).jpg,valid,
archive/data/Healthy/Corn_Health (899).jpg,valid,
archive/data/Healthy/Corn_Health (9).jpg,valid,
archive/data/Healthy/Corn_Health (90).jpg,valid,
archive/data/Healthy/Corn_Health (900).jpg,valid,
archive/data/Healthy/Corn_Health (901).jpg,valid,
archive/data/Healthy/Corn_Health (902).jpg,valid,
archive/data/Healthy/Corn_Health (903).jpg,valid,
archive/data/Healthy/Corn_Health (904).jpg,valid,
archive/data/Healthy/Corn_Health (905).jpg,valid,
archive/data/Healthy/Corn_Health (906).jpg,valid,
archive/data/Healthy/Corn_Health (907).jpg,valid,
archive/data/Healthy/Corn_Health (908).jpg,valid,
archive/data/Healthy/Corn_Health (909).jpg,valid,
archive/data/Healthy/Corn_Health (91).jpg,valid,
archive/data/Healthy/Corn_Health (910).jpg,valid,
archive/data/Healthy/Corn_Health (911).jpg,valid,
archive/data/Healthy/Corn_Health (912).jpg,valid,
archive/data/Healthy/Corn_Health (913).jpg,valid,
archive/data/Healthy/Corn_Health (914).jpg,valid,
archive/data/Healthy/Corn_Health (915).jpg,valid,
archive/data/Healthy/Corn_Health (916).jpg,valid,
archive/data/Healthy/Corn_Health (917).jpg,valid,
archive/data/Healthy/Corn_Health (918).jpg,valid,
archive/data/Healthy/Corn_Health (919).jpg,valid,
archive/data/Healthy/Corn_Health (92).jpg,valid,
archive/data/Healthy/Corn_Health (920).jpg,valid,
archive/data/Healthy/Corn_Health (921).jpg,valid,
archive/data/Healthy/Corn_Health (922).jpg,valid,
archive/data/Healthy/Corn_Health (923).jpg,valid,
archive/data/Healthy/Corn_Health (924).jpg,valid,
archive/data/Healthy/Corn_Health (925).jpg,valid,
archive/data/Healthy/Corn_Health (926).jpg,valid,
archive/data/Healthy/Corn_Health (927).jpg,valid,
archive/data/Healthy/Corn_Health (928).jpg,valid,
archive/data/Healthy/Corn_Health (929).jpg,valid,
archive/data/Healthy/Corn_Health (93).jpg,valid,
archive/data/Healthy/Corn_Health (930).jpg,valid,
archive/data/Healthy/Corn_Health (931).jpg,valid,
archive/data/Healthy/Corn_Health (932).jpg,valid,
archive/data/Healthy/Corn_Health (933).jpg,valid,
archive/data/Healthy/Corn_Health (934).jpg,valid,
archive/data/Healthy/Corn_Health (935).jpg,valid,
archive/data/Healthy/Corn_Health (936).jpg,valid,
archive/data/Healthy/Corn_Health (937).jpg,valid,
archive/data/Healthy/Corn_Health (938).jpg,valid,
archive/data/Healthy/Corn_Health (939).jpg,valid,
archive/data/Healthy/Corn_Health (94).jpg,valid,
archive/data/Healthy/Corn_Health (940).jpg,valid,
archive/data/Healthy/Corn_Health (941).jpg,valid,
archive/data/Healthy/Corn_Health (942).jpg,valid,
archive/data/Healthy/Corn_Health (943).jpg,valid,
archive/data/Healthy/Corn_Health (944).jpg,valid,
archive/data/Healthy/Corn_Health (945).jpg,valid,
archive/data/Healthy/Corn_Health (946).jpg,valid,
archive/data/Healthy/Corn_Health (947).jpg,valid,
archive/data/Healthy/Corn_Health (948).jpg,valid,
archive/data/Healthy/Corn_Health (949).jpg,valid,
archive/data/Healthy/Corn_Health (95).jpg,valid,
archive/data/Healthy/Corn_Health (950).jpg,valid,
archive/data/Healthy/Corn_Health (951).jpg,valid,
archive/data/Healthy/Corn_Health (952).jpg,valid,
archive/data/Healthy/Corn_Health (953).jpg,valid,
archive/data/Healthy/Corn_Health (954).jpg,valid,
archive/data/Healthy/Corn_Health (955).jpg,valid,
archive/data/Healthy/Corn_Health (956).jpg,valid,
archive/data/Healthy/Corn_Health (957).jpg,valid,
archive/data/Healthy/Corn_Health (958).jpg,valid,
archive/data/Healthy/Corn_Health (959).jpg,valid,
archive/data/Healthy/Corn_Health (96).jpg,valid,
archive/data/Healthy/Corn_Health (960).jpg,valid,
archive/data/Healthy/Corn_Health (961).jpg,valid,
archive/data/Healthy/Corn_Health (962).jpg,valid,
archive/data/Healthy/Corn_Health (963).jpg,valid,
archive/data/Healthy/Corn_Health (964).jpg,valid,
archive/data/Healthy/Corn_Health (965).jpg,valid,
archive/data/Healthy/Corn_Health (966).jpg,valid,
archive/data/Healthy/Corn_Health (967).jpg,valid,
archive/data/Healthy/Corn_Health (968).jpg,valid,
archive/data/Healthy/Corn_Health (969).jpg,valid,
archive/data/Healthy/Corn_Health (97).jpg,valid,
archive/data/Healthy/Corn_Health (970).jpg,valid,
archive/data/Healthy/Corn_Health (971).jpg,valid,
archive/data/Healthy/Corn_Health (972).jpg,valid,
archive/data/Healthy/Corn_Health (973).jpg,valid,
archive/data/Healthy/Corn_Health (974).jpg,valid,
archive/data/Healthy/Corn_Health (975).jpg,valid,
archive/data/Healthy/Corn_Health (976).jpg,valid,
archive/data/Healthy/Corn_Health (977).jpg,valid,
archive/data/Healthy/Corn_Health (978).jpg,valid,
archive/data/Healthy/Corn_Health (979).jpg,valid,
archive/data/Healthy/Corn_Health (98).jpg,valid,
archive/data/Healthy/Corn_Health (980).jpg,valid,
archive/data/Healthy/Corn_Health (981).jpg,valid,
archive/data/Healthy/Corn_Health (982).JPG,valid,
archive/data/Healthy/Corn_Health (983).jpg,valid,
archive/data/Healthy/Corn_Health (984).jpg,valid,
archive/data/Healthy/Corn_Health (985).jpg,valid,
archive/data/Healthy/Corn_Health (986).jpg,valid,
archive/data/Healthy/Corn_Health (987).jpg,valid,
archive/data/Healthy/Corn_Health (988).jpg,valid,
archive/data/Healthy/Corn_Health (989).jpg,valid,
archive/data/Healthy/Corn_Health (99).jpg,valid,
archive/data/Healthy/Corn_Health (990).jpg,valid,
archive/data/Healthy/Corn_Health (991).jpg,valid,
archive/data/Healthy/Corn_Health (992).jpg,valid,
archive/data/Healthy/Corn_Health (993).jpg,valid,
archive/data/Healthy/Corn_Health (994).jpg,valid,
archive/data/Healthy/Corn_Health (995).jpg,valid,
archive/data/Healthy/Corn_Health (996).jpg,valid,
archive/data/Healthy/Corn_Health (997).jpg,valid,
archive/data/Healthy/Corn_Health (998).jpg,valid,
archive/data/Healthy/Corn_Health (999).jpg,valid,
