path,label,label_id,width,height,mean_brightness,contrast,preparation_split
archive/data/Blight/Corn_Blight (1).jpeg,Blight,0,1000,585,139.108154296875,43.78448867797852,train
archive/data/Blight/Corn_Blight (1).jpg,Blight,0,788,371,136.1220703125,55.63629531860352,train
archive/data/Blight/Corn_Blight (10).jpg,Blight,0,641,482,105.330810546875,51.18941879272461,train
archive/data/Blight/Corn_Blight (100).jpg,Blight,0,300,200,121.083740234375,57.61031723022461,test
archive/data/Blight/Corn_Blight (1000).JPG,Blight,0,256,256,123.056884765625,36.732547760009766,train
archive/data/Blight/Corn_Blight (1001).JPG,Blight,0,256,256,127.92529296875,22.64908790588379,train
archive/data/Blight/Corn_Blight (1002).JPG,Blight,0,256,256,122.59912109375,18.689353942871094,train
archive/data/Blight/Corn_Blight (1003).JPG,Blight,0,256,256,113.516845703125,28.3743839263916,train
archive/data/Blight/Corn_Blight (1004).JPG,Blight,0,256,256,128.255615234375,22.5626277923584,train
archive/data/Blight/Corn_Blight (1005).JPG,Blight,0,256,256,126.767578125,33.5466194152832,test
archive/data/Blight/Corn_Blight (1006).JPG,Blight,0,256,256,123.0048828125,38.3003158569336,test
archive/data/Blight/Corn_Blight (1007).JPG,Blight,0,256,256,112.916015625,28.070316314697266,test
archive/data/Blight/Corn_Blight (1008).JPG,Blight,0,256,256,113.61669921875,18.552793502807617,train
archive/data/Blight/Corn_Blight (1009).JPG,Blight,0,256,256,115.771240234375,35.314693450927734,train
archive/data/Blight/Corn_Blight (101).jpg,Blight,0,1080,421,112.453857421875,50.16561508178711,test
archive/data/Blight/Corn_Blight (1010).JPG,Blight,0,256,256,121.215576171875,25.16410255432129,validation
archive/data/Blight/Corn_Blight (1011).jpg,Blight,0,256,256,120.84521484375,33.95663070678711,train
archive/data/Blight/Corn_Blight (1012).JPG,Blight,0,256,256,128.166015625,39.83500671386719,validation
archive/data/Blight/Corn_Blight (1013).JPG,Blight,0,256,256,105.6181640625,36.08517456054688,test
archive/data/Blight/Corn_Blight (1014).JPG,Blight,0,256,256,122.044921875,23.424036026000977,train
archive/data/Blight/Corn_Blight (1015).jpg,Blight,0,256,256,107.65966796875,34.20585250854492,test
archive/data/Blight/Corn_Blight (1016).JPG,Blight,0,256,256,115.603759765625,28.04161262512207,train
archive/data/Blight/Corn_Blight (1017).JPG,Blight,0,256,256,127.1474609375,26.768991470336918,validation
archive/data/Blight/Corn_Blight (1018).jpg,Blight,0,256,256,117.2548828125,31.50251007080078,train
archive/data/Blight/Corn_Blight (1019).JPG,Blight,0,256,256,104.9365234375,24.07948303222656,train
archive/data/Blight/Corn_Blight (102).jpg,Blight,0,1489,3264,118.230712890625,56.16249465942383,train
archive/data/Blight/Corn_Blight (1020).JPG,Blight,0,256,256,120.691650390625,22.87128257751465,train
archive/data/Blight/Corn_Blight (1021).JPG,Blight,0,256,256,116.582275390625,24.7053337097168,train
archive/data/Blight/Corn_Blight (1022).JPG,Blight,0,256,256,121.91748046875,26.95993995666504,validation
archive/data/Blight/Corn_Blight (1023).JPG,Blight,0,256,256,108.807373046875,33.650848388671875,validation
archive/data/Blight/Corn_Blight (1024).JPG,Blight,0,256,256,120.8212890625,22.106172561645508,test
archive/data/Blight/Corn_Blight (1025).JPG,Blight,0,256,256,110.700439453125,27.262510299682617,train
archive/data/Blight/Corn_Blight (1026).JPG,Blight,0,256,256,118.376708984375,23.951601028442383,validation
archive/data/Blight/Corn_Blight (1027).JPG,Blight,0,256,256,113.640625,20.52459526062012,train
archive/data/Blight/Corn_Blight (1028).JPG,Blight,0,256,256,119.893798828125,28.43297004699707,train
archive/data/Blight/Corn_Blight (1029).JPG,Blight,0,256,256,122.59326171875,36.360008239746094,train
archive/data/Blight/Corn_Blight (103).jpg,Blight,0,300,339,127.838623046875,56.532493591308594,train
archive/data/Blight/Corn_Blight (1030).jpg,Blight,0,256,256,122.695556640625,23.37891387939453,train
archive/data/Blight/Corn_Blight (1031).JPG,Blight,0,256,256,112.432861328125,38.77750396728516,train
archive/data/Blight/Corn_Blight (1032).JPG,Blight,0,256,256,99.865966796875,25.119691848754883,train
archive/data/Blight/Corn_Blight (1033).jpg,Blight,0,256,256,118.474365234375,22.13361358642578,train
archive/data/Blight/Corn_Blight (1034).JPG,Blight,0,256,256,118.4345703125,31.159269332885746,validation
archive/data/Blight/Corn_Blight (1035).JPG,Blight,0,256,256,137.9384765625,48.4531135559082,train
archive/data/Blight/Corn_Blight (1036).jpg,Blight,0,256,256,100.876953125,27.707300186157227,test
archive/data/Blight/Corn_Blight (1037).JPG,Blight,0,256,256,129.37109375,28.440040588378903,test
archive/data/Blight/Corn_Blight (1038).jpg,Blight,0,256,256,100.572265625,25.557373046875,validation
archive/data/Blight/Corn_Blight (1039).jpg,Blight,0,256,256,129.79345703125,23.147987365722656,train
archive/data/Blight/Corn_Blight (104).jpg,Blight,0,400,267,100.216064453125,39.70317840576172,train
archive/data/Blight/Corn_Blight (1040).jpg,Blight,0,256,256,111.1171875,28.951583862304688,test
archive/data/Blight/Corn_Blight (1041).JPG,Blight,0,256,256,104.15234375,19.22543716430664,train
archive/data/Blight/Corn_Blight (1042).jpg,Blight,0,256,256,128.251953125,21.946834564208984,train
archive/data/Blight/Corn_Blight (1043).JPG,Blight,0,256,256,108.67529296875,27.55426025390625,train
archive/data/Blight/Corn_Blight (1044).JPG,Blight,0,256,256,126.568359375,26.67933464050293,train
archive/data/Blight/Corn_Blight (1045).JPG,Blight,0,256,256,129.017333984375,25.565887451171875,test
archive/data/Blight/Corn_Blight (1046).JPG,Blight,0,256,256,115.888427734375,20.18783950805664,train
archive/data/Blight/Corn_Blight (1047).JPG,Blight,0,256,256,118.299560546875,29.14613914489746,test
archive/data/Blight/Corn_Blight (1048).JPG,Blight,0,256,256,117.226806640625,27.93044853210449,validation
archive/data/Blight/Corn_Blight (1049).JPG,Blight,0,256,256,115.28564453125,28.781021118164062,train
archive/data/Blight/Corn_Blight (105).jpg,Blight,0,450,612,119.780517578125,35.47256088256836,validation
archive/data/Blight/Corn_Blight (1050).JPG,Blight,0,256,256,121.342529296875,27.513893127441406,train
archive/data/Blight/Corn_Blight (1051).JPG,Blight,0,256,256,128.23291015625,31.84304428100586,test
archive/data/Blight/Corn_Blight (1052).JPG,Blight,0,256,256,124.69677734375,30.16193008422852,train
archive/data/Blight/Corn_Blight (1053).JPG,Blight,0,256,256,101.7431640625,26.836719512939453,test
archive/data/Blight/Corn_Blight (1054).jpg,Blight,0,256,256,125.951416015625,19.609453201293945,train
archive/data/Blight/Corn_Blight (1055).JPG,Blight,0,256,256,117.476806640625,27.01256561279297,train
archive/data/Blight/Corn_Blight (1056).JPG,Blight,0,256,256,124.17626953125,17.41288948059082,train
archive/data/Blight/Corn_Blight (1057).JPG,Blight,0,256,256,118.843505859375,26.18766212463379,train
archive/data/Blight/Corn_Blight (1058).jpg,Blight,0,256,256,140.87744140625,35.68964767456055,train
archive/data/Blight/Corn_Blight (1059).JPG,Blight,0,256,256,115.965087890625,22.87139320373535,train
archive/data/Blight/Corn_Blight (106).jpg,Blight,0,400,334,100.170166015625,46.965553283691406,train
archive/data/Blight/Corn_Blight (1060).JPG,Blight,0,256,256,121.299560546875,35.35811233520508,test
archive/data/Blight/Corn_Blight (1061).JPG,Blight,0,256,256,123.478759765625,23.259416580200195,train
archive/data/Blight/Corn_Blight (1062).JPG,Blight,0,256,256,121.77001953125,39.50734329223633,validation
archive/data/Blight/Corn_Blight (1063).JPG,Blight,0,256,256,117.5361328125,25.050411224365234,train
archive/data/Blight/Corn_Blight (1064).JPG,Blight,0,256,256,107.030029296875,26.88472557067871,train
archive/data/Blight/Corn_Blight (1065).JPG,Blight,0,256,256,145.16259765625,42.62981796264648,validation
archive/data/Blight/Corn_Blight (1066).JPG,Blight,0,256,256,120.158203125,22.802467346191406,train
archive/data/Blight/Corn_Blight (1067).JPG,Blight,0,256,256,121.652587890625,31.52443122863769,train
archive/data/Blight/Corn_Blight (1068).JPG,Blight,0,256,256,118.4619140625,24.76833152770996,test
archive/data/Blight/Corn_Blight (1069).JPG,Blight,0,256,256,124.65380859375,31.04248809814453,train
archive/data/Blight/Corn_Blight (107).jpg,Blight,0,340,255,111.505615234375,50.85530090332031,validation
archive/data/Blight/Corn_Blight (1070).JPG,Blight,0,256,256,110.91064453125,34.57849884033203,test
archive/data/Blight/Corn_Blight (1071).JPG,Blight,0,256,256,123.356689453125,31.217029571533203,test
archive/data/Blight/Corn_Blight (1072).JPG,Blight,0,256,256,110.557861328125,23.67692375183105,train
archive/data/Blight/Corn_Blight (1073).jpg,Blight,0,256,256,118.552734375,34.254825592041016,train
archive/data/Blight/Corn_Blight (1074).JPG,Blight,0,256,256,123.161376953125,24.849952697753903,train
archive/data/Blight/Corn_Blight (1075).JPG,Blight,0,256,256,126.63037109375,25.73319625854492,validation
archive/data/Blight/Corn_Blight (1076).jpg,Blight,0,256,256,118.57568359375,29.549606323242188,test
archive/data/Blight/Corn_Blight (1077).JPG,Blight,0,256,256,130.2890625,31.704423904418945,validation
archive/data/Blight/Corn_Blight (1078).JPG,Blight,0,256,256,120.039794921875,31.167612075805664,train
archive/data/Blight/Corn_Blight (1079).JPG,Blight,0,256,256,117.589111328125,23.8995361328125,validation
archive/data/Blight/Corn_Blight (108).jpg,Blight,0,618,463,110.201904296875,60.27565383911133,train
archive/data/Blight/Corn_Blight (1080).JPG,Blight,0,256,256,128.51953125,22.97630882263184,validation
archive/data/Blight/Corn_Blight (1081).jpg,Blight,0,256,256,119.57177734375,24.87491607666016,train
archive/data/Blight/Corn_Blight (1082).jpg,Blight,0,256,256,131.29541015625,34.41569519042969,train
archive/data/Blight/Corn_Blight (1083).JPG,Blight,0,256,256,115.734130859375,28.92316055297852,train
archive/data/Blight/Corn_Blight (1084).JPG,Blight,0,256,256,101.805908203125,28.87511444091797,train
archive/data/Blight/Corn_Blight (1085).JPG,Blight,0,256,256,120.619140625,33.1026496887207,test
archive/data/Blight/Corn_Blight (1086).JPG,Blight,0,256,256,109.072509765625,22.710384368896484,validation
archive/data/Blight/Corn_Blight (1087).JPG,Blight,0,256,256,123.924560546875,19.74144172668457,train
archive/data/Blight/Corn_Blight (1088).JPG,Blight,0,256,256,116.706787109375,18.32208824157715,train
archive/data/Blight/Corn_Blight (1089).JPG,Blight,0,256,256,130.84716796875,32.70513916015625,train
archive/data/Blight/Corn_Blight (109).jpg,Blight,0,1158,1200,104.422119140625,60.59292602539063,validation
archive/data/Blight/Corn_Blight (1090).JPG,Blight,0,256,256,109.813232421875,23.704984664916992,test
archive/data/Blight/Corn_Blight (1091).JPG,Blight,0,256,256,113.52685546875,31.646556854248047,test
archive/data/Blight/Corn_Blight (1092).jpg,Blight,0,256,256,116.03955078125,28.47146797180176,train
archive/data/Blight/Corn_Blight (1093).JPG,Blight,0,256,256,119.30517578125,22.219390869140625,train
archive/data/Blight/Corn_Blight (1094).JPG,Blight,0,256,256,137.27001953125,52.94793701171875,test
archive/data/Blight/Corn_Blight (1095).JPG,Blight,0,256,256,108.9755859375,33.958492279052734,validation
archive/data/Blight/Corn_Blight (1096).jpg,Blight,0,362,240,87.998779296875,56.35740661621094,train
archive/data/Blight/Corn_Blight (1097).jpg,Blight,0,1500,1125,120.84716796875,40.02899169921875,train
archive/data/Blight/Corn_Blight (1098).jpg,Blight,0,1500,1125,120.262451171875,45.68108367919922,train
archive/data/Blight/Corn_Blight (1099).jpg,Blight,0,250,200,128.04541015625,44.96133804321289,train
archive/data/Blight/Corn_Blight (11).jpg,Blight,0,675,414,97.315673828125,61.16054153442383,test
archive/data/Blight/Corn_Blight (110).jpg,Blight,0,606,404,87.11962890625,45.802833557128906,test
archive/data/Blight/Corn_Blight (1100).jpg,Blight,0,2592,1936,114.77099609375,68.96874237060547,train
archive/data/Blight/Corn_Blight (1101).jpg,Blight,0,1200,1600,116.065185546875,40.26446914672852,test
archive/data/Blight/Corn_Blight (1102).jpg,Blight,0,2448,2448,100.572265625,46.07199478149414,train
archive/data/Blight/Corn_Blight (1103).jpg,Blight,0,363,237,102.380859375,49.271785736083984,train
archive/data/Blight/Corn_Blight (1105).jpg,Blight,0,519,279,112.118896484375,50.95790100097656,validation
archive/data/Blight/Corn_Blight (1106).jpg,Blight,0,1819,2731,123.360595703125,29.270000457763672,validation
archive/data/Blight/Corn_Blight (1107).jpg,Blight,0,884,3071,108.430908203125,31.02848243713379,train
archive/data/Blight/Corn_Blight (1108).jpg,Blight,0,400,300,126.76806640625,32.48388671875,train
archive/data/Blight/Corn_Blight (1109).jpg,Blight,0,662,335,116.39599609375,44.239051818847656,test
archive/data/Blight/Corn_Blight (111).JPG,Blight,0,256,256,105.135986328125,29.01177215576172,train
archive/data/Blight/Corn_Blight (1110).jpg,Blight,0,594,374,104.542724609375,47.279090881347656,test
archive/data/Blight/Corn_Blight (1111).jpg,Blight,0,995,611,107.4580078125,33.41191864013672,train
archive/data/Blight/Corn_Blight (1112).jpg,Blight,0,1200,1600,116.627197265625,41.83219146728516,train
archive/data/Blight/Corn_Blight (1113).jpg,Blight,0,1200,1600,87.708984375,48.794559478759766,validation
archive/data/Blight/Corn_Blight (1114).jpg,Blight,0,497,309,121.023193359375,35.936580657958984,train
archive/data/Blight/Corn_Blight (1115).jpg,Blight,0,1200,1600,71.00048828125,46.75798416137695,train
archive/data/Blight/Corn_Blight (1116).jpg,Blight,0,565,711,132.248779296875,38.87131118774414,validation
archive/data/Blight/Corn_Blight (1117).jpg,Blight,0,960,1280,159.8974609375,69.4259262084961,train
archive/data/Blight/Corn_Blight (1118).jpg,Blight,0,432,290,116.192138671875,59.75251007080078,test
archive/data/Blight/Corn_Blight (1119).jpg,Blight,0,2592,1944,102.533447265625,43.56152725219727,test
archive/data/Blight/Corn_Blight (112).JPG,Blight,0,256,256,130.767578125,45.41781997680664,validation
archive/data/Blight/Corn_Blight (1120).jpg,Blight,0,600,400,92.49609375,53.395809173583984,train
archive/data/Blight/Corn_Blight (1121).jpg,Blight,0,563,554,107.1298828125,36.298858642578125,train
archive/data/Blight/Corn_Blight (1122).jpg,Blight,0,1024,512,114.078369140625,57.842018127441406,train
archive/data/Blight/Corn_Blight (1123).jpg,Blight,0,500,734,77.13671875,72.65983581542969,validation
archive/data/Blight/Corn_Blight (1124).jpg,Blight,0,896,407,110.185302734375,19.3070011138916,train
archive/data/Blight/Corn_Blight (1125).jpg,Blight,0,332,250,95.261962890625,34.85636138916016,test
archive/data/Blight/Corn_Blight (1126).jpg,Blight,0,1024,512,110.016357421875,53.1221923828125,train
archive/data/Blight/Corn_Blight (1127).jpg,Blight,0,473,306,103.14013671875,50.0773811340332,train
archive/data/Blight/Corn_Blight (1128).jpg,Blight,0,640,640,104.69677734375,69.1395492553711,test
archive/data/Blight/Corn_Blight (1129).jpg,Blight,0,400,302,141.3388671875,30.7218017578125,test
archive/data/Blight/Corn_Blight (113).JPG,Blight,0,256,256,139.839599609375,24.70675468444824,train
archive/data/Blight/Corn_Blight (1130).jpg,Blight,0,1920,1080,127.90478515625,41.86051940917969,test
archive/data/Blight/Corn_Blight (1131).jpg,Blight,0,1200,1494,110.224365234375,39.59740829467773,train
archive/data/Blight/Corn_Blight (1132).jpg,Blight,0,1200,1600,101.30517578125,68.98644256591797,validation
archive/data/Blight/Corn_Blight (1133).jpg,Blight,0,1024,400,128.44677734375,20.223896026611328,train
archive/data/Blight/Corn_Blight (1134).jpg,Blight,0,1024,768,120.26025390625,37.860687255859375,train
archive/data/Blight/Corn_Blight (1135).jpg,Blight,0,2048,1536,130.695556640625,36.43623733520508,validation
archive/data/Blight/Corn_Blight (1136).jpg,Blight,0,439,308,141.533203125,36.431488037109375,train
archive/data/Blight/Corn_Blight (1137).jpg,Blight,0,723,451,158.94482421875,34.08551788330078,validation
archive/data/Blight/Corn_Blight (1138).jpg,Blight,0,2448,3264,109.086181640625,51.83098983764648,validation
archive/data/Blight/Corn_Blight (1139).jpg,Blight,0,290,358,86.78271484375,50.94415283203125,train
archive/data/Blight/Corn_Blight (114).JPG,Blight,0,256,256,114.892822265625,38.33362579345703,train
archive/data/Blight/Corn_Blight (1140).jpg,Blight,0,360,640,124.21435546875,43.85523986816406,test
archive/data/Blight/Corn_Blight (1141).jpg,Blight,0,524,393,105.6748046875,43.30598068237305,test
archive/data/Blight/Corn_Blight (1142).jpg,Blight,0,1936,1296,124.18310546875,30.32417869567871,train
archive/data/Blight/Corn_Blight (1143).jpg,Blight,0,500,195,107.5029296875,22.684852600097656,train
archive/data/Blight/Corn_Blight (1144).jpg,Blight,0,521,833,121.349609375,27.160480499267575,train
archive/data/Blight/Corn_Blight (1145).jpg,Blight,0,504,335,126.51904296875,45.6729621887207,train
archive/data/Blight/Corn_Blight (115).JPG,Blight,0,256,256,116.71630859375,31.18056297302246,validation
archive/data/Blight/Corn_Blight (116).JPG,Blight,0,256,256,118.633544921875,25.741840362548828,train
archive/data/Blight/Corn_Blight (117).JPG,Blight,0,256,256,62.203369140625,22.213153839111328,train
archive/data/Blight/Corn_Blight (118).JPG,Blight,0,256,256,116.05859375,26.008424758911133,train
archive/data/Blight/Corn_Blight (119).JPG,Blight,0,256,256,96.963623046875,26.853832244873047,train
archive/data/Blight/Corn_Blight (12).jpg,Blight,0,384,287,128.034912109375,46.82673645019531,train
archive/data/Blight/Corn_Blight (120).JPG,Blight,0,256,256,139.422607421875,39.51360702514648,train
archive/data/Blight/Corn_Blight (121).JPG,Blight,0,256,256,105.84912109375,27.39386749267578,train
archive/data/Blight/Corn_Blight (122).JPG,Blight,0,256,256,112.589599609375,40.85073471069336,test
archive/data/Blight/Corn_Blight (123).JPG,Blight,0,256,256,113.392333984375,32.78115463256836,train
archive/data/Blight/Corn_Blight (124).JPG,Blight,0,256,256,120.687255859375,21.05540657043457,validation
archive/data/Blight/Corn_Blight (125).jpg,Blight,0,256,256,112.68994140625,16.767120361328125,validation
archive/data/Blight/Corn_Blight (126).JPG,Blight,0,256,256,119.984375,24.77908515930176,train
archive/data/Blight/Corn_Blight (127).JPG,Blight,0,256,256,123.07177734375,32.07847213745117,test
archive/data/Blight/Corn_Blight (128).JPG,Blight,0,256,256,117.291748046875,27.143465042114254,test
archive/data/Blight/Corn_Blight (129).JPG,Blight,0,256,256,123.56201171875,28.8492431640625,validation
archive/data/Blight/Corn_Blight (13).jpg,Blight,0,281,330,124.87451171875,46.21239471435547,test
archive/data/Blight/Corn_Blight (130).jpg,Blight,0,256,256,104.415283203125,36.48035430908203,train
archive/data/Blight/Corn_Blight (131).JPG,Blight,0,256,256,113.420166015625,27.80716323852539,train
archive/data/Blight/Corn_Blight (132).JPG,Blight,0,256,256,121.7177734375,33.66983413696289,test
archive/data/Blight/Corn_Blight (133).JPG,Blight,0,256,256,118.945556640625,30.48502349853516,train
archive/data/Blight/Corn_Blight (134).jpg,Blight,0,256,256,116.40283203125,23.87544631958008,validation
archive/data/Blight/Corn_Blight (135).JPG,Blight,0,256,256,117.762939453125,24.720947265625,validation
archive/data/Blight/Corn_Blight (136).JPG,Blight,0,256,256,114.14306640625,15.402987480163574,test
archive/data/Blight/Corn_Blight (137).JPG,Blight,0,256,256,121.751953125,38.59458160400391,test
archive/data/Blight/Corn_Blight (138).JPG,Blight,0,256,256,122.373046875,20.191648483276367,validation
archive/data/Blight/Corn_Blight (139).jpg,Blight,0,256,256,111.640380859375,25.710220336914062,validation
archive/data/Blight/Corn_Blight (14).jpg,Blight,0,180,347,116.990234375,60.28507232666016,validation
archive/data/Blight/Corn_Blight (140).JPG,Blight,0,256,256,104.42431640625,25.745460510253903,test
archive/data/Blight/Corn_Blight (141).JPG,Blight,0,256,256,123.292236328125,25.596092224121094,train
archive/data/Blight/Corn_Blight (142).JPG,Blight,0,256,256,120.320556640625,28.08881378173828,test
archive/data/Blight/Corn_Blight (143).JPG,Blight,0,256,256,130.046630859375,42.54716491699219,test
archive/data/Blight/Corn_Blight (144).jpg,Blight,0,256,256,118.1494140625,24.930492401123047,train
archive/data/Blight/Corn_Blight (145).JPG,Blight,0,256,256,117.641845703125,21.619441986083984,train
archive/data/Blight/Corn_Blight (146).JPG,Blight,0,256,256,127.376953125,26.335474014282227,test
archive/data/Blight/Corn_Blight (147).jpg,Blight,0,256,256,125.884033203125,24.267391204833984,train
archive/data/Blight/Corn_Blight (148).JPG,Blight,0,256,256,123.180419921875,27.88136482238769,validation
archive/data/Blight/Corn_Blight (149).JPG,Blight,0,256,256,122.587158203125,31.197498321533203,validation
archive/data/Blight/Corn_Blight (15).jpg,Blight,0,505,283,144.172607421875,36.38683319091797,test
archive/data/Blight/Corn_Blight (150).JPG,Blight,0,256,256,99.28857421875,35.51848602294922,train
archive/data/Blight/Corn_Blight (151).JPG,Blight,0,256,256,119.999267578125,23.110557556152344,validation
archive/data/Blight/Corn_Blight (152).JPG,Blight,0,256,256,108.1357421875,16.00241470336914,train
archive/data/Blight/Corn_Blight (153).JPG,Blight,0,256,256,112.101806640625,23.817495346069336,test
archive/data/Blight/Corn_Blight (154).JPG,Blight,0,256,256,117.2802734375,58.68477249145508,train
archive/data/Blight/Corn_Blight (155).JPG,Blight,0,256,256,106.235107421875,30.062379837036133,train
archive/data/Blight/Corn_Blight (156).JPG,Blight,0,256,256,117.60205078125,25.72357749938965,train
archive/data/Blight/Corn_Blight (157).JPG,Blight,0,256,256,127.48583984375,22.29228782653809,validation
archive/data/Blight/Corn_Blight (158).JPG,Blight,0,256,256,101.990966796875,27.05550193786621,validation
archive/data/Blight/Corn_Blight (159).JPG,Blight,0,256,256,117.160400390625,26.313453674316406,train
archive/data/Blight/Corn_Blight (16).jpg,Blight,0,220,293,120.448974609375,50.40917205810547,validation
archive/data/Blight/Corn_Blight (160).JPG,Blight,0,256,256,135.295654296875,30.657440185546875,validation
archive/data/Blight/Corn_Blight (161).JPG,Blight,0,256,256,114.945068359375,26.23673820495605,validation
archive/data/Blight/Corn_Blight (162).jpg,Blight,0,256,256,121.067138671875,25.966459274291992,test
archive/data/Blight/Corn_Blight (163).JPG,Blight,0,256,256,111.3896484375,29.804407119750977,train
archive/data/Blight/Corn_Blight (164).JPG,Blight,0,256,256,121.614013671875,39.661869049072266,train
archive/data/Blight/Corn_Blight (165).jpg,Blight,0,256,256,107.799560546875,33.10009002685547,train
archive/data/Blight/Corn_Blight (166).JPG,Blight,0,256,256,114.320556640625,35.639503479003906,train
archive/data/Blight/Corn_Blight (167).JPG,Blight,0,256,256,122.149658203125,26.88673973083496,test
archive/data/Blight/Corn_Blight (168).JPG,Blight,0,256,256,115.96240234375,29.230445861816406,train
archive/data/Blight/Corn_Blight (169).JPG,Blight,0,256,256,110.358642578125,23.38996315002441,validation
archive/data/Blight/Corn_Blight (17).jpg,Blight,0,432,350,140.21630859375,57.64606475830078,train
archive/data/Blight/Corn_Blight (170).JPG,Blight,0,256,256,121.3701171875,20.61161231994629,validation
archive/data/Blight/Corn_Blight (171).JPG,Blight,0,256,256,130.31298828125,17.246990203857422,validation
archive/data/Blight/Corn_Blight (172).JPG,Blight,0,256,256,112.668701171875,22.337617874145508,train
archive/data/Blight/Corn_Blight (173).JPG,Blight,0,256,256,116.67041015625,30.519222259521484,test
archive/data/Blight/Corn_Blight (174).JPG,Blight,0,256,256,109.65966796875,34.55907440185547,validation
archive/data/Blight/Corn_Blight (175).jpg,Blight,0,256,256,135.9130859375,27.421850204467773,train
archive/data/Blight/Corn_Blight (176).jpg,Blight,0,256,256,117.180419921875,32.655792236328125,validation
archive/data/Blight/Corn_Blight (177).JPG,Blight,0,256,256,121.8291015625,25.08009910583496,train
archive/data/Blight/Corn_Blight (178).jpg,Blight,0,256,256,117.137939453125,18.556995391845703,validation
archive/data/Blight/Corn_Blight (179).JPG,Blight,0,256,256,106.276123046875,18.700342178344727,train
archive/data/Blight/Corn_Blight (18).jpg,Blight,0,432,313,164.77685546875,70.45974731445312,train
archive/data/Blight/Corn_Blight (180).JPG,Blight,0,256,256,124.374755859375,27.313108444213867,validation
archive/data/Blight/Corn_Blight (181).JPG,Blight,0,256,256,133.549560546875,29.58206558227539,test
archive/data/Blight/Corn_Blight (182).JPG,Blight,0,256,256,128.25927734375,29.79086685180664,validation
archive/data/Blight/Corn_Blight (183).JPG,Blight,0,256,256,119.60498046875,22.88978385925293,validation
archive/data/Blight/Corn_Blight (184).JPG,Blight,0,256,256,117.52001953125,24.07530403137207,test
archive/data/Blight/Corn_Blight (185).JPG,Blight,0,256,256,117.296875,31.17877197265625,train
archive/data/Blight/Corn_Blight (186).JPG,Blight,0,256,256,120.614013671875,31.215015411376957,train
archive/data/Blight/Corn_Blight (187).JPG,Blight,0,256,256,104.640625,29.274038314819336,validation
archive/data/Blight/Corn_Blight (188).JPG,Blight,0,256,256,118.16796875,25.134708404541016,validation
archive/data/Blight/Corn_Blight (189).JPG,Blight,0,256,256,128.630859375,26.351303100585938,train
archive/data/Blight/Corn_Blight (19).jpg,Blight,0,400,261,125.2587890625,42.565216064453125,test
archive/data/Blight/Corn_Blight (190).JPG,Blight,0,256,256,114.094482421875,33.11604690551758,train
archive/data/Blight/Corn_Blight (191).JPG,Blight,0,256,256,116.393310546875,30.011632919311523,train
archive/data/Blight/Corn_Blight (192).JPG,Blight,0,256,256,116.96826171875,28.72407913208008,test
archive/data/Blight/Corn_Blight (193).JPG,Blight,0,256,256,117.005859375,31.025537490844727,train
archive/data/Blight/Corn_Blight (194).JPG,Blight,0,256,256,105.7490234375,44.06044006347656,validation
archive/data/Blight/Corn_Blight (195).JPG,Blight,0,256,256,123.467041015625,26.897689819335938,train
archive/data/Blight/Corn_Blight (196).JPG,Blight,0,256,256,104.497314453125,28.009241104125977,train
archive/data/Blight/Corn_Blight (197).JPG,Blight,0,256,256,116.73779296875,21.81686782836914,test
archive/data/Blight/Corn_Blight (198).JPG,Blight,0,256,256,138.181640625,36.194862365722656,train
archive/data/Blight/Corn_Blight (199).JPG,Blight,0,256,256,128.13623046875,43.893802642822266,train
archive/data/Blight/Corn_Blight (2).jpg,Blight,0,1170,501,118.568603515625,38.45433807373047,train
archive/data/Blight/Corn_Blight (20).jpg,Blight,0,1200,900,105.16357421875,54.45426559448242,train
archive/data/Blight/Corn_Blight (200).JPG,Blight,0,256,256,108.5478515625,29.731056213378903,train
archive/data/Blight/Corn_Blight (201).JPG,Blight,0,256,256,110.608154296875,26.28587532043457,test
archive/data/Blight/Corn_Blight (202).JPG,Blight,0,256,256,112.370361328125,25.180700302124023,train
archive/data/Blight/Corn_Blight (203).JPG,Blight,0,256,256,120.66650390625,20.00102996826172,test
archive/data/Blight/Corn_Blight (204).jpg,Blight,0,256,256,126.3974609375,22.66069602966309,test
archive/data/Blight/Corn_Blight (205).JPG,Blight,0,256,256,90.931640625,40.195560455322266,train
archive/data/Blight/Corn_Blight (206).JPG,Blight,0,256,256,113.30517578125,31.55925178527832,validation
archive/data/Blight/Corn_Blight (207).JPG,Blight,0,256,256,146.711181640625,32.92208480834961,test
archive/data/Blight/Corn_Blight (208).jpg,Blight,0,256,256,124.6044921875,33.42632293701172,test
archive/data/Blight/Corn_Blight (209).JPG,Blight,0,256,256,128.904296875,27.57869911193848,train
archive/data/Blight/Corn_Blight (21).jpg,Blight,0,1600,1200,124.356689453125,41.42079925537109,validation
archive/data/Blight/Corn_Blight (210).JPG,Blight,0,256,256,124.939453125,36.79045867919922,train
archive/data/Blight/Corn_Blight (211).JPG,Blight,0,256,256,117.579345703125,30.19398498535156,train
archive/data/Blight/Corn_Blight (212).JPG,Blight,0,256,256,121.48388671875,43.56835174560547,train
archive/data/Blight/Corn_Blight (213).JPG,Blight,0,256,256,115.19580078125,23.272571563720703,train
archive/data/Blight/Corn_Blight (214).JPG,Blight,0,256,256,124.067138671875,13.995800018310549,train
archive/data/Blight/Corn_Blight (215).JPG,Blight,0,256,256,152.742919921875,31.062885284423828,train
archive/data/Blight/Corn_Blight (216).JPG,Blight,0,256,256,122.517333984375,24.90861701965332,train
archive/data/Blight/Corn_Blight (217).JPG,Blight,0,256,256,115.932861328125,24.924713134765625,test
archive/data/Blight/Corn_Blight (218).JPG,Blight,0,256,256,123.572509765625,22.634429931640625,validation
archive/data/Blight/Corn_Blight (219).JPG,Blight,0,256,256,99.49462890625,28.77985954284668,test
archive/data/Blight/Corn_Blight (22).jpg,Blight,0,640,427,143.90869140625,65.05064392089844,train
archive/data/Blight/Corn_Blight (220).JPG,Blight,0,256,256,124.88134765625,32.21867370605469,train
archive/data/Blight/Corn_Blight (221).JPG,Blight,0,256,256,118.717529296875,15.968186378479004,validation
archive/data/Blight/Corn_Blight (222).JPG,Blight,0,256,256,105.49560546875,22.033201217651367,train
archive/data/Blight/Corn_Blight (223).JPG,Blight,0,256,256,101.364501953125,27.65584754943848,test
archive/data/Blight/Corn_Blight (224).JPG,Blight,0,256,256,118.76025390625,29.85159683227539,train
archive/data/Blight/Corn_Blight (225).JPG,Blight,0,256,256,100.221435546875,43.48634719848633,train
archive/data/Blight/Corn_Blight (226).JPG,Blight,0,256,256,104.6005859375,31.871360778808597,test
archive/data/Blight/Corn_Blight (227).JPG,Blight,0,256,256,107.685546875,33.93610000610352,train
archive/data/Blight/Corn_Blight (228).JPG,Blight,0,256,256,120.779541015625,26.43180274963379,test
archive/data/Blight/Corn_Blight (229).JPG,Blight,0,256,256,125.626953125,36.20210266113281,train
archive/data/Blight/Corn_Blight (23).jpg,Blight,0,256,385,64.822265625,36.83506774902344,train
archive/data/Blight/Corn_Blight (230).JPG,Blight,0,256,256,128.470947265625,39.86199951171875,train
archive/data/Blight/Corn_Blight (231).JPG,Blight,0,256,256,128.54248046875,27.32185935974121,train
archive/data/Blight/Corn_Blight (232).JPG,Blight,0,256,256,125.5244140625,35.238121032714844,train
archive/data/Blight/Corn_Blight (233).JPG,Blight,0,256,256,115.2080078125,30.088956832885746,validation
archive/data/Blight/Corn_Blight (234).JPG,Blight,0,256,256,124.528564453125,27.39529228210449,train
archive/data/Blight/Corn_Blight (235).JPG,Blight,0,256,256,124.163330078125,31.91427421569824,train
archive/data/Blight/Corn_Blight (236).JPG,Blight,0,256,256,109.7333984375,37.08888244628906,train
archive/data/Blight/Corn_Blight (237).JPG,Blight,0,256,256,118.020751953125,30.562623977661133,train
archive/data/Blight/Corn_Blight (238).JPG,Blight,0,256,256,120.648681640625,23.7954216003418,validation
archive/data/Blight/Corn_Blight (239).JPG,Blight,0,256,256,116.222412109375,27.72355079650879,test
archive/data/Blight/Corn_Blight (24).jpg,Blight,0,1024,768,68.91162109375,54.19475173950195,train
archive/data/Blight/Corn_Blight (240).JPG,Blight,0,256,256,103.7763671875,33.7371711730957,train
archive/data/Blight/Corn_Blight (241).JPG,Blight,0,256,256,127.403564453125,25.764663696289062,train
archive/data/Blight/Corn_Blight (242).JPG,Blight,0,256,256,114.0478515625,34.51639938354492,train
archive/data/Blight/Corn_Blight (243).JPG,Blight,0,256,256,123.8359375,24.416940689086918,test
archive/data/Blight/Corn_Blight (244).JPG,Blight,0,256,256,118.067138671875,30.533594131469727,train
archive/data/Blight/Corn_Blight (245).JPG,Blight,0,256,256,114.269775390625,24.178226470947266,train
archive/data/Blight/Corn_Blight (246).jpg,Blight,0,256,256,132.66943359375,42.34925842285156,train
archive/data/Blight/Corn_Blight (247).JPG,Blight,0,256,256,114.673828125,23.217153549194336,train
archive/data/Blight/Corn_Blight (248).JPG,Blight,0,256,256,118.088623046875,33.85868835449219,train
archive/data/Blight/Corn_Blight (249).JPG,Blight,0,256,256,120.38916015625,24.61464500427246,train
archive/data/Blight/Corn_Blight (25).jpg,Blight,0,400,766,134.230712890625,27.846052169799805,train
archive/data/Blight/Corn_Blight (250).JPG,Blight,0,256,256,126.47998046875,24.895870208740234,train
archive/data/Blight/Corn_Blight (251).JPG,Blight,0,256,256,118.220458984375,30.913122177124023,train
archive/data/Blight/Corn_Blight (252).JPG,Blight,0,256,256,117.084228515625,21.852689743041992,train
archive/data/Blight/Corn_Blight (253).JPG,Blight,0,256,256,109.369384765625,29.034597396850582,train
archive/data/Blight/Corn_Blight (254).JPG,Blight,0,256,256,114.6455078125,35.80930709838867,train
archive/data/Blight/Corn_Blight (255).JPG,Blight,0,256,256,127.22314453125,42.81053161621094,test
archive/data/Blight/Corn_Blight (256).JPG,Blight,0,256,256,110.040771484375,26.43142318725586,train
archive/data/Blight/Corn_Blight (257).JPG,Blight,0,256,256,120.200927734375,32.77991485595703,test
archive/data/Blight/Corn_Blight (258).JPG,Blight,0,256,256,120.668212890625,30.84394073486328,test
archive/data/Blight/Corn_Blight (259).jpg,Blight,0,256,256,103.023193359375,21.56245803833008,test
archive/data/Blight/Corn_Blight (26).jpg,Blight,0,628,472,148.960693359375,37.939395904541016,train
archive/data/Blight/Corn_Blight (260).JPG,Blight,0,256,256,113.943603515625,22.01055145263672,validation
archive/data/Blight/Corn_Blight (261).JPG,Blight,0,256,256,115.33837890625,34.04815673828125,test
archive/data/Blight/Corn_Blight (262).JPG,Blight,0,256,256,119.19580078125,23.929487228393555,validation
archive/data/Blight/Corn_Blight (263).JPG,Blight,0,256,256,112.821044921875,26.2566032409668,test
archive/data/Blight/Corn_Blight (264).jpg,Blight,0,256,256,128.000244140625,25.841875076293945,train
archive/data/Blight/Corn_Blight (265).JPG,Blight,0,256,256,109.617919921875,26.62687492370605,train
archive/data/Blight/Corn_Blight (266).JPG,Blight,0,256,256,121.624755859375,21.9428768157959,train
archive/data/Blight/Corn_Blight (267).JPG,Blight,0,256,256,124.828857421875,24.30509376525879,train
archive/data/Blight/Corn_Blight (268).JPG,Blight,0,256,256,104.964599609375,31.401710510253903,train
archive/data/Blight/Corn_Blight (269).JPG,Blight,0,256,256,108.45751953125,35.780555725097656,validation
archive/data/Blight/Corn_Blight (27).jpg,Blight,0,400,533,151.552490234375,31.79665184020996,train
archive/data/Blight/Corn_Blight (270).JPG,Blight,0,256,256,117.36181640625,24.976715087890625,train
archive/data/Blight/Corn_Blight (271).JPG,Blight,0,256,256,110.730712890625,27.86815071105957,validation
archive/data/Blight/Corn_Blight (272).JPG,Blight,0,256,256,126.564208984375,28.351118087768555,test
archive/data/Blight/Corn_Blight (273).JPG,Blight,0,256,256,101.4267578125,27.13979148864746,train
archive/data/Blight/Corn_Blight (274).JPG,Blight,0,256,256,133.736572265625,33.264259338378906,train
archive/data/Blight/Corn_Blight (275).jpg,Blight,0,256,256,118.27197265625,37.63450622558594,test
archive/data/Blight/Corn_Blight (276).JPG,Blight,0,256,256,124.29345703125,21.935035705566406,train
archive/data/Blight/Corn_Blight (277).JPG,Blight,0,256,256,120.756103515625,31.861045837402344,test
archive/data/Blight/Corn_Blight (278).JPG,Blight,0,256,256,127.287841796875,20.455528259277344,train
archive/data/Blight/Corn_Blight (279).JPG,Blight,0,256,256,114.12353515625,25.019609451293945,train
archive/data/Blight/Corn_Blight (28).jpg,Blight,0,325,209,119.7939453125,36.94546890258789,train
archive/data/Blight/Corn_Blight (280).JPG,Blight,0,256,256,131.28759765625,27.036060333251957,test
archive/data/Blight/Corn_Blight (281).JPG,Blight,0,256,256,121.519287109375,37.56575393676758,test
archive/data/Blight/Corn_Blight (282).JPG,Blight,0,256,256,120.993408203125,27.694618225097656,train
archive/data/Blight/Corn_Blight (283).JPG,Blight,0,256,256,120.4140625,28.795429229736328,train
archive/data/Blight/Corn_Blight (284).jpg,Blight,0,256,256,111.191650390625,19.785472869873047,test
archive/data/Blight/Corn_Blight (285).JPG,Blight,0,256,256,122.080810546875,24.7938289642334,test
archive/data/Blight/Corn_Blight (286).jpg,Blight,0,256,256,112.458251953125,32.07036209106445,validation
archive/data/Blight/Corn_Blight (287).JPG,Blight,0,256,256,117.110107421875,28.19535255432129,train
archive/data/Blight/Corn_Blight (288).JPG,Blight,0,256,256,116.1806640625,29.37874984741211,test
archive/data/Blight/Corn_Blight (289).JPG,Blight,0,256,256,123.3486328125,23.64591789245605,test
archive/data/Blight/Corn_Blight (29).jpg,Blight,0,590,200,121.349609375,40.709716796875,train
archive/data/Blight/Corn_Blight (290).JPG,Blight,0,256,256,108.626708984375,40.6932258605957,train
archive/data/Blight/Corn_Blight (291).JPG,Blight,0,256,256,115.727783203125,31.27604103088379,train
archive/data/Blight/Corn_Blight (292).JPG,Blight,0,256,256,113.319580078125,27.242799758911133,train
archive/data/Blight/Corn_Blight (293).JPG,Blight,0,256,256,125.495361328125,33.31587219238281,train
archive/data/Blight/Corn_Blight (294).JPG,Blight,0,256,256,128.12255859375,33.9838752746582,test
archive/data/Blight/Corn_Blight (295).JPG,Blight,0,256,256,125.45068359375,24.82499313354492,train
archive/data/Blight/Corn_Blight (296).JPG,Blight,0,256,256,116.6162109375,29.64215660095215,validation
archive/data/Blight/Corn_Blight (297).JPG,Blight,0,256,256,116.89013671875,15.786823272705078,train
archive/data/Blight/Corn_Blight (298).JPG,Blight,0,256,256,130.084228515625,31.183107376098636,validation
archive/data/Blight/Corn_Blight (299).JPG,Blight,0,256,256,117.656982421875,27.0477237701416,train
archive/data/Blight/Corn_Blight (3).jpg,Blight,0,628,467,118.319580078125,46.40258026123047,test
archive/data/Blight/Corn_Blight (30).jpg,Blight,0,379,646,127.814453125,48.28618621826172,train
archive/data/Blight/Corn_Blight (300).JPG,Blight,0,256,256,110.021484375,22.58814239501953,train
archive/data/Blight/Corn_Blight (301).JPG,Blight,0,256,256,115.94189453125,36.6322135925293,train
archive/data/Blight/Corn_Blight (302).JPG,Blight,0,256,256,110.97021484375,30.47987174987793,train
archive/data/Blight/Corn_Blight (303).jpg,Blight,0,256,256,104.628662109375,24.844703674316406,train
archive/data/Blight/Corn_Blight (304).jpg,Blight,0,256,256,111.001708984375,31.245948791503903,validation
archive/data/Blight/Corn_Blight (305).JPG,Blight,0,256,256,119.883056640625,35.40288162231445,test
archive/data/Blight/Corn_Blight (306).JPG,Blight,0,256,256,100.731201171875,27.718366622924805,test
archive/data/Blight/Corn_Blight (307).jpg,Blight,0,256,256,109.949462890625,21.94317626953125,test
archive/data/Blight/Corn_Blight (308).JPG,Blight,0,256,256,118.7705078125,32.96760559082031,train
archive/data/Blight/Corn_Blight (309).jpg,Blight,0,256,256,127.57666015625,39.14368438720703,train
archive/data/Blight/Corn_Blight (31).jpg,Blight,0,960,540,119.211669921875,37.0883903503418,validation
archive/data/Blight/Corn_Blight (310).JPG,Blight,0,256,256,114.317626953125,29.88385581970215,train
archive/data/Blight/Corn_Blight (311).JPG,Blight,0,256,256,121.5966796875,40.54271697998047,train
archive/data/Blight/Corn_Blight (312).JPG,Blight,0,256,256,86.906494140625,59.77168655395508,test
archive/data/Blight/Corn_Blight (313).JPG,Blight,0,256,256,125.463134765625,24.328855514526367,validation
archive/data/Blight/Corn_Blight (314).JPG,Blight,0,256,256,108.49560546875,27.20296859741211,train
archive/data/Blight/Corn_Blight (315).JPG,Blight,0,256,256,122.805908203125,37.336456298828125,train
archive/data/Blight/Corn_Blight (316).JPG,Blight,0,256,256,101.400634765625,32.768898010253906,train
archive/data/Blight/Corn_Blight (317).jpg,Blight,0,256,256,115.477294921875,21.21464157104492,train
archive/data/Blight/Corn_Blight (318).JPG,Blight,0,256,256,133.571533203125,41.79210662841797,train
archive/data/Blight/Corn_Blight (319).JPG,Blight,0,256,256,131.02001953125,38.21083450317383,train
archive/data/Blight/Corn_Blight (32).jpg,Blight,0,461,666,94.75927734375,44.69197845458984,train
archive/data/Blight/Corn_Blight (320).JPG,Blight,0,256,256,121.92919921875,30.953577041625977,test
archive/data/Blight/Corn_Blight (321).JPG,Blight,0,256,256,108.30517578125,27.054887771606445,train
archive/data/Blight/Corn_Blight (322).JPG,Blight,0,256,256,117.31591796875,56.858924865722656,validation
archive/data/Blight/Corn_Blight (323).jpg,Blight,0,256,256,118.05615234375,28.4836540222168,train
archive/data/Blight/Corn_Blight (324).JPG,Blight,0,256,256,120.83056640625,19.95909118652344,test
archive/data/Blight/Corn_Blight (325).JPG,Blight,0,256,256,121.622802734375,24.395263671875,train
archive/data/Blight/Corn_Blight (326).JPG,Blight,0,256,256,113.024169921875,34.23878860473633,train
archive/data/Blight/Corn_Blight (327).JPG,Blight,0,256,256,116.991943359375,31.582019805908203,train
archive/data/Blight/Corn_Blight (328).JPG,Blight,0,256,256,124.737548828125,18.02632522583008,train
archive/data/Blight/Corn_Blight (329).JPG,Blight,0,256,256,123.385009765625,24.86892318725586,validation
archive/data/Blight/Corn_Blight (33).jpg,Blight,0,335,442,108.749755859375,63.86368560791016,test
archive/data/Blight/Corn_Blight (330).JPG,Blight,0,256,256,120.895263671875,24.380126953125,validation
archive/data/Blight/Corn_Blight (331).JPG,Blight,0,256,256,121.29833984375,38.96193313598633,train
archive/data/Blight/Corn_Blight (332).JPG,Blight,0,256,256,112.069091796875,23.923316955566406,train
archive/data/Blight/Corn_Blight (333).JPG,Blight,0,256,256,111.653564453125,33.992679595947266,train
archive/data/Blight/Corn_Blight (334).JPG,Blight,0,256,256,130.347412109375,52.33661651611328,validation
archive/data/Blight/Corn_Blight (335).JPG,Blight,0,256,256,125.522705078125,27.75124931335449,train
archive/data/Blight/Corn_Blight (336).JPG,Blight,0,256,256,125.42138671875,22.724815368652344,validation
archive/data/Blight/Corn_Blight (337).JPG,Blight,0,256,256,121.7490234375,33.54727554321289,test
archive/data/Blight/Corn_Blight (338).JPG,Blight,0,256,256,116.480712890625,25.3615779876709,train
archive/data/Blight/Corn_Blight (339).jpg,Blight,0,256,256,125.81298828125,31.6673583984375,train
archive/data/Blight/Corn_Blight (34).jpg,Blight,0,650,1024,53.530517578125,31.33263397216797,test
archive/data/Blight/Corn_Blight (340).JPG,Blight,0,256,256,106.875244140625,39.2453498840332,validation
archive/data/Blight/Corn_Blight (341).JPG,Blight,0,256,256,108.233154296875,29.760560989379883,train
archive/data/Blight/Corn_Blight (342).JPG,Blight,0,256,256,119.0791015625,25.142410278320312,validation
archive/data/Blight/Corn_Blight (343).JPG,Blight,0,256,256,122.40771484375,24.23831367492676,train
archive/data/Blight/Corn_Blight (344).JPG,Blight,0,256,256,131.209716796875,24.79180335998535,train
archive/data/Blight/Corn_Blight (345).JPG,Blight,0,256,256,108.65380859375,25.434606552124023,validation
archive/data/Blight/Corn_Blight (346).JPG,Blight,0,256,256,120.033935546875,25.20760536193848,train
archive/data/Blight/Corn_Blight (347).JPG,Blight,0,256,256,137.48681640625,23.48203659057617,train
archive/data/Blight/Corn_Blight (348).jpg,Blight,0,256,256,125.18359375,24.57619285583496,train
archive/data/Blight/Corn_Blight (349).JPG,Blight,0,256,256,97.69580078125,28.97772026062012,test
archive/data/Blight/Corn_Blight (35).jpg,Blight,0,1024,768,141.7607421875,35.58502960205078,train
archive/data/Blight/Corn_Blight (350).JPG,Blight,0,256,256,118.62548828125,32.33466720581055,train
archive/data/Blight/Corn_Blight (351).JPG,Blight,0,256,256,132.531494140625,25.01269149780273,train
archive/data/Blight/Corn_Blight (352).JPG,Blight,0,256,256,101.105224609375,33.56525421142578,validation
archive/data/Blight/Corn_Blight (353).JPG,Blight,0,256,256,118.408447265625,17.530885696411133,train
archive/data/Blight/Corn_Blight (354).JPG,Blight,0,256,256,126.787109375,33.13557434082031,validation
archive/data/Blight/Corn_Blight (355).JPG,Blight,0,256,256,130.85009765625,35.378631591796875,train
archive/data/Blight/Corn_Blight (356).JPG,Blight,0,256,256,127.493408203125,35.84900665283203,validation
archive/data/Blight/Corn_Blight (357).JPG,Blight,0,256,256,85.916259765625,18.106592178344727,train
archive/data/Blight/Corn_Blight (358).JPG,Blight,0,256,256,117.099365234375,24.97527313232422,test
archive/data/Blight/Corn_Blight (359).JPG,Blight,0,256,256,114.188232421875,29.675811767578125,train
archive/data/Blight/Corn_Blight (36).jpg,Blight,0,882,1632,111.691650390625,33.43069076538086,train
archive/data/Blight/Corn_Blight (360).JPG,Blight,0,256,256,99.23193359375,23.713836669921875,train
archive/data/Blight/Corn_Blight (361).JPG,Blight,0,256,256,112.641845703125,35.92422103881836,train
archive/data/Blight/Corn_Blight (362).JPG,Blight,0,256,256,114.31201171875,23.585010528564453,train
archive/data/Blight/Corn_Blight (363).JPG,Blight,0,256,256,121.255859375,27.144811630249023,train
archive/data/Blight/Corn_Blight (364).JPG,Blight,0,256,256,118.593017578125,22.090347290039062,test
archive/data/Blight/Corn_Blight (365).JPG,Blight,0,256,256,115.811279296875,26.39219856262207,train
archive/data/Blight/Corn_Blight (366).JPG,Blight,0,256,256,124.7763671875,34.47864532470703,train
archive/data/Blight/Corn_Blight (367).JPG,Blight,0,256,256,124.4384765625,39.43056106567383,train
archive/data/Blight/Corn_Blight (368).JPG,Blight,0,256,256,109.070068359375,32.90170669555664,train
archive/data/Blight/Corn_Blight (369).JPG,Blight,0,256,256,108.810546875,24.604642868041992,train
archive/data/Blight/Corn_Blight (37).jpg,Blight,0,432,324,124.241943359375,54.459129333496094,train
archive/data/Blight/Corn_Blight (370).JPG,Blight,0,256,256,125.890380859375,42.49172592163086,train
archive/data/Blight/Corn_Blight (371).JPG,Blight,0,256,256,136.094482421875,49.53433227539063,train
archive/data/Blight/Corn_Blight (372).JPG,Blight,0,256,256,123.221923828125,24.261228561401367,train
archive/data/Blight/Corn_Blight (373).JPG,Blight,0,256,256,116.941650390625,25.164134979248047,train
archive/data/Blight/Corn_Blight (374).JPG,Blight,0,256,256,120.196533203125,18.86245346069336,validation
archive/data/Blight/Corn_Blight (375).JPG,Blight,0,256,256,117.9140625,23.01996612548828,train
archive/data/Blight/Corn_Blight (376).JPG,Blight,0,256,256,126.505859375,25.933469772338867,train
archive/data/Blight/Corn_Blight (377).JPG,Blight,0,256,256,119.304931640625,21.602012634277344,test
archive/data/Blight/Corn_Blight (378).JPG,Blight,0,256,256,127.2568359375,28.933332443237305,validation
archive/data/Blight/Corn_Blight (379).JPG,Blight,0,256,256,120.43212890625,25.3942985534668,train
archive/data/Blight/Corn_Blight (38).jpg,Blight,0,400,350,120.5244140625,40.46751403808594,train
archive/data/Blight/Corn_Blight (380).JPG,Blight,0,256,256,125.1171875,21.62318992614746,validation
archive/data/Blight/Corn_Blight (381).JPG,Blight,0,256,256,113.750732421875,45.65803909301758,train
archive/data/Blight/Corn_Blight (382).JPG,Blight,0,256,256,128.663330078125,22.50260734558105,train
archive/data/Blight/Corn_Blight (383).JPG,Blight,0,256,256,113.73095703125,29.03052520751953,train
archive/data/Blight/Corn_Blight (384).jpg,Blight,0,256,256,120.793701171875,32.781158447265625,train
archive/data/Blight/Corn_Blight (385).JPG,Blight,0,256,256,115.664794921875,41.1757926940918,train
archive/data/Blight/Corn_Blight (386).JPG,Blight,0,256,256,113.2509765625,38.0899543762207,train
archive/data/Blight/Corn_Blight (387).JPG,Blight,0,256,256,113.724609375,32.039791107177734,train
archive/data/Blight/Corn_Blight (388).JPG,Blight,0,256,256,113.018310546875,26.80884552001953,test
archive/data/Blight/Corn_Blight (389).JPG,Blight,0,256,256,111.926513671875,22.44870948791504,train
archive/data/Blight/Corn_Blight (39).jpg,Blight,0,400,400,136.948486328125,37.81134414672852,train
archive/data/Blight/Corn_Blight (390).JPG,Blight,0,256,256,121.92431640625,26.05536460876465,train
archive/data/Blight/Corn_Blight (391).JPG,Blight,0,256,256,141.323486328125,29.844505310058597,train
archive/data/Blight/Corn_Blight (392).JPG,Blight,0,256,256,104.79541015625,25.19588661193848,train
archive/data/Blight/Corn_Blight (393).JPG,Blight,0,256,256,130.328369140625,19.89115524291992,train
archive/data/Blight/Corn_Blight (394).JPG,Blight,0,256,256,140.87841796875,44.19036102294922,train
archive/data/Blight/Corn_Blight (395).JPG,Blight,0,256,256,109.333984375,21.518199920654297,train
archive/data/Blight/Corn_Blight (396).JPG,Blight,0,256,256,122.77880859375,24.724040985107425,test
archive/data/Blight/Corn_Blight (397).JPG,Blight,0,256,256,131.281005859375,38.14496612548828,validation
archive/data/Blight/Corn_Blight (398).JPG,Blight,0,256,256,111.91015625,59.98346710205078,test
archive/data/Blight/Corn_Blight (399).jpg,Blight,0,256,256,96.846923828125,42.00796508789063,test
archive/data/Blight/Corn_Blight (4).jpg,Blight,0,495,400,128.781005859375,49.56977081298828,train
archive/data/Blight/Corn_Blight (40).jpg,Blight,0,1024,473,104.273193359375,31.51333236694336,test
archive/data/Blight/Corn_Blight (400).JPG,Blight,0,256,256,124.78369140625,22.76795959472656,test
archive/data/Blight/Corn_Blight (401).JPG,Blight,0,256,256,114.019287109375,23.20832633972168,train
archive/data/Blight/Corn_Blight (402).JPG,Blight,0,256,256,117.285400390625,28.809295654296875,train
archive/data/Blight/Corn_Blight (403).JPG,Blight,0,256,256,121.64453125,21.81904983520508,train
archive/data/Blight/Corn_Blight (404).jpg,Blight,0,256,256,100.380615234375,20.370229721069336,train
archive/data/Blight/Corn_Blight (405).JPG,Blight,0,256,256,112.547119140625,20.718507766723636,train
archive/data/Blight/Corn_Blight (406).JPG,Blight,0,256,256,95.85205078125,23.94196891784668,test
archive/data/Blight/Corn_Blight (407).JPG,Blight,0,256,256,123.619140625,23.468063354492188,train
archive/data/Blight/Corn_Blight (408).JPG,Blight,0,256,256,97.194580078125,25.22601890563965,validation
archive/data/Blight/Corn_Blight (409).JPG,Blight,0,256,256,101.217529296875,30.649715423583984,validation
archive/data/Blight/Corn_Blight (41).jpg,Blight,0,334,534,93.489013671875,31.56465721130371,train
archive/data/Blight/Corn_Blight (410).JPG,Blight,0,256,256,111.0830078125,29.43508529663086,validation
archive/data/Blight/Corn_Blight (411).JPG,Blight,0,256,256,115.8134765625,28.791976928710938,train
archive/data/Blight/Corn_Blight (412).JPG,Blight,0,256,256,119.569091796875,16.42182731628418,validation
archive/data/Blight/Corn_Blight (413).JPG,Blight,0,256,256,106.63525390625,31.88122940063477,train
archive/data/Blight/Corn_Blight (414).JPG,Blight,0,256,256,121.3203125,36.61637878417969,train
archive/data/Blight/Corn_Blight (415).jpg,Blight,0,256,256,119.313720703125,32.004486083984375,validation
archive/data/Blight/Corn_Blight (416).JPG,Blight,0,256,256,115.885009765625,29.378942489624023,train
archive/data/Blight/Corn_Blight (417).JPG,Blight,0,256,256,127.679931640625,27.4722843170166,test
archive/data/Blight/Corn_Blight (418).JPG,Blight,0,256,256,131.849365234375,19.61550521850586,train
archive/data/Blight/Corn_Blight (419).JPG,Blight,0,256,256,106.700439453125,32.298912048339844,train
archive/data/Blight/Corn_Blight (42).jpg,Blight,0,239,454,120.392333984375,29.80834197998047,test
archive/data/Blight/Corn_Blight (420).JPG,Blight,0,256,256,107.738037109375,26.78506851196289,train
archive/data/Blight/Corn_Blight (421).JPG,Blight,0,256,256,114.61962890625,25.732202529907227,train
archive/data/Blight/Corn_Blight (422).jpg,Blight,0,256,256,106.655029296875,30.84566307067871,train
archive/data/Blight/Corn_Blight (423).jpg,Blight,0,256,256,117.782470703125,25.03232765197754,train
archive/data/Blight/Corn_Blight (424).JPG,Blight,0,256,256,124.88525390625,48.30011367797852,test
archive/data/Blight/Corn_Blight (425).JPG,Blight,0,256,256,114.68603515625,24.78535842895508,train
archive/data/Blight/Corn_Blight (426).JPG,Blight,0,256,256,108.333984375,38.99097442626953,train
archive/data/Blight/Corn_Blight (427).JPG,Blight,0,256,256,121.55078125,37.75457000732422,validation
archive/data/Blight/Corn_Blight (428).JPG,Blight,0,256,256,118.071533203125,24.059688568115234,test
archive/data/Blight/Corn_Blight (429).JPG,Blight,0,256,256,111.656494140625,29.72750473022461,validation
archive/data/Blight/Corn_Blight (43).jpg,Blight,0,246,449,114.716064453125,74.61076354980469,train
archive/data/Blight/Corn_Blight (430).JPG,Blight,0,256,256,126.02490234375,33.81910705566406,train
archive/data/Blight/Corn_Blight (431).JPG,Blight,0,256,256,131.5625,24.593263626098636,test
archive/data/Blight/Corn_Blight (432).JPG,Blight,0,256,256,118.31005859375,21.46082305908203,validation
archive/data/Blight/Corn_Blight (433).jpg,Blight,0,256,256,105.683349609375,20.714155197143555,validation
archive/data/Blight/Corn_Blight (434).JPG,Blight,0,256,256,122.115478515625,22.28890991210937,train
archive/data/Blight/Corn_Blight (435).JPG,Blight,0,256,256,130.45458984375,30.818471908569336,validation
archive/data/Blight/Corn_Blight (436).JPG,Blight,0,256,256,113.54736328125,33.01350402832031,validation
archive/data/Blight/Corn_Blight (437).JPG,Blight,0,256,256,122.140380859375,27.837629318237305,train
archive/data/Blight/Corn_Blight (438).jpg,Blight,0,256,256,128.947998046875,40.28458786010742,train
archive/data/Blight/Corn_Blight (439).jpg,Blight,0,256,256,127.913818359375,27.53923225402832,test
archive/data/Blight/Corn_Blight (44).jpg,Blight,0,252,450,106.488037109375,33.179420471191406,train
archive/data/Blight/Corn_Blight (440).JPG,Blight,0,256,256,109.870361328125,27.24409484863281,validation
archive/data/Blight/Corn_Blight (441).JPG,Blight,0,256,256,110.673583984375,35.091880798339844,test
archive/data/Blight/Corn_Blight (442).JPG,Blight,0,256,256,112.28515625,29.23444175720215,train
archive/data/Blight/Corn_Blight (443).JPG,Blight,0,256,256,123.4921875,19.54260635375977,test
archive/data/Blight/Corn_Blight (444).JPG,Blight,0,256,256,111.59716796875,40.12661743164063,test
archive/data/Blight/Corn_Blight (445).JPG,Blight,0,256,256,117.68505859375,26.515003204345703,train
archive/data/Blight/Corn_Blight (446).JPG,Blight,0,256,256,117.125244140625,26.514732360839844,test
archive/data/Blight/Corn_Blight (447).JPG,Blight,0,256,256,125.672119140625,32.30796432495117,train
archive/data/Blight/Corn_Blight (448).JPG,Blight,0,256,256,107.07861328125,24.96190643310547,test
archive/data/Blight/Corn_Blight (449).JPG,Blight,0,256,256,134.693115234375,26.165403366088867,train
archive/data/Blight/Corn_Blight (45).jpg,Blight,0,450,300,76.42041015625,24.16172790527344,train
archive/data/Blight/Corn_Blight (450).JPG,Blight,0,256,256,122.737060546875,20.974592208862305,train
archive/data/Blight/Corn_Blight (451).JPG,Blight,0,256,256,119.509521484375,26.33055686950684,train
archive/data/Blight/Corn_Blight (452).JPG,Blight,0,256,256,104.033203125,36.09688949584961,validation
archive/data/Blight/Corn_Blight (453).JPG,Blight,0,256,256,137.441650390625,25.932445526123047,test
archive/data/Blight/Corn_Blight (454).JPG,Blight,0,256,256,108.044921875,33.18387222290039,train
archive/data/Blight/Corn_Blight (455).JPG,Blight,0,256,256,125.2783203125,26.98418426513672,train
archive/data/Blight/Corn_Blight (456).JPG,Blight,0,256,256,120.69091796875,39.88756942749024,train
archive/data/Blight/Corn_Blight (457).JPG,Blight,0,256,256,121.207763671875,39.22292709350586,train
archive/data/Blight/Corn_Blight (458).JPG,Blight,0,256,256,120.869873046875,26.64982795715332,test
archive/data/Blight/Corn_Blight (459).JPG,Blight,0,256,256,114.877197265625,33.92073059082031,train
archive/data/Blight/Corn_Blight (46).jpg,Blight,0,780,511,103.580810546875,37.95475769042969,test
archive/data/Blight/Corn_Blight (460).JPG,Blight,0,256,256,113.677001953125,42.03669357299805,test
archive/data/Blight/Corn_Blight (461).JPG,Blight,0,256,256,116.121826171875,25.464818954467773,validation
archive/data/Blight/Corn_Blight (462).JPG,Blight,0,256,256,107.66259765625,29.286027908325195,train
archive/data/Blight/Corn_Blight (463).JPG,Blight,0,256,256,123.61328125,26.72359848022461,train
archive/data/Blight/Corn_Blight (464).JPG,Blight,0,256,256,115.232666015625,21.340919494628903,train
archive/data/Blight/Corn_Blight (465).JPG,Blight,0,256,256,129.717529296875,28.826622009277344,validation
archive/data/Blight/Corn_Blight (466).JPG,Blight,0,256,256,121.822998046875,30.184226989746094,test
archive/data/Blight/Corn_Blight (467).JPG,Blight,0,256,256,130.73974609375,28.99761009216309,train
archive/data/Blight/Corn_Blight (468).JPG,Blight,0,256,256,126.17822265625,25.39222526550293,train
archive/data/Blight/Corn_Blight (469).JPG,Blight,0,256,256,110.848388671875,34.535911560058594,test
archive/data/Blight/Corn_Blight (47).jpg,Blight,0,635,417,111.41259765625,51.470314025878906,train
archive/data/Blight/Corn_Blight (470).JPG,Blight,0,256,256,125.368408203125,55.25126647949219,train
archive/data/Blight/Corn_Blight (471).JPG,Blight,0,256,256,113.366455078125,21.37193298339844,validation
archive/data/Blight/Corn_Blight (472).JPG,Blight,0,256,256,115.97119140625,46.50131607055664,train
archive/data/Blight/Corn_Blight (473).JPG,Blight,0,256,256,122.68505859375,26.213171005249023,train
archive/data/Blight/Corn_Blight (474).JPG,Blight,0,256,256,97.67236328125,28.839231491088867,train
archive/data/Blight/Corn_Blight (475).JPG,Blight,0,256,256,113.181396484375,20.00909423828125,test
archive/data/Blight/Corn_Blight (476).JPG,Blight,0,256,256,104.8447265625,28.52336311340332,train
archive/data/Blight/Corn_Blight (477).JPG,Blight,0,256,256,109.5986328125,19.50035285949707,validation
archive/data/Blight/Corn_Blight (478).JPG,Blight,0,256,256,115.7470703125,34.29816055297852,train
archive/data/Blight/Corn_Blight (479).JPG,Blight,0,256,256,110.919921875,32.968780517578125,train
archive/data/Blight/Corn_Blight (48).jpg,Blight,0,300,300,127.090087890625,47.81251525878906,train
archive/data/Blight/Corn_Blight (480).JPG,Blight,0,256,256,111.86572265625,32.319950103759766,train
archive/data/Blight/Corn_Blight (481).JPG,Blight,0,256,256,121.9970703125,34.62710189819336,train
archive/data/Blight/Corn_Blight (482).JPG,Blight,0,256,256,124.591552734375,23.616844177246094,train
archive/data/Blight/Corn_Blight (483).JPG,Blight,0,256,256,122.681640625,24.45618057250977,test
archive/data/Blight/Corn_Blight (484).JPG,Blight,0,256,256,114.025146484375,57.30078506469727,train
archive/data/Blight/Corn_Blight (485).JPG,Blight,0,256,256,116.194091796875,16.878780364990234,train
archive/data/Blight/Corn_Blight (486).JPG,Blight,0,256,256,112.202392578125,27.536096572875977,train
archive/data/Blight/Corn_Blight (487).JPG,Blight,0,256,256,115.66162109375,20.50324440002441,validation
archive/data/Blight/Corn_Blight (488).JPG,Blight,0,256,256,122.0947265625,25.27623176574707,train
archive/data/Blight/Corn_Blight (489).JPG,Blight,0,256,256,115.08349609375,21.589405059814453,train
archive/data/Blight/Corn_Blight (49).jpg,Blight,0,1024,577,105.234375,38.37287139892578,train
archive/data/Blight/Corn_Blight (490).jpg,Blight,0,256,256,114.83642578125,29.385570526123047,train
archive/data/Blight/Corn_Blight (491).jpg,Blight,0,256,256,118.060546875,23.29771614074707,train
archive/data/Blight/Corn_Blight (492).JPG,Blight,0,256,256,107.933837890625,36.69768905639648,train
archive/data/Blight/Corn_Blight (493).JPG,Blight,0,256,256,119.69970703125,22.40676689147949,train
archive/data/Blight/Corn_Blight (494).JPG,Blight,0,256,256,120.939208984375,27.6769962310791,validation
archive/data/Blight/Corn_Blight (495).JPG,Blight,0,256,256,109.713623046875,46.22296142578125,train
archive/data/Blight/Corn_Blight (496).JPG,Blight,0,256,256,120.641845703125,21.464460372924805,test
archive/data/Blight/Corn_Blight (497).JPG,Blight,0,256,256,117.840576171875,28.77872657775879,train
archive/data/Blight/Corn_Blight (498).jpg,Blight,0,256,256,120.700439453125,22.861373901367188,train
archive/data/Blight/Corn_Blight (499).JPG,Blight,0,256,256,115.982421875,23.20911979675293,train
archive/data/Blight/Corn_Blight (5).jpg,Blight,0,482,296,62.781982421875,47.32444381713867,train
archive/data/Blight/Corn_Blight (50).jpg,Blight,0,1536,827,85.4296875,46.7398796081543,train
archive/data/Blight/Corn_Blight (500).JPG,Blight,0,256,256,114.99755859375,36.15630340576172,train
archive/data/Blight/Corn_Blight (501).JPG,Blight,0,256,256,151.1796875,50.4676628112793,train
archive/data/Blight/Corn_Blight (502).JPG,Blight,0,256,256,118.701904296875,21.35533905029297,train
archive/data/Blight/Corn_Blight (503).JPG,Blight,0,256,256,116.79443359375,26.547443389892575,train
archive/data/Blight/Corn_Blight (504).JPG,Blight,0,256,256,128.91064453125,37.65644836425781,train
archive/data/Blight/Corn_Blight (505).JPG,Blight,0,256,256,120.65771484375,27.98006248474121,train
archive/data/Blight/Corn_Blight (506).JPG,Blight,0,256,256,110.313720703125,23.46337127685547,train
archive/data/Blight/Corn_Blight (507).JPG,Blight,0,256,256,113.18115234375,38.51478576660156,test
archive/data/Blight/Corn_Blight (508).JPG,Blight,0,256,256,102.240966796875,25.13753700256348,test
archive/data/Blight/Corn_Blight (509).JPG,Blight,0,256,256,127.906005859375,18.629684448242188,test
archive/data/Blight/Corn_Blight (51).jpg,Blight,0,188,317,122.39892578125,47.4953727722168,train
archive/data/Blight/Corn_Blight (510).jpg,Blight,0,256,256,116.30517578125,21.386558532714844,train
archive/data/Blight/Corn_Blight (511).JPG,Blight,0,256,256,120.87109375,26.12636375427246,train
archive/data/Blight/Corn_Blight (512).JPG,Blight,0,256,256,129.13916015625,34.55826568603516,validation
archive/data/Blight/Corn_Blight (513).JPG,Blight,0,256,256,110.385498046875,28.15667533874512,test
archive/data/Blight/Corn_Blight (514).JPG,Blight,0,256,256,125.479736328125,25.29036521911621,validation
archive/data/Blight/Corn_Blight (515).JPG,Blight,0,256,256,124.9951171875,24.763391494750977,train
archive/data/Blight/Corn_Blight (516).JPG,Blight,0,256,256,142.94677734375,41.99434280395508,validation
archive/data/Blight/Corn_Blight (517).JPG,Blight,0,256,256,97.58349609375,31.896934509277344,train
archive/data/Blight/Corn_Blight (518).JPG,Blight,0,256,256,119.75537109375,32.11321258544922,train
archive/data/Blight/Corn_Blight (519).JPG,Blight,0,256,256,118.451171875,45.76065444946289,train
archive/data/Blight/Corn_Blight (52).jpg,Blight,0,282,460,128.861328125,52.74931335449219,validation
archive/data/Blight/Corn_Blight (520).JPG,Blight,0,256,256,117.6767578125,25.34342193603516,test
archive/data/Blight/Corn_Blight (521).JPG,Blight,0,256,256,131.947509765625,37.94112014770508,test
archive/data/Blight/Corn_Blight (522).JPG,Blight,0,256,256,112.997314453125,32.91582489013672,test
archive/data/Blight/Corn_Blight (523).JPG,Blight,0,256,256,127.719482421875,35.762813568115234,train
archive/data/Blight/Corn_Blight (524).JPG,Blight,0,256,256,129.637939453125,35.54236602783203,train
archive/data/Blight/Corn_Blight (525).JPG,Blight,0,256,256,113.614990234375,25.85676383972168,train
archive/data/Blight/Corn_Blight (526).JPG,Blight,0,256,256,119.549072265625,27.69791984558105,train
archive/data/Blight/Corn_Blight (527).JPG,Blight,0,256,256,127.076904296875,25.50336456298828,train
archive/data/Blight/Corn_Blight (528).JPG,Blight,0,256,256,186.3349609375,28.620874404907227,test
archive/data/Blight/Corn_Blight (529).JPG,Blight,0,256,256,114.931396484375,36.768829345703125,train
archive/data/Blight/Corn_Blight (53).jpg,Blight,0,600,400,72.00048828125,44.63182067871094,train
archive/data/Blight/Corn_Blight (530).JPG,Blight,0,256,256,123.644287109375,32.12688064575195,train
archive/data/Blight/Corn_Blight (531).JPG,Blight,0,256,256,114.895751953125,21.61836242675781,train
archive/data/Blight/Corn_Blight (532).JPG,Blight,0,256,256,123.165283203125,29.492231369018555,train
archive/data/Blight/Corn_Blight (533).JPG,Blight,0,256,256,113.189208984375,21.00462913513184,train
archive/data/Blight/Corn_Blight (534).JPG,Blight,0,256,256,127.766845703125,35.36147689819336,train
archive/data/Blight/Corn_Blight (535).JPG,Blight,0,256,256,132.682861328125,41.45340347290039,train
archive/data/Blight/Corn_Blight (536).JPG,Blight,0,256,256,102.989990234375,22.701885223388672,test
archive/data/Blight/Corn_Blight (537).JPG,Blight,0,256,256,111.78955078125,31.38038444519043,train
archive/data/Blight/Corn_Blight (538).JPG,Blight,0,256,256,125.03271484375,24.121870040893555,train
archive/data/Blight/Corn_Blight (539).JPG,Blight,0,256,256,107.567138671875,24.52352333068848,train
archive/data/Blight/Corn_Blight (54).jpg,Blight,0,480,320,112.5693359375,53.25276184082031,test
archive/data/Blight/Corn_Blight (540).jpg,Blight,0,256,256,123.980224609375,18.96108627319336,train
archive/data/Blight/Corn_Blight (541).jpg,Blight,0,256,256,119.602783203125,25.13251304626465,train
archive/data/Blight/Corn_Blight (542).jpg,Blight,0,256,256,120.772705078125,28.969894409179688,validation
archive/data/Blight/Corn_Blight (543).JPG,Blight,0,256,256,107.675048828125,29.38789176940918,test
archive/data/Blight/Corn_Blight (544).JPG,Blight,0,256,256,122.890625,28.592676162719727,validation
archive/data/Blight/Corn_Blight (545).JPG,Blight,0,256,256,111.348876953125,29.20782852172852,test
archive/data/Blight/Corn_Blight (546).JPG,Blight,0,256,256,118.20947265625,21.720966339111328,train
archive/data/Blight/Corn_Blight (547).JPG,Blight,0,256,256,127.47265625,27.69285011291504,validation
archive/data/Blight/Corn_Blight (548).JPG,Blight,0,256,256,109.9833984375,36.03928756713867,test
archive/data/Blight/Corn_Blight (549).JPG,Blight,0,256,256,117.34033203125,29.803964614868164,validation
archive/data/Blight/Corn_Blight (55).jpg,Blight,0,400,300,119.219482421875,51.366058349609375,validation
archive/data/Blight/Corn_Blight (550).jpg,Blight,0,256,256,111.3564453125,19.370838165283203,train
archive/data/Blight/Corn_Blight (551).JPG,Blight,0,256,256,118.42041015625,30.855621337890625,train
archive/data/Blight/Corn_Blight (552).JPG,Blight,0,256,256,116.866455078125,41.53767013549805,train
archive/data/Blight/Corn_Blight (553).JPG,Blight,0,256,256,117.038330078125,23.869503021240234,validation
archive/data/Blight/Corn_Blight (554).JPG,Blight,0,256,256,125.171142578125,25.248380661010746,train
archive/data/Blight/Corn_Blight (555).JPG,Blight,0,256,256,117.39404296875,26.71174049377441,train
archive/data/Blight/Corn_Blight (556).JPG,Blight,0,256,256,123.033203125,26.08467102050781,train
archive/data/Blight/Corn_Blight (557).jpg,Blight,0,256,256,128.026611328125,31.14599227905273,train
archive/data/Blight/Corn_Blight (558).JPG,Blight,0,256,256,116.86181640625,31.25271987915039,train
archive/data/Blight/Corn_Blight (559).JPG,Blight,0,256,256,120.077392578125,20.83318519592285,test
archive/data/Blight/Corn_Blight (56).jpg,Blight,0,675,1200,106.097900390625,33.63003158569336,train
archive/data/Blight/Corn_Blight (560).JPG,Blight,0,256,256,123.99560546875,24.172313690185547,validation
archive/data/Blight/Corn_Blight (561).jpg,Blight,0,256,256,108.6611328125,29.17414665222168,train
archive/data/Blight/Corn_Blight (562).JPG,Blight,0,256,256,109.32470703125,27.38808822631836,train
archive/data/Blight/Corn_Blight (563).JPG,Blight,0,256,256,122.791748046875,27.25296401977539,test
archive/data/Blight/Corn_Blight (564).JPG,Blight,0,256,256,115.239990234375,24.44788360595703,train
archive/data/Blight/Corn_Blight (565).JPG,Blight,0,256,256,114.64453125,29.316814422607425,train
archive/data/Blight/Corn_Blight (566).JPG,Blight,0,256,256,109.0400390625,21.5290470123291,train
archive/data/Blight/Corn_Blight (567).JPG,Blight,0,256,256,127.074951171875,35.80687713623047,validation
archive/data/Blight/Corn_Blight (568).JPG,Blight,0,256,256,136.1123046875,36.02839660644531,train
archive/data/Blight/Corn_Blight (569).JPG,Blight,0,256,256,124.0771484375,43.162899017333984,validation
archive/data/Blight/Corn_Blight (57).jpg,Blight,0,900,1200,111.440185546875,34.78147888183594,validation
archive/data/Blight/Corn_Blight (570).JPG,Blight,0,256,256,111.25390625,36.403465270996094,validation
archive/data/Blight/Corn_Blight (571).JPG,Blight,0,256,256,121.348876953125,21.79748916625977,test
archive/data/Blight/Corn_Blight (572).JPG,Blight,0,256,256,128.5673828125,32.784950256347656,train
archive/data/Blight/Corn_Blight (573).JPG,Blight,0,256,256,122.1318359375,20.23111724853516,train
archive/data/Blight/Corn_Blight (574).JPG,Blight,0,256,256,92.070556640625,38.14069366455078,train
archive/data/Blight/Corn_Blight (575).JPG,Blight,0,256,256,115.4580078125,32.52286148071289,test
archive/data/Blight/Corn_Blight (576).JPG,Blight,0,256,256,116.816650390625,34.34041213989258,validation
archive/data/Blight/Corn_Blight (577).JPG,Blight,0,256,256,125.953857421875,29.540483474731445,train
archive/data/Blight/Corn_Blight (578).JPG,Blight,0,256,256,111.570556640625,31.69713592529297,test
archive/data/Blight/Corn_Blight (579).JPG,Blight,0,256,256,116.17626953125,21.622283935546875,train
archive/data/Blight/Corn_Blight (58).jpg,Blight,0,460,340,108.029052734375,44.6345329284668,test
archive/data/Blight/Corn_Blight (580).jpg,Blight,0,256,256,90.22900390625,35.2787971496582,train
archive/data/Blight/Corn_Blight (581).JPG,Blight,0,256,256,124.497314453125,33.85613250732422,train
archive/data/Blight/Corn_Blight (582).jpg,Blight,0,256,256,107.23681640625,28.265249252319336,test
archive/data/Blight/Corn_Blight (583).JPG,Blight,0,256,256,120.79345703125,24.50623321533203,train
archive/data/Blight/Corn_Blight (584).JPG,Blight,0,256,256,121.517578125,26.418148040771484,train
archive/data/Blight/Corn_Blight (585).JPG,Blight,0,256,256,121.834228515625,33.719913482666016,validation
archive/data/Blight/Corn_Blight (586).JPG,Blight,0,256,256,119.72314453125,39.09496688842773,validation
archive/data/Blight/Corn_Blight (587).JPG,Blight,0,256,256,120.256591796875,27.155744552612305,validation
archive/data/Blight/Corn_Blight (588).JPG,Blight,0,256,256,106.426513671875,26.677114486694336,train
archive/data/Blight/Corn_Blight (589).JPG,Blight,0,256,256,127.16748046875,43.9491081237793,test
archive/data/Blight/Corn_Blight (59).jpg,Blight,0,341,454,115.634521484375,67.83235168457031,validation
archive/data/Blight/Corn_Blight (590).JPG,Blight,0,256,256,126.593994140625,30.89752769470215,train
archive/data/Blight/Corn_Blight (591).jpg,Blight,0,256,256,119.772705078125,23.962278366088867,train
archive/data/Blight/Corn_Blight (592).JPG,Blight,0,256,256,108.853759765625,26.04991340637207,validation
archive/data/Blight/Corn_Blight (593).JPG,Blight,0,256,256,114.312744140625,32.287052154541016,validation
archive/data/Blight/Corn_Blight (594).JPG,Blight,0,256,256,121.845947265625,27.902267456054688,validation
archive/data/Blight/Corn_Blight (595).JPG,Blight,0,256,256,102.197021484375,31.38368225097656,train
archive/data/Blight/Corn_Blight (596).JPG,Blight,0,256,256,114.33740234375,30.46769142150879,train
archive/data/Blight/Corn_Blight (597).jpg,Blight,0,256,256,101.306640625,26.08091354370117,train
archive/data/Blight/Corn_Blight (598).JPG,Blight,0,256,256,121.291748046875,22.729398727416992,train
archive/data/Blight/Corn_Blight (599).JPG,Blight,0,256,256,125.0947265625,24.18692970275879,train
archive/data/Blight/Corn_Blight (6).jpg,Blight,0,960,540,123.380615234375,54.573272705078125,train
archive/data/Blight/Corn_Blight (60).jpg,Blight,0,675,1200,120.90869140625,29.409645080566406,train
archive/data/Blight/Corn_Blight (600).jpg,Blight,0,256,256,121.998779296875,32.46221160888672,train
archive/data/Blight/Corn_Blight (601).jpg,Blight,0,256,256,108.20166015625,21.126359939575195,train
archive/data/Blight/Corn_Blight (602).JPG,Blight,0,256,256,122.90966796875,44.09196472167969,test
archive/data/Blight/Corn_Blight (603).JPG,Blight,0,256,256,123.970947265625,23.772241592407227,validation
archive/data/Blight/Corn_Blight (604).JPG,Blight,0,256,256,115.218017578125,33.721370697021484,train
archive/data/Blight/Corn_Blight (605).JPG,Blight,0,256,256,123.05126953125,24.337648391723636,train
archive/data/Blight/Corn_Blight (606).JPG,Blight,0,256,256,116.1337890625,31.13482093811035,train
archive/data/Blight/Corn_Blight (607).JPG,Blight,0,256,256,119.435791015625,31.83281135559082,train
archive/data/Blight/Corn_Blight (608).JPG,Blight,0,256,256,110.43115234375,29.10257911682129,validation
archive/data/Blight/Corn_Blight (609).JPG,Blight,0,256,256,123.748779296875,47.82359313964844,train
archive/data/Blight/Corn_Blight (61).jpg,Blight,0,1200,900,137.546630859375,68.54827117919922,validation
archive/data/Blight/Corn_Blight (610).JPG,Blight,0,256,256,102.642333984375,34.29634094238281,train
archive/data/Blight/Corn_Blight (611).JPG,Blight,0,256,256,122.553466796875,34.04500961303711,train
archive/data/Blight/Corn_Blight (612).JPG,Blight,0,256,256,113.58056640625,44.98091125488281,test
archive/data/Blight/Corn_Blight (613).JPG,Blight,0,256,256,116.28466796875,26.240550994873047,test
archive/data/Blight/Corn_Blight (614).JPG,Blight,0,256,256,96.511474609375,24.080278396606445,train
archive/data/Blight/Corn_Blight (615).JPG,Blight,0,256,256,119.53173828125,30.95143318176269,test
archive/data/Blight/Corn_Blight (616).JPG,Blight,0,256,256,116.70703125,19.4880313873291,train
archive/data/Blight/Corn_Blight (617).JPG,Blight,0,256,256,123.253173828125,19.72111701965332,train
archive/data/Blight/Corn_Blight (618).JPG,Blight,0,256,256,117.501708984375,38.30669403076172,validation
archive/data/Blight/Corn_Blight (619).JPG,Blight,0,256,256,128.4892578125,39.57003402709961,validation
archive/data/Blight/Corn_Blight (62).jpg,Blight,0,676,1200,118.2412109375,74.1750717163086,validation
archive/data/Blight/Corn_Blight (620).JPG,Blight,0,256,256,119.77294921875,27.32668685913086,train
archive/data/Blight/Corn_Blight (621).JPG,Blight,0,256,256,103.01025390625,32.87071990966797,validation
archive/data/Blight/Corn_Blight (622).JPG,Blight,0,256,256,113.74609375,27.750289916992188,test
archive/data/Blight/Corn_Blight (623).JPG,Blight,0,256,256,132.1728515625,36.95454025268555,train
archive/data/Blight/Corn_Blight (624).JPG,Blight,0,256,256,131.465576171875,36.676063537597656,test
archive/data/Blight/Corn_Blight (625).JPG,Blight,0,256,256,134.4306640625,25.293947219848636,test
archive/data/Blight/Corn_Blight (626).JPG,Blight,0,256,256,114.919677734375,33.67045974731445,train
archive/data/Blight/Corn_Blight (627).JPG,Blight,0,256,256,117.947998046875,20.317115783691406,test
archive/data/Blight/Corn_Blight (628).JPG,Blight,0,256,256,109.37060546875,29.83843040466309,test
archive/data/Blight/Corn_Blight (629).JPG,Blight,0,256,256,118.07177734375,23.7385196685791,validation
archive/data/Blight/Corn_Blight (63).jpg,Blight,0,565,374,114.324462890625,34.38116455078125,validation
archive/data/Blight/Corn_Blight (630).JPG,Blight,0,256,256,123.060546875,31.70435905456543,train
archive/data/Blight/Corn_Blight (631).JPG,Blight,0,256,256,130.280517578125,42.80865097045898,train
archive/data/Blight/Corn_Blight (632).JPG,Blight,0,256,256,143.684814453125,32.8167724609375,train
archive/data/Blight/Corn_Blight (633).JPG,Blight,0,256,256,122.97412109375,29.62919235229492,train
archive/data/Blight/Corn_Blight (634).JPG,Blight,0,256,256,103.90234375,22.50547409057617,validation
archive/data/Blight/Corn_Blight (635).JPG,Blight,0,256,256,121.05712890625,23.819698333740234,test
archive/data/Blight/Corn_Blight (636).jpg,Blight,0,256,256,121.329833984375,18.28670883178711,train
archive/data/Blight/Corn_Blight (637).JPG,Blight,0,256,256,120.97705078125,28.96231842041016,train
archive/data/Blight/Corn_Blight (638).jpg,Blight,0,256,256,98.17333984375,30.35637664794922,train
archive/data/Blight/Corn_Blight (639).JPG,Blight,0,256,256,124.624755859375,18.81540870666504,train
archive/data/Blight/Corn_Blight (64).jpg,Blight,0,525,699,89.9326171875,53.18523788452149,test
archive/data/Blight/Corn_Blight (640).JPG,Blight,0,256,256,110.007080078125,23.12592315673828,train
archive/data/Blight/Corn_Blight (641).JPG,Blight,0,256,256,115.384033203125,23.77136611938477,train
archive/data/Blight/Corn_Blight (642).JPG,Blight,0,256,256,120.297119140625,38.27064514160156,train
archive/data/Blight/Corn_Blight (643).JPG,Blight,0,256,256,110.377685546875,28.69917678833008,test
archive/data/Blight/Corn_Blight (644).JPG,Blight,0,256,256,117.920654296875,30.06395721435547,train
archive/data/Blight/Corn_Blight (645).JPG,Blight,0,256,256,117.4306640625,20.22933959960937,train
archive/data/Blight/Corn_Blight (646).jpg,Blight,0,256,256,125.66650390625,21.741504669189453,validation
archive/data/Blight/Corn_Blight (647).JPG,Blight,0,256,256,118.564697265625,25.45845603942871,validation
archive/data/Blight/Corn_Blight (648).JPG,Blight,0,256,256,124.8427734375,28.20773696899414,train
archive/data/Blight/Corn_Blight (649).JPG,Blight,0,256,256,120.706298828125,20.383935928344727,train
archive/data/Blight/Corn_Blight (65).jpg,Blight,0,640,480,103.569091796875,62.71060180664063,validation
archive/data/Blight/Corn_Blight (650).jpg,Blight,0,256,256,109.003173828125,30.463136672973636,validation
archive/data/Blight/Corn_Blight (651).JPG,Blight,0,256,256,117.51611328125,33.584285736083984,train
archive/data/Blight/Corn_Blight (652).JPG,Blight,0,256,256,118.228271484375,26.184505462646484,train
archive/data/Blight/Corn_Blight (653).JPG,Blight,0,256,256,110.312744140625,30.514310836791992,train
archive/data/Blight/Corn_Blight (654).JPG,Blight,0,256,256,112.73291015625,26.92579460144043,train
archive/data/Blight/Corn_Blight (655).jpg,Blight,0,256,256,119.388427734375,22.27734375,validation
archive/data/Blight/Corn_Blight (656).JPG,Blight,0,256,256,109.155029296875,24.77843475341797,train
archive/data/Blight/Corn_Blight (657).JPG,Blight,0,256,256,126.899169921875,45.74072647094727,validation
archive/data/Blight/Corn_Blight (658).JPG,Blight,0,256,256,100.503662109375,25.966419219970703,train
archive/data/Blight/Corn_Blight (659).JPG,Blight,0,256,256,122.840087890625,23.81253242492676,validation
archive/data/Blight/Corn_Blight (66).jpg,Blight,0,374,350,135.6337890625,32.04679870605469,train
archive/data/Blight/Corn_Blight (660).JPG,Blight,0,256,256,114.861328125,22.139833450317383,train
archive/data/Blight/Corn_Blight (661).jpg,Blight,0,256,256,119.44921875,30.657251358032227,validation
archive/data/Blight/Corn_Blight (662).JPG,Blight,0,256,256,117.0771484375,28.06029510498047,test
archive/data/Blight/Corn_Blight (663).JPG,Blight,0,256,256,117.44384765625,23.000812530517575,train
archive/data/Blight/Corn_Blight (664).JPG,Blight,0,256,256,117.864990234375,32.01476287841797,train
archive/data/Blight/Corn_Blight (665).JPG,Blight,0,256,256,118.995849609375,24.81888008117676,train
archive/data/Blight/Corn_Blight (666).JPG,Blight,0,256,256,109.17041015625,25.649290084838867,train
archive/data/Blight/Corn_Blight (667).JPG,Blight,0,256,256,111.7177734375,27.072511672973636,test
archive/data/Blight/Corn_Blight (668).JPG,Blight,0,256,256,112.940185546875,20.461605072021484,train
archive/data/Blight/Corn_Blight (669).JPG,Blight,0,256,256,122.075439453125,21.786169052124023,train
archive/data/Blight/Corn_Blight (67).jpg,Blight,0,194,350,129.08544921875,45.00493621826172,test
archive/data/Blight/Corn_Blight (670).JPG,Blight,0,256,256,120.08984375,30.280704498291016,train
archive/data/Blight/Corn_Blight (671).JPG,Blight,0,256,256,76.75341796875,53.84755325317383,train
archive/data/Blight/Corn_Blight (672).JPG,Blight,0,256,256,127.019775390625,26.953298568725582,train
archive/data/Blight/Corn_Blight (673).JPG,Blight,0,256,256,114.2900390625,26.62293243408203,train
archive/data/Blight/Corn_Blight (674).JPG,Blight,0,256,256,120.70166015625,27.549898147583008,train
archive/data/Blight/Corn_Blight (675).JPG,Blight,0,256,256,106.673583984375,32.94681167602539,train
archive/data/Blight/Corn_Blight (676).JPG,Blight,0,256,256,118.707763671875,32.364505767822266,validation
archive/data/Blight/Corn_Blight (677).jpg,Blight,0,256,256,115.92724609375,21.708518981933597,validation
archive/data/Blight/Corn_Blight (678).jpg,Blight,0,256,256,112.40478515625,26.12035179138184,validation
archive/data/Blight/Corn_Blight (679).JPG,Blight,0,256,256,114.974853515625,19.97601318359375,train
archive/data/Blight/Corn_Blight (68).jpg,Blight,0,1500,2000,126.22314453125,48.4780387878418,validation
archive/data/Blight/Corn_Blight (680).JPG,Blight,0,256,256,123.335205078125,27.251293182373047,train
archive/data/Blight/Corn_Blight (681).JPG,Blight,0,256,256,110.18994140625,23.57905387878418,train
archive/data/Blight/Corn_Blight (682).JPG,Blight,0,256,256,117.5078125,36.34273147583008,train
archive/data/Blight/Corn_Blight (683).JPG,Blight,0,256,256,118.33642578125,31.937936782836918,train
archive/data/Blight/Corn_Blight (684).JPG,Blight,0,256,256,100.309326171875,23.06014442443848,validation
archive/data/Blight/Corn_Blight (685).JPG,Blight,0,256,256,117.025146484375,31.96554374694824,train
archive/data/Blight/Corn_Blight (686).JPG,Blight,0,256,256,141.101806640625,32.7929573059082,train
archive/data/Blight/Corn_Blight (687).JPG,Blight,0,256,256,112.923583984375,26.189266204833984,test
archive/data/Blight/Corn_Blight (688).JPG,Blight,0,256,256,114.46630859375,27.80003929138184,test
archive/data/Blight/Corn_Blight (689).JPG,Blight,0,256,256,120.752197265625,26.269344329833984,train
archive/data/Blight/Corn_Blight (69).jpg,Blight,0,2128,1500,47.597900390625,65.2054443359375,train
archive/data/Blight/Corn_Blight (690).JPG,Blight,0,256,256,124.98046875,31.52025413513184,train
archive/data/Blight/Corn_Blight (691).JPG,Blight,0,256,256,122.029541015625,41.66028594970703,train
archive/data/Blight/Corn_Blight (692).JPG,Blight,0,256,256,150.70703125,30.288427352905277,validation
archive/data/Blight/Corn_Blight (693).JPG,Blight,0,256,256,116.538330078125,25.35700225830078,train
archive/data/Blight/Corn_Blight (694).JPG,Blight,0,256,256,119.796142578125,19.520214080810547,train
archive/data/Blight/Corn_Blight (695).JPG,Blight,0,256,256,117.985595703125,19.5982608795166,validation
archive/data/Blight/Corn_Blight (696).JPG,Blight,0,256,256,121.38330078125,19.511341094970703,train
archive/data/Blight/Corn_Blight (697).JPG,Blight,0,256,256,119.143310546875,24.106630325317383,test
archive/data/Blight/Corn_Blight (698).JPG,Blight,0,256,256,120.850830078125,25.42958068847656,validation
archive/data/Blight/Corn_Blight (699).JPG,Blight,0,256,256,129.410888671875,51.29825592041016,train
archive/data/Blight/Corn_Blight (7).jpg,Blight,0,400,300,144.3212890625,33.22836685180664,test
archive/data/Blight/Corn_Blight (70).jpg,Blight,0,1500,1125,127.194580078125,36.48540878295898,train
archive/data/Blight/Corn_Blight (700).JPG,Blight,0,256,256,113.971435546875,23.04508781433105,train
archive/data/Blight/Corn_Blight (701).JPG,Blight,0,256,256,130.980224609375,45.17222595214844,validation
archive/data/Blight/Corn_Blight (702).JPG,Blight,0,256,256,116.04150390625,18.5244197845459,validation
archive/data/Blight/Corn_Blight (703).jpg,Blight,0,256,256,119.402587890625,42.487884521484375,train
archive/data/Blight/Corn_Blight (704).JPG,Blight,0,256,256,124.90380859375,45.82642364501953,train
archive/data/Blight/Corn_Blight (705).JPG,Blight,0,256,256,107.7451171875,37.85106658935547,train
archive/data/Blight/Corn_Blight (706).JPG,Blight,0,256,256,114.42919921875,26.456937789916992,test
archive/data/Blight/Corn_Blight (707).JPG,Blight,0,256,256,138.732421875,30.26497840881348,test
archive/data/Blight/Corn_Blight (708).JPG,Blight,0,256,256,98.930908203125,36.187644958496094,train
archive/data/Blight/Corn_Blight (709).jpg,Blight,0,256,256,118.297607421875,22.516151428222656,train
archive/data/Blight/Corn_Blight (71).jpg,Blight,0,400,300,118.99755859375,21.148113250732425,train
archive/data/Blight/Corn_Blight (710).JPG,Blight,0,256,256,119.996826171875,28.46854782104492,train
archive/data/Blight/Corn_Blight (711).JPG,Blight,0,256,256,117.354736328125,27.64435386657715,train
archive/data/Blight/Corn_Blight (712).JPG,Blight,0,256,256,122.35693359375,31.35777473449707,test
archive/data/Blight/Corn_Blight (713).jpg,Blight,0,256,256,100.531005859375,31.07574844360352,train
archive/data/Blight/Corn_Blight (714).JPG,Blight,0,256,256,128.46923828125,34.286582946777344,train
archive/data/Blight/Corn_Blight (715).JPG,Blight,0,256,256,116.118896484375,28.72488212585449,train
archive/data/Blight/Corn_Blight (716).JPG,Blight,0,256,256,109.4052734375,44.82588195800781,validation
archive/data/Blight/Corn_Blight (717).JPG,Blight,0,256,256,113.773681640625,26.08299446105957,train
archive/data/Blight/Corn_Blight (718).jpg,Blight,0,256,256,107.50048828125,22.59183692932129,test
archive/data/Blight/Corn_Blight (719).JPG,Blight,0,256,256,128.48876953125,31.369752883911133,train
archive/data/Blight/Corn_Blight (72).jpg,Blight,0,1024,416,100.229248046875,34.61595153808594,validation
archive/data/Blight/Corn_Blight (720).jpg,Blight,0,256,256,110.84814453125,29.37383460998535,validation
archive/data/Blight/Corn_Blight (721).JPG,Blight,0,256,256,124.591064453125,24.577930450439453,test
archive/data/Blight/Corn_Blight (722).JPG,Blight,0,256,256,125.253662109375,39.4031982421875,test
archive/data/Blight/Corn_Blight (723).jpg,Blight,0,256,256,98.090087890625,19.284591674804688,train
archive/data/Blight/Corn_Blight (724).JPG,Blight,0,256,256,123.14208984375,32.58054733276367,train
archive/data/Blight/Corn_Blight (725).JPG,Blight,0,256,256,116.954345703125,25.82379150390625,validation
archive/data/Blight/Corn_Blight (726).JPG,Blight,0,256,256,118.805419921875,21.79861640930176,train
archive/data/Blight/Corn_Blight (727).JPG,Blight,0,256,256,110.39306640625,39.79484558105469,train
archive/data/Blight/Corn_Blight (728).JPG,Blight,0,256,256,114.046630859375,25.4810733795166,train
archive/data/Blight/Corn_Blight (729).JPG,Blight,0,256,256,116.96142578125,36.54454803466797,train
archive/data/Blight/Corn_Blight (73).jpg,Blight,0,900,1200,123.5478515625,62.226016998291016,train
archive/data/Blight/Corn_Blight (730).JPG,Blight,0,256,256,116.19482421875,24.933292388916016,train
archive/data/Blight/Corn_Blight (731).JPG,Blight,0,256,256,107.8916015625,25.460397720336918,train
archive/data/Blight/Corn_Blight (732).JPG,Blight,0,256,256,120.943115234375,36.00187301635742,train
archive/data/Blight/Corn_Blight (733).JPG,Blight,0,256,256,121.876953125,19.793428421020508,train
archive/data/Blight/Corn_Blight (734).JPG,Blight,0,256,256,125.60546875,27.59563636779785,train
archive/data/Blight/Corn_Blight (735).jpg,Blight,0,256,256,97.19140625,25.422697067260746,train
archive/data/Blight/Corn_Blight (736).JPG,Blight,0,256,256,118.337646484375,24.828975677490234,train
archive/data/Blight/Corn_Blight (737).JPG,Blight,0,256,256,110.464111328125,23.14508628845215,validation
archive/data/Blight/Corn_Blight (738).JPG,Blight,0,256,256,124.486083984375,25.83287048339844,validation
archive/data/Blight/Corn_Blight (739).JPG,Blight,0,256,256,120.88525390625,31.49573516845703,train
archive/data/Blight/Corn_Blight (74).jpg,Blight,0,1200,900,112.034912109375,39.16156768798828,validation
archive/data/Blight/Corn_Blight (740).JPG,Blight,0,256,256,120.899169921875,27.111970901489254,validation
archive/data/Blight/Corn_Blight (741).JPG,Blight,0,256,256,101.501708984375,38.86125564575195,test
archive/data/Blight/Corn_Blight (742).JPG,Blight,0,256,256,110.80810546875,23.17770004272461,test
archive/data/Blight/Corn_Blight (743).jpg,Blight,0,256,256,114.8955078125,41.79689407348633,validation
archive/data/Blight/Corn_Blight (744).JPG,Blight,0,256,256,121.974365234375,33.72724151611328,train
archive/data/Blight/Corn_Blight (745).JPG,Blight,0,256,256,118.81298828125,26.447420120239254,train
archive/data/Blight/Corn_Blight (746).JPG,Blight,0,256,256,127.524169921875,32.40496063232422,train
archive/data/Blight/Corn_Blight (747).JPG,Blight,0,256,256,137.176513671875,27.04160499572754,train
archive/data/Blight/Corn_Blight (748).JPG,Blight,0,256,256,121.031982421875,27.820613861083984,train
archive/data/Blight/Corn_Blight (749).JPG,Blight,0,256,256,121.124267578125,26.845123291015625,test
archive/data/Blight/Corn_Blight (75).jpg,Blight,0,1000,442,126.273193359375,53.505470275878906,validation
archive/data/Blight/Corn_Blight (750).JPG,Blight,0,256,256,124.39111328125,38.28402328491211,test
archive/data/Blight/Corn_Blight (751).JPG,Blight,0,256,256,104.00390625,21.37900733947754,train
archive/data/Blight/Corn_Blight (752).JPG,Blight,0,256,256,112.565185546875,47.18399810791016,train
archive/data/Blight/Corn_Blight (753).JPG,Blight,0,256,256,119.201904296875,31.604860305786133,train
archive/data/Blight/Corn_Blight (754).jpg,Blight,0,256,256,120.06201171875,24.101402282714844,test
archive/data/Blight/Corn_Blight (755).JPG,Blight,0,256,256,127.341552734375,37.77970886230469,train
archive/data/Blight/Corn_Blight (756).JPG,Blight,0,256,256,112.802734375,28.9808292388916,train
archive/data/Blight/Corn_Blight (757).JPG,Blight,0,256,256,116.661376953125,23.069164276123047,train
archive/data/Blight/Corn_Blight (758).JPG,Blight,0,256,256,119.306884765625,17.94074821472168,train
archive/data/Blight/Corn_Blight (759).JPG,Blight,0,256,256,114.865234375,20.87721824645996,train
archive/data/Blight/Corn_Blight (76).jpg,Blight,0,500,889,121.267333984375,36.816505432128906,train
archive/data/Blight/Corn_Blight (760).JPG,Blight,0,256,256,119.9306640625,27.727487564086918,train
archive/data/Blight/Corn_Blight (761).JPG,Blight,0,256,256,123.2373046875,30.2557430267334,train
archive/data/Blight/Corn_Blight (762).JPG,Blight,0,256,256,120.326904296875,24.56957244873047,test
archive/data/Blight/Corn_Blight (763).JPG,Blight,0,256,256,117.276123046875,28.798433303833008,test
archive/data/Blight/Corn_Blight (764).JPG,Blight,0,256,256,113.749755859375,21.41755104064941,validation
archive/data/Blight/Corn_Blight (765).JPG,Blight,0,256,256,105.3251953125,34.059234619140625,validation
archive/data/Blight/Corn_Blight (766).JPG,Blight,0,256,256,126.760986328125,19.25072860717773,train
archive/data/Blight/Corn_Blight (767).JPG,Blight,0,256,256,103.118896484375,38.06195068359375,train
archive/data/Blight/Corn_Blight (768).JPG,Blight,0,256,256,120.85595703125,26.59162330627441,test
archive/data/Blight/Corn_Blight (769).JPG,Blight,0,256,256,123.171630859375,27.562156677246094,test
archive/data/Blight/Corn_Blight (770).JPG,Blight,0,256,256,129.586181640625,37.981483459472656,train
archive/data/Blight/Corn_Blight (771).JPG,Blight,0,256,256,110.232421875,23.37946510314941,train
archive/data/Blight/Corn_Blight (772).JPG,Blight,0,256,256,113.318115234375,23.53253936767578,validation
archive/data/Blight/Corn_Blight (773).JPG,Blight,0,256,256,109.11474609375,27.75888442993164,train
archive/data/Blight/Corn_Blight (774).JPG,Blight,0,256,256,97.460693359375,29.66187858581543,validation
archive/data/Blight/Corn_Blight (775).JPG,Blight,0,256,256,114.609130859375,25.716089248657227,validation
archive/data/Blight/Corn_Blight (776).JPG,Blight,0,256,256,136.185302734375,32.16432571411133,train
archive/data/Blight/Corn_Blight (777).JPG,Blight,0,256,256,116.52685546875,37.86621475219727,validation
archive/data/Blight/Corn_Blight (778).JPG,Blight,0,256,256,95.734619140625,26.146011352539062,test
archive/data/Blight/Corn_Blight (779).JPG,Blight,0,256,256,113.185791015625,27.26723861694336,train
archive/data/Blight/Corn_Blight (78).jpg,Blight,0,751,1001,120.165283203125,46.22609329223633,train
archive/data/Blight/Corn_Blight (780).JPG,Blight,0,256,256,120.910400390625,42.64490509033203,train
archive/data/Blight/Corn_Blight (781).JPG,Blight,0,256,256,124.41748046875,37.20085144042969,validation
archive/data/Blight/Corn_Blight (782).JPG,Blight,0,256,256,99.293212890625,25.668840408325195,validation
archive/data/Blight/Corn_Blight (783).JPG,Blight,0,256,256,114.43505859375,24.934871673583984,train
archive/data/Blight/Corn_Blight (784).jpg,Blight,0,256,256,121.7685546875,31.532413482666016,train
archive/data/Blight/Corn_Blight (785).JPG,Blight,0,256,256,117.365966796875,18.589563369750977,train
archive/data/Blight/Corn_Blight (786).JPG,Blight,0,256,256,115.407470703125,28.51382827758789,test
archive/data/Blight/Corn_Blight (787).JPG,Blight,0,256,256,118.969482421875,22.352354049682617,train
archive/data/Blight/Corn_Blight (788).JPG,Blight,0,256,256,114.048828125,27.34414291381836,train
archive/data/Blight/Corn_Blight (789).JPG,Blight,0,256,256,129.03857421875,31.72097396850586,train
archive/data/Blight/Corn_Blight (79).jpg,Blight,0,600,1067,111.780029296875,41.456642150878906,validation
archive/data/Blight/Corn_Blight (790).JPG,Blight,0,256,256,120.197998046875,14.078848838806152,train
archive/data/Blight/Corn_Blight (791).JPG,Blight,0,256,256,119.76416015625,30.611661911010746,validation
archive/data/Blight/Corn_Blight (792).JPG,Blight,0,256,256,131.657958984375,38.32399368286133,validation
archive/data/Blight/Corn_Blight (793).JPG,Blight,0,256,256,126.431884765625,26.041719436645508,train
archive/data/Blight/Corn_Blight (794).JPG,Blight,0,256,256,119.34765625,38.44541931152344,train
archive/data/Blight/Corn_Blight (795).JPG,Blight,0,256,256,116.709228515625,27.002641677856445,train
archive/data/Blight/Corn_Blight (796).JPG,Blight,0,256,256,114.06689453125,28.46819305419922,validation
archive/data/Blight/Corn_Blight (797).jpg,Blight,0,256,256,136.201416015625,26.16427993774414,train
archive/data/Blight/Corn_Blight (798).JPG,Blight,0,256,256,115.6923828125,23.501832962036133,train
archive/data/Blight/Corn_Blight (799).JPG,Blight,0,256,256,115.869140625,36.83854293823242,train
archive/data/Blight/Corn_Blight (8).jpg,Blight,0,800,776,114.599365234375,48.76737976074219,validation
archive/data/Blight/Corn_Blight (80).jpg,Blight,0,675,1200,100.380615234375,32.43568420410156,train
archive/data/Blight/Corn_Blight (800).JPG,Blight,0,256,256,117.361083984375,25.179147720336918,validation
archive/data/Blight/Corn_Blight (801).JPG,Blight,0,256,256,108.8955078125,24.26618766784668,validation
archive/data/Blight/Corn_Blight (802).JPG,Blight,0,256,256,115.185302734375,28.5235652923584,validation
archive/data/Blight/Corn_Blight (803).JPG,Blight,0,256,256,113.3603515625,24.900671005249023,train
archive/data/Blight/Corn_Blight (804).JPG,Blight,0,256,256,110.694091796875,35.05610656738281,train
archive/data/Blight/Corn_Blight (805).JPG,Blight,0,256,256,125.47998046875,48.43217849731445,train
archive/data/Blight/Corn_Blight (806).JPG,Blight,0,256,256,124.667724609375,29.977827072143555,train
archive/data/Blight/Corn_Blight (807).JPG,Blight,0,256,256,118.81884765625,51.51398468017578,validation
archive/data/Blight/Corn_Blight (808).JPG,Blight,0,256,256,113.172119140625,36.09431838989258,train
archive/data/Blight/Corn_Blight (809).JPG,Blight,0,256,256,115.572265625,24.17696189880371,train
archive/data/Blight/Corn_Blight (81).jpg,Blight,0,675,1200,96.44482421875,53.92901611328125,train
archive/data/Blight/Corn_Blight (810).JPG,Blight,0,256,256,124.158447265625,33.87894058227539,train
archive/data/Blight/Corn_Blight (811).JPG,Blight,0,256,256,110.141845703125,34.36677551269531,test
archive/data/Blight/Corn_Blight (812).JPG,Blight,0,256,256,104.94775390625,26.170822143554688,test
archive/data/Blight/Corn_Blight (813).JPG,Blight,0,256,256,115.762939453125,24.91942405700684,train
archive/data/Blight/Corn_Blight (814).JPG,Blight,0,256,256,109.839599609375,23.62123680114746,train
archive/data/Blight/Corn_Blight (815).JPG,Blight,0,256,256,113.514404296875,19.606313705444336,train
archive/data/Blight/Corn_Blight (816).JPG,Blight,0,256,256,118.96923828125,28.22153663635254,train
archive/data/Blight/Corn_Blight (817).JPG,Blight,0,256,256,117.697265625,24.97683906555176,validation
archive/data/Blight/Corn_Blight (818).JPG,Blight,0,256,256,121.728515625,27.988452911376957,train
archive/data/Blight/Corn_Blight (819).JPG,Blight,0,256,256,112.109619140625,26.576595306396484,validation
archive/data/Blight/Corn_Blight (82).jpg,Blight,0,675,1200,105.224365234375,45.37894821166992,train
archive/data/Blight/Corn_Blight (820).jpg,Blight,0,256,256,122.446044921875,31.98361587524414,train
archive/data/Blight/Corn_Blight (821).JPG,Blight,0,256,256,105.79150390625,24.406869888305664,train
archive/data/Blight/Corn_Blight (822).JPG,Blight,0,256,256,118.18408203125,28.24900245666504,train
archive/data/Blight/Corn_Blight (823).JPG,Blight,0,256,256,122.521484375,37.24728393554688,train
archive/data/Blight/Corn_Blight (824).JPG,Blight,0,256,256,118.697021484375,18.89067649841309,validation
archive/data/Blight/Corn_Blight (825).JPG,Blight,0,256,256,118.98486328125,22.603574752807617,test
archive/data/Blight/Corn_Blight (826).JPG,Blight,0,256,256,114.396728515625,34.822303771972656,train
archive/data/Blight/Corn_Blight (827).JPG,Blight,0,256,256,108.006591796875,26.008106231689453,train
archive/data/Blight/Corn_Blight (828).JPG,Blight,0,256,256,121.287353515625,34.718780517578125,train
archive/data/Blight/Corn_Blight (829).JPG,Blight,0,256,256,120.09228515625,41.74721908569336,train
archive/data/Blight/Corn_Blight (83).jpg,Blight,0,675,1200,110.92529296875,37.60908889770508,train
archive/data/Blight/Corn_Blight (830).jpg,Blight,0,256,256,109.375244140625,28.95033073425293,validation
archive/data/Blight/Corn_Blight (831).jpg,Blight,0,256,256,110.708251953125,27.078805923461918,train
archive/data/Blight/Corn_Blight (832).JPG,Blight,0,256,256,115.553466796875,19.792701721191406,test
archive/data/Blight/Corn_Blight (833).JPG,Blight,0,256,256,122.514892578125,26.473560333251957,test
archive/data/Blight/Corn_Blight (834).JPG,Blight,0,256,256,117.16357421875,21.77185821533203,test
archive/data/Blight/Corn_Blight (835).JPG,Blight,0,256,256,111.874267578125,28.99961471557617,train
archive/data/Blight/Corn_Blight (836).JPG,Blight,0,256,256,110.1376953125,25.91261100769043,test
archive/data/Blight/Corn_Blight (837).JPG,Blight,0,256,256,126.085693359375,32.83942031860352,test
archive/data/Blight/Corn_Blight (838).JPG,Blight,0,256,256,120.519775390625,32.822166442871094,train
archive/data/Blight/Corn_Blight (839).JPG,Blight,0,256,256,116.984130859375,37.36780548095703,test
archive/data/Blight/Corn_Blight (84).jpg,Blight,0,1024,758,120.15771484375,44.00674819946289,test
archive/data/Blight/Corn_Blight (840).JPG,Blight,0,256,256,115.49951171875,30.732187271118164,validation
archive/data/Blight/Corn_Blight (841).JPG,Blight,0,256,256,110.19970703125,27.803197860717773,train
archive/data/Blight/Corn_Blight (842).JPG,Blight,0,256,256,115.791748046875,17.1776065826416,validation
archive/data/Blight/Corn_Blight (843).JPG,Blight,0,256,256,116.36279296875,30.04716110229492,train
archive/data/Blight/Corn_Blight (844).JPG,Blight,0,256,256,96.86767578125,23.79154586791992,train
archive/data/Blight/Corn_Blight (845).JPG,Blight,0,256,256,123.748046875,48.55278015136719,train
archive/data/Blight/Corn_Blight (846).jpg,Blight,0,256,256,132.291259765625,30.087053298950195,validation
archive/data/Blight/Corn_Blight (847).JPG,Blight,0,256,256,109.7294921875,29.85922622680664,train
archive/data/Blight/Corn_Blight (848).JPG,Blight,0,256,256,127.454833984375,31.07247734069824,train
archive/data/Blight/Corn_Blight (849).JPG,Blight,0,256,256,115.757568359375,21.45267677307129,validation
archive/data/Blight/Corn_Blight (85).jpg,Blight,0,1500,657,114.54052734375,56.04078674316406,train
archive/data/Blight/Corn_Blight (850).JPG,Blight,0,256,256,122.8515625,28.92072105407715,test
archive/data/Blight/Corn_Blight (851).jpg,Blight,0,256,256,119.59375,22.781667709350582,validation
archive/data/Blight/Corn_Blight (852).JPG,Blight,0,256,256,123.460693359375,22.036590576171875,train
archive/data/Blight/Corn_Blight (853).jpg,Blight,0,256,256,114.81494140625,35.35344696044922,train
archive/data/Blight/Corn_Blight (854).JPG,Blight,0,256,256,111.3193359375,35.121028900146484,validation
archive/data/Blight/Corn_Blight (855).JPG,Blight,0,256,256,122.956298828125,24.25205993652344,train
archive/data/Blight/Corn_Blight (856).JPG,Blight,0,256,256,110.531005859375,31.526803970336918,validation
archive/data/Blight/Corn_Blight (857).JPG,Blight,0,256,256,136.15673828125,30.193309783935547,test
archive/data/Blight/Corn_Blight (858).JPG,Blight,0,256,256,116.024658203125,28.141542434692383,test
archive/data/Blight/Corn_Blight (859).JPG,Blight,0,256,256,112.03857421875,22.949556350708008,test
archive/data/Blight/Corn_Blight (86).jpg,Blight,0,1000,563,112.420654296875,34.34143829345703,test
archive/data/Blight/Corn_Blight (860).JPG,Blight,0,256,256,105.604248046875,21.039766311645508,train
archive/data/Blight/Corn_Blight (861).JPG,Blight,0,256,256,114.087158203125,24.56574058532715,test
archive/data/Blight/Corn_Blight (862).JPG,Blight,0,256,256,95.5263671875,32.337066650390625,train
archive/data/Blight/Corn_Blight (863).JPG,Blight,0,256,256,121.949462890625,25.55758285522461,validation
archive/data/Blight/Corn_Blight (864).JPG,Blight,0,256,256,131.0185546875,26.62455368041992,validation
archive/data/Blight/Corn_Blight (865).JPG,Blight,0,256,256,108.6357421875,32.14924240112305,train
archive/data/Blight/Corn_Blight (866).JPG,Blight,0,256,256,122.17626953125,30.770885467529297,train
archive/data/Blight/Corn_Blight (867).JPG,Blight,0,256,256,120.802001953125,42.78614807128906,validation
archive/data/Blight/Corn_Blight (868).JPG,Blight,0,256,256,144.42041015625,28.222496032714844,validation
archive/data/Blight/Corn_Blight (869).JPG,Blight,0,256,256,110.441650390625,23.642539978027344,train
archive/data/Blight/Corn_Blight (87).jpg,Blight,0,3456,5184,121.81982421875,43.105167388916016,test
archive/data/Blight/Corn_Blight (870).JPG,Blight,0,256,256,117.707275390625,37.80659866333008,test
archive/data/Blight/Corn_Blight (871).JPG,Blight,0,256,256,120.99658203125,34.5831413269043,train
archive/data/Blight/Corn_Blight (872).JPG,Blight,0,256,256,120.660888671875,30.24343681335449,validation
archive/data/Blight/Corn_Blight (873).JPG,Blight,0,256,256,129.86669921875,41.071563720703125,train
archive/data/Blight/Corn_Blight (874).JPG,Blight,0,256,256,115.640869140625,28.73913955688477,test
archive/data/Blight/Corn_Blight (875).JPG,Blight,0,256,256,122.54931640625,31.272968292236328,train
archive/data/Blight/Corn_Blight (876).jpg,Blight,0,256,256,108.3017578125,26.98006629943848,train
archive/data/Blight/Corn_Blight (877).jpg,Blight,0,256,256,120.64111328125,32.956336975097656,train
archive/data/Blight/Corn_Blight (878).JPG,Blight,0,256,256,128.45751953125,25.681371688842773,train
archive/data/Blight/Corn_Blight (879).JPG,Blight,0,256,256,97.46533203125,27.946582794189453,train
archive/data/Blight/Corn_Blight (88).jpg,Blight,0,600,887,122.965087890625,71.1780014038086,test
archive/data/Blight/Corn_Blight (880).JPG,Blight,0,256,256,125.14501953125,25.63060188293457,test
archive/data/Blight/Corn_Blight (881).JPG,Blight,0,256,256,128.1025390625,44.038047790527344,train
archive/data/Blight/Corn_Blight (882).JPG,Blight,0,256,256,112.28271484375,43.65188217163086,test
archive/data/Blight/Corn_Blight (883).JPG,Blight,0,256,256,111.42431640625,46.11245727539063,train
archive/data/Blight/Corn_Blight (884).JPG,Blight,0,256,256,117.816162109375,24.03253173828125,train
archive/data/Blight/Corn_Blight (885).JPG,Blight,0,256,256,110.107666015625,23.409469604492188,test
archive/data/Blight/Corn_Blight (886).JPG,Blight,0,256,256,105.734375,32.28191375732422,validation
archive/data/Blight/Corn_Blight (887).JPG,Blight,0,256,256,122.98193359375,18.016815185546875,validation
archive/data/Blight/Corn_Blight (888).JPG,Blight,0,256,256,111.8037109375,26.357593536376957,train
archive/data/Blight/Corn_Blight (889).JPG,Blight,0,256,256,111.823974609375,25.222187042236328,train
archive/data/Blight/Corn_Blight (89).jpg,Blight,0,401,341,101.250244140625,30.935585021972656,train
archive/data/Blight/Corn_Blight (890).jpg,Blight,0,256,256,117.53173828125,36.75050354003906,train
archive/data/Blight/Corn_Blight (891).JPG,Blight,0,256,256,123.449951171875,20.49006462097168,train
archive/data/Blight/Corn_Blight (892).JPG,Blight,0,256,256,143.28125,45.38161087036133,train
archive/data/Blight/Corn_Blight (893).JPG,Blight,0,256,256,117.113037109375,23.77231979370117,validation
archive/data/Blight/Corn_Blight (894).JPG,Blight,0,256,256,119.80126953125,27.10859680175781,train
archive/data/Blight/Corn_Blight (895).JPG,Blight,0,256,256,115.20703125,22.34162330627441,validation
archive/data/Blight/Corn_Blight (896).JPG,Blight,0,256,256,137.93017578125,36.87648391723633,validation
archive/data/Blight/Corn_Blight (897).JPG,Blight,0,256,256,120.910888671875,28.20494842529297,train
archive/data/Blight/Corn_Blight (898).jpg,Blight,0,256,256,111.940673828125,22.14429473876953,test
archive/data/Blight/Corn_Blight (899).JPG,Blight,0,256,256,120.848388671875,29.95805549621582,validation
archive/data/Blight/Corn_Blight (9).jpg,Blight,0,891,573,108.759033203125,56.53458786010742,train
archive/data/Blight/Corn_Blight (90).jpg,Blight,0,4000,3000,142.935546875,46.79576110839844,train
archive/data/Blight/Corn_Blight (900).JPG,Blight,0,256,256,113.311279296875,25.99711799621582,train
archive/data/Blight/Corn_Blight (901).jpg,Blight,0,256,256,126.25390625,21.72871780395508,train
archive/data/Blight/Corn_Blight (902).JPG,Blight,0,256,256,103.7041015625,24.03156280517578,test
archive/data/Blight/Corn_Blight (903).JPG,Blight,0,256,256,119.198486328125,39.07565307617188,validation
archive/data/Blight/Corn_Blight (904).JPG,Blight,0,256,256,114.900146484375,26.20280265808105,train
archive/data/Blight/Corn_Blight (905).JPG,Blight,0,256,256,113.256103515625,20.98978042602539,train
archive/data/Blight/Corn_Blight (906).jpg,Blight,0,256,256,119.686767578125,18.049623489379883,test
archive/data/Blight/Corn_Blight (907).JPG,Blight,0,256,256,119.30517578125,28.31472587585449,train
archive/data/Blight/Corn_Blight (908).JPG,Blight,0,256,256,112.0869140625,43.96937942504883,validation
archive/data/Blight/Corn_Blight (909).jpg,Blight,0,256,256,122.248046875,35.99300765991211,train
archive/data/Blight/Corn_Blight (91).jpg,Blight,0,4608,3456,89.73974609375,29.19017791748047,validation
archive/data/Blight/Corn_Blight (910).JPG,Blight,0,256,256,113.25732421875,22.882442474365234,validation
archive/data/Blight/Corn_Blight (911).JPG,Blight,0,256,256,127.672119140625,28.3570499420166,train
archive/data/Blight/Corn_Blight (912).JPG,Blight,0,256,256,118.5712890625,27.19022560119629,train
archive/data/Blight/Corn_Blight (913).jpg,Blight,0,256,256,113.0537109375,29.06664276123047,test
archive/data/Blight/Corn_Blight (914).JPG,Blight,0,256,256,123.038330078125,22.20114517211914,test
archive/data/Blight/Corn_Blight (915).jpg,Blight,0,256,256,110.6474609375,39.45775985717773,train
archive/data/Blight/Corn_Blight (916).JPG,Blight,0,256,256,130.58544921875,28.13400077819824,validation
archive/data/Blight/Corn_Blight (917).JPG,Blight,0,256,256,122.116943359375,26.78604888916016,train
archive/data/Blight/Corn_Blight (918).JPG,Blight,0,256,256,101.04052734375,32.35139465332031,test
archive/data/Blight/Corn_Blight (919).JPG,Blight,0,256,256,117.01171875,21.38482666015625,test
archive/data/Blight/Corn_Blight (92).jpg,Blight,0,365,335,110.139892578125,36.907470703125,train
archive/data/Blight/Corn_Blight (920).JPG,Blight,0,256,256,128.746826171875,37.76451873779297,validation
archive/data/Blight/Corn_Blight (921).JPG,Blight,0,256,256,112.721435546875,25.46281242370605,train
archive/data/Blight/Corn_Blight (922).JPG,Blight,0,256,256,119.482177734375,44.30625915527344,train
archive/data/Blight/Corn_Blight (923).JPG,Blight,0,256,256,99.24462890625,31.334779739379883,test
archive/data/Blight/Corn_Blight (924).JPG,Blight,0,256,256,112.355224609375,28.83413314819336,test
archive/data/Blight/Corn_Blight (925).JPG,Blight,0,256,256,117.89013671875,25.25685691833496,train
archive/data/Blight/Corn_Blight (926).jpg,Blight,0,256,256,101.305419921875,31.535472869873047,train
archive/data/Blight/Corn_Blight (927).JPG,Blight,0,256,256,115.677001953125,31.69045639038086,validation
archive/data/Blight/Corn_Blight (928).jpg,Blight,0,256,256,114.55419921875,24.798179626464844,train
archive/data/Blight/Corn_Blight (929).JPG,Blight,0,256,256,118.602783203125,45.16950607299805,train
archive/data/Blight/Corn_Blight (93).jpg,Blight,0,477,206,76.082275390625,70.56907653808594,train
archive/data/Blight/Corn_Blight (930).JPG,Blight,0,256,256,116.90478515625,41.94213104248047,train
archive/data/Blight/Corn_Blight (931).JPG,Blight,0,256,256,116.696044921875,23.919750213623047,train
archive/data/Blight/Corn_Blight (932).JPG,Blight,0,256,256,107.837646484375,28.23050880432129,validation
archive/data/Blight/Corn_Blight (933).jpg,Blight,0,256,256,117.38916015625,15.508516311645508,validation
archive/data/Blight/Corn_Blight (934).JPG,Blight,0,256,256,113.03271484375,24.483789443969727,train
archive/data/Blight/Corn_Blight (935).JPG,Blight,0,256,256,123.88330078125,22.42072868347168,test
archive/data/Blight/Corn_Blight (936).JPG,Blight,0,256,256,119.040771484375,30.061899185180664,test
archive/data/Blight/Corn_Blight (937).JPG,Blight,0,256,256,109.885498046875,23.914751052856445,train
archive/data/Blight/Corn_Blight (938).JPG,Blight,0,256,256,115.499267578125,29.25973129272461,validation
archive/data/Blight/Corn_Blight (939).JPG,Blight,0,256,256,111.43994140625,24.31863021850586,test
archive/data/Blight/Corn_Blight (94).jpg,Blight,0,4608,3456,134.618896484375,45.38753509521485,train
archive/data/Blight/Corn_Blight (940).JPG,Blight,0,256,256,116.98681640625,18.14759635925293,train
archive/data/Blight/Corn_Blight (941).JPG,Blight,0,256,256,117.14013671875,26.49661445617676,train
archive/data/Blight/Corn_Blight (942).JPG,Blight,0,256,256,118.39599609375,23.848651885986328,validation
archive/data/Blight/Corn_Blight (943).JPG,Blight,0,256,256,127.84912109375,31.190608978271484,train
archive/data/Blight/Corn_Blight (944).JPG,Blight,0,256,256,112.671142578125,30.400218963623047,train
archive/data/Blight/Corn_Blight (945).JPG,Blight,0,256,256,126.751708984375,35.16053771972656,train
archive/data/Blight/Corn_Blight (946).JPG,Blight,0,256,256,119.81787109375,27.036624908447266,train
archive/data/Blight/Corn_Blight (947).JPG,Blight,0,256,256,101.632568359375,34.84202575683594,train
archive/data/Blight/Corn_Blight (948).JPG,Blight,0,256,256,112.189208984375,31.58013153076172,train
archive/data/Blight/Corn_Blight (949).JPG,Blight,0,256,256,116.290283203125,29.40473937988281,validation
archive/data/Blight/Corn_Blight (95).jpg,Blight,0,4608,3456,120.057861328125,37.74856185913086,train
archive/data/Blight/Corn_Blight (950).JPG,Blight,0,256,256,116.13916015625,31.237688064575195,test
archive/data/Blight/Corn_Blight (951).JPG,Blight,0,256,256,110.998291015625,25.279998779296875,train
archive/data/Blight/Corn_Blight (952).JPG,Blight,0,256,256,106.982421875,25.46584701538086,test
archive/data/Blight/Corn_Blight (953).JPG,Blight,0,256,256,106.544189453125,21.18708610534668,validation
archive/data/Blight/Corn_Blight (954).JPG,Blight,0,256,256,109.782470703125,23.673566818237305,train
archive/data/Blight/Corn_Blight (955).JPG,Blight,0,256,256,113.187255859375,22.820072174072266,test
archive/data/Blight/Corn_Blight (956).JPG,Blight,0,256,256,116.564697265625,18.65022087097168,train
archive/data/Blight/Corn_Blight (957).jpg,Blight,0,256,256,109.89697265625,27.88988876342773,test
archive/data/Blight/Corn_Blight (958).JPG,Blight,0,256,256,120.55322265625,27.5866813659668,train
archive/data/Blight/Corn_Blight (959).jpg,Blight,0,256,256,112.35888671875,25.82097625732422,train
archive/data/Blight/Corn_Blight (96).jpg,Blight,0,1600,1200,128.789794921875,59.07886505126953,train
archive/data/Blight/Corn_Blight (960).jpg,Blight,0,256,256,115.60107421875,29.56946182250977,train
archive/data/Blight/Corn_Blight (961).JPG,Blight,0,256,256,116.89697265625,31.18230438232422,validation
archive/data/Blight/Corn_Blight (962).JPG,Blight,0,256,256,111.82080078125,30.47061920166016,train
archive/data/Blight/Corn_Blight (963).JPG,Blight,0,256,256,125.39990234375,27.326875686645508,train
archive/data/Blight/Corn_Blight (964).JPG,Blight,0,256,256,113.03955078125,25.70847511291504,train
archive/data/Blight/Corn_Blight (965).JPG,Blight,0,256,256,113.066650390625,23.112934112548828,validation
archive/data/Blight/Corn_Blight (966).jpg,Blight,0,256,256,131.90185546875,21.09242248535156,train
archive/data/Blight/Corn_Blight (967).JPG,Blight,0,256,256,136.079833984375,45.931396484375,train
archive/data/Blight/Corn_Blight (968).jpg,Blight,0,256,256,115.47314453125,25.63652992248535,test
archive/data/Blight/Corn_Blight (969).JPG,Blight,0,256,256,119.14599609375,31.540170669555664,test
archive/data/Blight/Corn_Blight (97).jpg,Blight,0,472,480,121.47998046875,27.24629211425781,train
archive/data/Blight/Corn_Blight (970).JPG,Blight,0,256,256,115.052001953125,32.637001037597656,train
archive/data/Blight/Corn_Blight (971).JPG,Blight,0,256,256,140.290771484375,34.16197967529297,test
archive/data/Blight/Corn_Blight (972).JPG,Blight,0,256,256,127.04296875,24.55103874206543,test
archive/data/Blight/Corn_Blight (973).jpg,Blight,0,256,256,119.7666015625,34.887535095214844,train
archive/data/Blight/Corn_Blight (974).JPG,Blight,0,256,256,109.29638671875,34.88798522949219,train
archive/data/Blight/Corn_Blight (975).JPG,Blight,0,256,256,111.368408203125,28.532451629638672,train
archive/data/Blight/Corn_Blight (976).JPG,Blight,0,256,256,105.900146484375,32.08320617675781,train
archive/data/Blight/Corn_Blight (977).JPG,Blight,0,256,256,126.13916015625,20.624128341674805,train
archive/data/Blight/Corn_Blight (978).jpg,Blight,0,256,256,110.663818359375,33.21086883544922,train
archive/data/Blight/Corn_Blight (979).JPG,Blight,0,256,256,121.62109375,24.853742599487305,validation
archive/data/Blight/Corn_Blight (98).jpg,Blight,0,575,431,118.35400390625,34.764732360839844,train
archive/data/Blight/Corn_Blight (980).JPG,Blight,0,256,256,103.264404296875,28.088380813598636,train
archive/data/Blight/Corn_Blight (981).JPG,Blight,0,256,256,118.060791015625,23.44134330749512,test
archive/data/Blight/Corn_Blight (982).JPG,Blight,0,256,256,122.091552734375,23.60191535949707,validation
archive/data/Blight/Corn_Blight (983).jpg,Blight,0,256,256,114.20849609375,20.05158233642578,train
archive/data/Blight/Corn_Blight (984).JPG,Blight,0,256,256,119.198486328125,19.810686111450195,train
archive/data/Blight/Corn_Blight (985).JPG,Blight,0,256,256,121.330322265625,42.04767990112305,validation
archive/data/Blight/Corn_Blight (986).JPG,Blight,0,256,256,129.74267578125,24.513015747070312,train
archive/data/Blight/Corn_Blight (987).JPG,Blight,0,256,256,127.39697265625,20.76257705688477,test
archive/data/Blight/Corn_Blight (988).JPG,Blight,0,256,256,122.107666015625,36.88095474243164,train
archive/data/Blight/Corn_Blight (989).JPG,Blight,0,256,256,119.75244140625,27.887720108032227,train
archive/data/Blight/Corn_Blight (99).jpg,Blight,0,500,500,114.470947265625,18.125932693481445,validation
archive/data/Blight/Corn_Blight (990).jpg,Blight,0,256,256,97.87255859375,18.760723114013672,train
archive/data/Blight/Corn_Blight (991).JPG,Blight,0,256,256,128.207763671875,35.72077178955078,train
archive/data/Blight/Corn_Blight (992).JPG,Blight,0,256,256,116.949951171875,25.485301971435547,train
archive/data/Blight/Corn_Blight (993).JPG,Blight,0,256,256,100.965087890625,23.244014739990234,validation
archive/data/Blight/Corn_Blight (994).JPG,Blight,0,256,256,109.189208984375,30.169687271118164,train
archive/data/Blight/Corn_Blight (995).JPG,Blight,0,256,256,121.3818359375,33.534122467041016,train
archive/data/Blight/Corn_Blight (996).JPG,Blight,0,256,256,111.772216796875,22.92121124267578,train
archive/data/Blight/Corn_Blight (997).JPG,Blight,0,256,256,98.016845703125,28.254138946533203,train
archive/data/Blight/Corn_Blight (998).JPG,Blight,0,256,256,115.265869140625,20.81228828430176,train
archive/data/Blight/Corn_Blight (999).JPG,Blight,0,256,256,119.68701171875,26.65692138671875,train
archive/data/Common_Rust/Corn_Common_Rust (1).jpg,Common_Rust,1,185,500,147.4755859375,55.68624114990234,train
archive/data/Common_Rust/Corn_Common_Rust (10).jpg,Common_Rust,1,640,480,138.387451171875,39.03018569946289,validation
archive/data/Common_Rust/Corn_Common_Rust (100).JPG,Common_Rust,1,256,256,96.378173828125,76.54349517822266,train
archive/data/Common_Rust/Corn_Common_Rust (1000).JPG,Common_Rust,1,256,256,70.2021484375,63.81427383422852,validation
archive/data/Common_Rust/Corn_Common_Rust (1001).JPG,Common_Rust,1,256,256,103.35546875,73.08175659179688,train
archive/data/Common_Rust/Corn_Common_Rust (1002).JPG,Common_Rust,1,256,256,57.026123046875,65.06570434570312,train
archive/data/Common_Rust/Corn_Common_Rust (1003).JPG,Common_Rust,1,256,256,61.46728515625,58.26995849609375,train
archive/data/Common_Rust/Corn_Common_Rust (1004).JPG,Common_Rust,1,256,256,85.44775390625,63.910423278808594,train
archive/data/Common_Rust/Corn_Common_Rust (1005).JPG,Common_Rust,1,256,256,123.166259765625,54.14566040039063,train
archive/data/Common_Rust/Corn_Common_Rust (1006).JPG,Common_Rust,1,256,256,99.8515625,56.644378662109375,train
archive/data/Common_Rust/Corn_Common_Rust (1007).JPG,Common_Rust,1,256,256,102.124755859375,52.05794143676758,train
archive/data/Common_Rust/Corn_Common_Rust (1008).JPG,Common_Rust,1,256,256,90.782470703125,61.846641540527344,test
archive/data/Common_Rust/Corn_Common_Rust (1009).JPG,Common_Rust,1,256,256,110.644775390625,55.79209518432617,train
archive/data/Common_Rust/Corn_Common_Rust (101).JPG,Common_Rust,1,256,256,103.8876953125,52.02299118041992,train
archive/data/Common_Rust/Corn_Common_Rust (1010).JPG,Common_Rust,1,256,256,84.500732421875,62.4334831237793,train
archive/data/Common_Rust/Corn_Common_Rust (1011).JPG,Common_Rust,1,256,256,90.82958984375,65.99020385742188,validation
archive/data/Common_Rust/Corn_Common_Rust (1012).JPG,Common_Rust,1,256,256,75.25244140625,69.8678970336914,train
archive/data/Common_Rust/Corn_Common_Rust (1013).JPG,Common_Rust,1,256,256,95.063720703125,63.34014892578125,test
archive/data/Common_Rust/Corn_Common_Rust (1014).JPG,Common_Rust,1,256,256,86.08154296875,61.05254364013672,train
archive/data/Common_Rust/Corn_Common_Rust (1015).JPG,Common_Rust,1,256,256,90.722412109375,69.23809051513672,train
archive/data/Common_Rust/Corn_Common_Rust (1016).JPG,Common_Rust,1,256,256,101.89697265625,68.79004669189453,validation
archive/data/Common_Rust/Corn_Common_Rust (1017).JPG,Common_Rust,1,256,256,94.48046875,65.30756378173828,train
archive/data/Common_Rust/Corn_Common_Rust (1018).JPG,Common_Rust,1,256,256,85.225830078125,64.20442199707031,train
archive/data/Common_Rust/Corn_Common_Rust (1019).JPG,Common_Rust,1,256,256,79.539306640625,63.633575439453125,train
archive/data/Common_Rust/Corn_Common_Rust (102).JPG,Common_Rust,1,256,256,97.075439453125,50.4104118347168,test
archive/data/Common_Rust/Corn_Common_Rust (1020).JPG,Common_Rust,1,256,256,74.90283203125,67.86737060546875,train
archive/data/Common_Rust/Corn_Common_Rust (1021).JPG,Common_Rust,1,256,256,76.12060546875,71.06053161621094,train
archive/data/Common_Rust/Corn_Common_Rust (1022).JPG,Common_Rust,1,256,256,59.452880859375,55.0978889465332,validation
archive/data/Common_Rust/Corn_Common_Rust (1023).JPG,Common_Rust,1,256,256,65.97021484375,56.36054611206055,train
archive/data/Common_Rust/Corn_Common_Rust (1024).JPG,Common_Rust,1,256,256,98.744140625,54.62000274658203,validation
archive/data/Common_Rust/Corn_Common_Rust (1025).JPG,Common_Rust,1,256,256,74.138916015625,58.92153549194336,test
archive/data/Common_Rust/Corn_Common_Rust (1026).JPG,Common_Rust,1,256,256,81.39599609375,61.36503601074219,train
archive/data/Common_Rust/Corn_Common_Rust (1027).JPG,Common_Rust,1,256,256,98.468017578125,59.29060363769531,train
archive/data/Common_Rust/Corn_Common_Rust (1028).JPG,Common_Rust,1,256,256,101.00390625,54.95207977294922,train
archive/data/Common_Rust/Corn_Common_Rust (1029).JPG,Common_Rust,1,256,256,68.26318359375,58.58030319213867,train
archive/data/Common_Rust/Corn_Common_Rust (103).JPG,Common_Rust,1,256,256,127.612060546875,63.35561752319336,train
archive/data/Common_Rust/Corn_Common_Rust (1030).JPG,Common_Rust,1,256,256,82.784423828125,57.52058792114258,train
archive/data/Common_Rust/Corn_Common_Rust (1031).JPG,Common_Rust,1,256,256,79.140869140625,65.86844635009766,train
archive/data/Common_Rust/Corn_Common_Rust (1032).JPG,Common_Rust,1,256,256,68.89501953125,62.02856063842773,validation
archive/data/Common_Rust/Corn_Common_Rust (1033).JPG,Common_Rust,1,256,256,73.93798828125,68.77133178710938,test
archive/data/Common_Rust/Corn_Common_Rust (1034).JPG,Common_Rust,1,256,256,62.90478515625,57.41474914550781,train
archive/data/Common_Rust/Corn_Common_Rust (1035).JPG,Common_Rust,1,256,256,80.796142578125,58.5086669921875,train
archive/data/Common_Rust/Corn_Common_Rust (1036).JPG,Common_Rust,1,256,256,85.957275390625,55.02887725830078,train
archive/data/Common_Rust/Corn_Common_Rust (1037).JPG,Common_Rust,1,256,256,78.96630859375,58.627532958984375,validation
archive/data/Common_Rust/Corn_Common_Rust (1038).JPG,Common_Rust,1,256,256,55.106201171875,57.07496643066406,validation
archive/data/Common_Rust/Corn_Common_Rust (1039).JPG,Common_Rust,1,256,256,86.3662109375,49.94279479980469,train
archive/data/Common_Rust/Corn_Common_Rust (104).JPG,Common_Rust,1,256,256,107.802734375,56.7467041015625,train
archive/data/Common_Rust/Corn_Common_Rust (1040).JPG,Common_Rust,1,256,256,67.390625,57.12229537963867,validation
archive/data/Common_Rust/Corn_Common_Rust (1041).JPG,Common_Rust,1,256,256,74.484375,64.73757934570312,train
archive/data/Common_Rust/Corn_Common_Rust (1042).JPG,Common_Rust,1,256,256,57.37060546875,53.93315124511719,train
archive/data/Common_Rust/Corn_Common_Rust (1043).JPG,Common_Rust,1,256,256,74.25,61.56280899047852,train
archive/data/Common_Rust/Corn_Common_Rust (1044).JPG,Common_Rust,1,256,256,75.32275390625,65.45794677734375,test
archive/data/Common_Rust/Corn_Common_Rust (1045).JPG,Common_Rust,1,256,256,70.278564453125,67.4775390625,train
archive/data/Common_Rust/Corn_Common_Rust (1046).JPG,Common_Rust,1,256,256,67.622314453125,68.32005310058594,train
archive/data/Common_Rust/Corn_Common_Rust (1047).JPG,Common_Rust,1,256,256,96.7763671875,67.58507537841797,test
archive/data/Common_Rust/Corn_Common_Rust (1048).JPG,Common_Rust,1,256,256,93.320556640625,61.62791442871094,train
archive/data/Common_Rust/Corn_Common_Rust (1049).JPG,Common_Rust,1,256,256,70.81787109375,60.4643783569336,train
archive/data/Common_Rust/Corn_Common_Rust (105).JPG,Common_Rust,1,256,256,113.673828125,53.34934997558594,validation
archive/data/Common_Rust/Corn_Common_Rust (1050).JPG,Common_Rust,1,256,256,54.029052734375,53.78461456298828,train
archive/data/Common_Rust/Corn_Common_Rust (1051).JPG,Common_Rust,1,256,256,90.698974609375,57.59613037109375,test
archive/data/Common_Rust/Corn_Common_Rust (1052).JPG,Common_Rust,1,256,256,83.244873046875,69.24301147460938,test
archive/data/Common_Rust/Corn_Common_Rust (1053).JPG,Common_Rust,1,256,256,104.25830078125,59.05662155151367,train
archive/data/Common_Rust/Corn_Common_Rust (1054).JPG,Common_Rust,1,256,256,83.72802734375,68.13993835449219,validation
archive/data/Common_Rust/Corn_Common_Rust (1055).JPG,Common_Rust,1,256,256,114.72021484375,42.962032318115234,validation
archive/data/Common_Rust/Corn_Common_Rust (1056).JPG,Common_Rust,1,256,256,86.14990234375,63.46270751953125,validation
archive/data/Common_Rust/Corn_Common_Rust (1057).JPG,Common_Rust,1,256,256,73.286376953125,67.24386596679688,test
archive/data/Common_Rust/Corn_Common_Rust (1058).JPG,Common_Rust,1,256,256,77.224853515625,72.07099914550781,test
archive/data/Common_Rust/Corn_Common_Rust (1059).JPG,Common_Rust,1,256,256,47.533447265625,59.6829948425293,validation
archive/data/Common_Rust/Corn_Common_Rust (106).JPG,Common_Rust,1,256,256,135.8759765625,59.10260009765625,test
archive/data/Common_Rust/Corn_Common_Rust (1060).JPG,Common_Rust,1,256,256,96.085205078125,75.07867431640625,train
archive/data/Common_Rust/Corn_Common_Rust (1061).JPG,Common_Rust,1,256,256,101.056396484375,59.3409423828125,validation
archive/data/Common_Rust/Corn_Common_Rust (1062).JPG,Common_Rust,1,256,256,76.39013671875,67.62496185302734,train
archive/data/Common_Rust/Corn_Common_Rust (1063).JPG,Common_Rust,1,256,256,68.78564453125,66.28779602050781,train
archive/data/Common_Rust/Corn_Common_Rust (1064).JPG,Common_Rust,1,256,256,81.47900390625,61.65335464477539,validation
archive/data/Common_Rust/Corn_Common_Rust (1065).JPG,Common_Rust,1,256,256,73.75732421875,66.30542755126953,train
archive/data/Common_Rust/Corn_Common_Rust (1066).JPG,Common_Rust,1,256,256,80.239013671875,66.47489166259766,train
archive/data/Common_Rust/Corn_Common_Rust (1067).JPG,Common_Rust,1,256,256,81.715087890625,70.55127716064453,test
archive/data/Common_Rust/Corn_Common_Rust (1068).JPG,Common_Rust,1,256,256,98.6103515625,74.9765396118164,validation
archive/data/Common_Rust/Corn_Common_Rust (1069).JPG,Common_Rust,1,256,256,79.168701171875,77.2566146850586,train
archive/data/Common_Rust/Corn_Common_Rust (107).JPG,Common_Rust,1,256,256,97.875244140625,67.37336730957031,validation
archive/data/Common_Rust/Corn_Common_Rust (1070).JPG,Common_Rust,1,256,256,74.352783203125,77.78868103027344,train
archive/data/Common_Rust/Corn_Common_Rust (1071).JPG,Common_Rust,1,256,256,54.279541015625,71.72685241699219,train
archive/data/Common_Rust/Corn_Common_Rust (1072).JPG,Common_Rust,1,256,256,81.376953125,68.29093933105469,train
archive/data/Common_Rust/Corn_Common_Rust (1073).JPG,Common_Rust,1,256,256,93.054443359375,69.95793151855469,validation
archive/data/Common_Rust/Corn_Common_Rust (1074).JPG,Common_Rust,1,256,256,82.5419921875,59.18563461303711,validation
archive/data/Common_Rust/Corn_Common_Rust (1075).JPG,Common_Rust,1,256,256,77.570068359375,63.78414535522461,train
archive/data/Common_Rust/Corn_Common_Rust (1076).JPG,Common_Rust,1,256,256,72.470458984375,65.79664611816406,train
archive/data/Common_Rust/Corn_Common_Rust (1077).JPG,Common_Rust,1,256,256,61.047119140625,64.03428649902344,train
archive/data/Common_Rust/Corn_Common_Rust (1078).JPG,Common_Rust,1,256,256,102.759521484375,63.92525100708008,train
archive/data/Common_Rust/Corn_Common_Rust (1079).JPG,Common_Rust,1,256,256,95.76416015625,63.98535919189453,validation
archive/data/Common_Rust/Corn_Common_Rust (108).JPG,Common_Rust,1,256,256,87.026123046875,69.15470123291016,validation
archive/data/Common_Rust/Corn_Common_Rust (1080).JPG,Common_Rust,1,256,256,84.181640625,66.290771484375,test
archive/data/Common_Rust/Corn_Common_Rust (1081).JPG,Common_Rust,1,256,256,100.8876953125,63.16755676269531,train
archive/data/Common_Rust/Corn_Common_Rust (1082).JPG,Common_Rust,1,256,256,93.68115234375,58.68438720703125,train
archive/data/Common_Rust/Corn_Common_Rust (1083).JPG,Common_Rust,1,256,256,80.48974609375,61.99571990966797,train
archive/data/Common_Rust/Corn_Common_Rust (1084).JPG,Common_Rust,1,256,256,130.896240234375,63.8658447265625,train
archive/data/Common_Rust/Corn_Common_Rust (1085).JPG,Common_Rust,1,256,256,109.145751953125,55.84220123291016,train
archive/data/Common_Rust/Corn_Common_Rust (1086).JPG,Common_Rust,1,256,256,93.6875,60.66180038452149,test
archive/data/Common_Rust/Corn_Common_Rust (1087).JPG,Common_Rust,1,256,256,94.5390625,55.539798736572266,train
archive/data/Common_Rust/Corn_Common_Rust (1088).JPG,Common_Rust,1,256,256,97.572265625,62.860084533691406,test
archive/data/Common_Rust/Corn_Common_Rust (1089).JPG,Common_Rust,1,256,256,79.359619140625,63.84185791015625,train
archive/data/Common_Rust/Corn_Common_Rust (109).JPG,Common_Rust,1,256,256,72.134521484375,70.32549285888672,train
archive/data/Common_Rust/Corn_Common_Rust (1090).JPG,Common_Rust,1,256,256,70.903564453125,68.49295043945312,train
archive/data/Common_Rust/Corn_Common_Rust (1091).JPG,Common_Rust,1,256,256,81.235107421875,70.33702850341797,train
archive/data/Common_Rust/Corn_Common_Rust (1092).JPG,Common_Rust,1,256,256,102.43017578125,68.76719665527344,train
archive/data/Common_Rust/Corn_Common_Rust (1093).JPG,Common_Rust,1,256,256,97.4775390625,59.5624885559082,test
archive/data/Common_Rust/Corn_Common_Rust (1094).JPG,Common_Rust,1,256,256,69.359375,71.79199981689453,test
archive/data/Common_Rust/Corn_Common_Rust (1095).JPG,Common_Rust,1,256,256,117.675048828125,65.4852294921875,train
archive/data/Common_Rust/Corn_Common_Rust (1096).JPG,Common_Rust,1,256,256,99.4892578125,70.94013977050781,train
archive/data/Common_Rust/Corn_Common_Rust (1097).JPG,Common_Rust,1,256,256,83.1796875,77.98747253417969,validation
archive/data/Common_Rust/Corn_Common_Rust (1098).JPG,Common_Rust,1,256,256,69.16357421875,65.85796356201172,train
archive/data/Common_Rust/Corn_Common_Rust (1099).JPG,Common_Rust,1,256,256,87.84912109375,68.40841674804688,train
archive/data/Common_Rust/Corn_Common_Rust (11).jpg,Common_Rust,1,1024,608,124.872314453125,43.34747695922852,train
archive/data/Common_Rust/Corn_Common_Rust (110).JPG,Common_Rust,1,256,256,74.34814453125,66.80772399902344,train
archive/data/Common_Rust/Corn_Common_Rust (1100).JPG,Common_Rust,1,256,256,93.484619140625,67.86067962646484,validation
archive/data/Common_Rust/Corn_Common_Rust (1101).JPG,Common_Rust,1,256,256,100.928466796875,78.83364868164062,validation
archive/data/Common_Rust/Corn_Common_Rust (1102).JPG,Common_Rust,1,256,256,100.677001953125,67.08609008789062,test
archive/data/Common_Rust/Corn_Common_Rust (1103).JPG,Common_Rust,1,256,256,79.126953125,72.42478942871094,validation
archive/data/Common_Rust/Corn_Common_Rust (1104).JPG,Common_Rust,1,256,256,80.28173828125,59.9442138671875,train
archive/data/Common_Rust/Corn_Common_Rust (1105).JPG,Common_Rust,1,256,256,92.098388671875,60.26368713378906,test
archive/data/Common_Rust/Corn_Common_Rust (1106).JPG,Common_Rust,1,256,256,78.012451171875,66.62937927246094,test
archive/data/Common_Rust/Corn_Common_Rust (1107).JPG,Common_Rust,1,256,256,105.96484375,56.20774841308594,validation
archive/data/Common_Rust/Corn_Common_Rust (1108).JPG,Common_Rust,1,256,256,81.543701171875,65.79530334472656,validation
archive/data/Common_Rust/Corn_Common_Rust (1109).JPG,Common_Rust,1,256,256,104.5966796875,66.3750991821289,train
archive/data/Common_Rust/Corn_Common_Rust (111).JPG,Common_Rust,1,256,256,76.31640625,69.65923309326172,validation
archive/data/Common_Rust/Corn_Common_Rust (1110).JPG,Common_Rust,1,256,256,82.56787109375,65.982666015625,train
archive/data/Common_Rust/Corn_Common_Rust (1111).JPG,Common_Rust,1,256,256,55.5390625,62.58955001831055,train
archive/data/Common_Rust/Corn_Common_Rust (1112).JPG,Common_Rust,1,256,256,89.330810546875,57.36863327026367,test
archive/data/Common_Rust/Corn_Common_Rust (1113).JPG,Common_Rust,1,256,256,81.968505859375,64.21174621582031,train
archive/data/Common_Rust/Corn_Common_Rust (1114).JPG,Common_Rust,1,256,256,58.989501953125,67.20880126953125,validation
archive/data/Common_Rust/Corn_Common_Rust (1115).JPG,Common_Rust,1,256,256,75.9482421875,67.6717758178711,train
archive/data/Common_Rust/Corn_Common_Rust (1116).JPG,Common_Rust,1,256,256,82.61376953125,66.48912048339844,validation
archive/data/Common_Rust/Corn_Common_Rust (1117).JPG,Common_Rust,1,256,256,93.247314453125,75.19657135009766,train
archive/data/Common_Rust/Corn_Common_Rust (1118).JPG,Common_Rust,1,256,256,93.730224609375,66.58795166015625,validation
archive/data/Common_Rust/Corn_Common_Rust (1119).JPG,Common_Rust,1,256,256,96.374267578125,62.62921142578125,train
archive/data/Common_Rust/Corn_Common_Rust (112).JPG,Common_Rust,1,256,256,108.9130859375,68.62265014648438,train
archive/data/Common_Rust/Corn_Common_Rust (1120).JPG,Common_Rust,1,256,256,118.18359375,33.01348114013672,train
archive/data/Common_Rust/Corn_Common_Rust (1121).JPG,Common_Rust,1,256,256,107.904541015625,64.84552001953125,validation
archive/data/Common_Rust/Corn_Common_Rust (1122).JPG,Common_Rust,1,256,256,94.509033203125,60.063743591308594,test
archive/data/Common_Rust/Corn_Common_Rust (1123).JPG,Common_Rust,1,256,256,65.845458984375,66.64535522460938,train
archive/data/Common_Rust/Corn_Common_Rust (1124).JPG,Common_Rust,1,256,256,85.94189453125,67.71125030517578,train
archive/data/Common_Rust/Corn_Common_Rust (1125).JPG,Common_Rust,1,256,256,86.6064453125,47.32990646362305,train
archive/data/Common_Rust/Corn_Common_Rust (1126).JPG,Common_Rust,1,256,256,72.85888671875,70.36502838134766,train
archive/data/Common_Rust/Corn_Common_Rust (1127).JPG,Common_Rust,1,256,256,88.60498046875,62.47641372680664,train
archive/data/Common_Rust/Corn_Common_Rust (1128).JPG,Common_Rust,1,256,256,64.60498046875,62.849422454833984,train
archive/data/Common_Rust/Corn_Common_Rust (1129).JPG,Common_Rust,1,256,256,95.8466796875,69.16529083251953,test
archive/data/Common_Rust/Corn_Common_Rust (113).JPG,Common_Rust,1,256,256,117.662109375,63.5261116027832,train
archive/data/Common_Rust/Corn_Common_Rust (1130).JPG,Common_Rust,1,256,256,99.625,63.621849060058594,test
archive/data/Common_Rust/Corn_Common_Rust (1131).JPG,Common_Rust,1,256,256,122.778076171875,60.17855453491211,train
archive/data/Common_Rust/Corn_Common_Rust (1132).JPG,Common_Rust,1,256,256,73.150390625,68.07990264892578,validation
archive/data/Common_Rust/Corn_Common_Rust (1133).JPG,Common_Rust,1,256,256,77.860595703125,68.44291687011719,train
archive/data/Common_Rust/Corn_Common_Rust (1134).JPG,Common_Rust,1,256,256,77.564208984375,69.50010681152344,train
archive/data/Common_Rust/Corn_Common_Rust (1135).JPG,Common_Rust,1,256,256,107.811767578125,62.71391677856445,test
archive/data/Common_Rust/Corn_Common_Rust (1136).JPG,Common_Rust,1,256,256,76.65478515625,66.81539916992188,train
archive/data/Common_Rust/Corn_Common_Rust (1137).JPG,Common_Rust,1,256,256,86.50439453125,73.34477996826172,train
archive/data/Common_Rust/Corn_Common_Rust (1138).JPG,Common_Rust,1,256,256,84.672607421875,62.87786102294922,train
archive/data/Common_Rust/Corn_Common_Rust (1139).JPG,Common_Rust,1,256,256,69.244384765625,60.79290008544922,train
archive/data/Common_Rust/Corn_Common_Rust (114).JPG,Common_Rust,1,256,256,52.409912109375,64.87386322021484,train
archive/data/Common_Rust/Corn_Common_Rust (1140).JPG,Common_Rust,1,256,256,88.1826171875,72.2794189453125,test
archive/data/Common_Rust/Corn_Common_Rust (1141).JPG,Common_Rust,1,256,256,84.872314453125,70.72361755371094,train
archive/data/Common_Rust/Corn_Common_Rust (1142).JPG,Common_Rust,1,256,256,96.8818359375,64.7192153930664,validation
archive/data/Common_Rust/Corn_Common_Rust (1143).JPG,Common_Rust,1,256,256,93.298583984375,72.81549072265625,test
archive/data/Common_Rust/Corn_Common_Rust (1144).JPG,Common_Rust,1,256,256,82.9384765625,71.95314025878906,validation
archive/data/Common_Rust/Corn_Common_Rust (1145).JPG,Common_Rust,1,256,256,103.3515625,65.18780517578125,test
archive/data/Common_Rust/Corn_Common_Rust (1146).JPG,Common_Rust,1,256,256,87.249755859375,59.56632995605469,train
archive/data/Common_Rust/Corn_Common_Rust (1147).JPG,Common_Rust,1,256,256,75.83203125,61.08883285522461,test
archive/data/Common_Rust/Corn_Common_Rust (1148).JPG,Common_Rust,1,256,256,156.146728515625,80.97919464111328,validation
archive/data/Common_Rust/Corn_Common_Rust (1149).JPG,Common_Rust,1,256,256,51.281005859375,46.10745620727539,test
archive/data/Common_Rust/Corn_Common_Rust (115).JPG,Common_Rust,1,256,256,116.924560546875,68.9101791381836,train
archive/data/Common_Rust/Corn_Common_Rust (1150).JPG,Common_Rust,1,256,256,100.126708984375,56.58663940429688,train
archive/data/Common_Rust/Corn_Common_Rust (1151).JPG,Common_Rust,1,256,256,111.490234375,59.94807815551758,train
archive/data/Common_Rust/Corn_Common_Rust (1152).JPG,Common_Rust,1,256,256,85.2705078125,64.57764434814453,train
archive/data/Common_Rust/Corn_Common_Rust (1153).JPG,Common_Rust,1,256,256,62.725830078125,67.3470458984375,test
archive/data/Common_Rust/Corn_Common_Rust (1154).JPG,Common_Rust,1,256,256,78.1298828125,66.57968139648438,train
archive/data/Common_Rust/Corn_Common_Rust (1155).JPG,Common_Rust,1,256,256,96.27490234375,68.06242370605469,train
archive/data/Common_Rust/Corn_Common_Rust (1156).JPG,Common_Rust,1,256,256,87.44287109375,65.5777587890625,train
archive/data/Common_Rust/Corn_Common_Rust (1157).JPG,Common_Rust,1,256,256,87.36767578125,63.06117630004883,train
archive/data/Common_Rust/Corn_Common_Rust (1158).JPG,Common_Rust,1,256,256,99.945068359375,61.0941162109375,train
archive/data/Common_Rust/Corn_Common_Rust (1159).JPG,Common_Rust,1,256,256,77.244873046875,60.5020637512207,train
archive/data/Common_Rust/Corn_Common_Rust (116).JPG,Common_Rust,1,256,256,128.39697265625,70.02465057373047,test
archive/data/Common_Rust/Corn_Common_Rust (1160).JPG,Common_Rust,1,256,256,110.634765625,76.23607635498047,train
archive/data/Common_Rust/Corn_Common_Rust (1161).JPG,Common_Rust,1,256,256,85.025634765625,75.59934997558594,validation
archive/data/Common_Rust/Corn_Common_Rust (1162).JPG,Common_Rust,1,256,256,81.727294921875,65.53427124023438,train
archive/data/Common_Rust/Corn_Common_Rust (1163).JPG,Common_Rust,1,256,256,119.44775390625,62.03873825073242,test
archive/data/Common_Rust/Corn_Common_Rust (1164).JPG,Common_Rust,1,256,256,85.8193359375,63.62453079223633,train
archive/data/Common_Rust/Corn_Common_Rust (1165).JPG,Common_Rust,1,256,256,80.8857421875,62.10372543334961,test
archive/data/Common_Rust/Corn_Common_Rust (1166).JPG,Common_Rust,1,256,256,98.839111328125,66.22624206542969,test
archive/data/Common_Rust/Corn_Common_Rust (1167).JPG,Common_Rust,1,256,256,71.59130859375,61.58560562133789,validation
archive/data/Common_Rust/Corn_Common_Rust (1168).JPG,Common_Rust,1,256,256,68.750732421875,63.38618469238281,test
archive/data/Common_Rust/Corn_Common_Rust (1169).JPG,Common_Rust,1,256,256,74.013671875,64.38603210449219,train
archive/data/Common_Rust/Corn_Common_Rust (117).JPG,Common_Rust,1,256,256,111.177734375,69.53314971923828,test
archive/data/Common_Rust/Corn_Common_Rust (1170).JPG,Common_Rust,1,256,256,69.16650390625,63.05831909179688,test
archive/data/Common_Rust/Corn_Common_Rust (1171).JPG,Common_Rust,1,256,256,69.2216796875,48.50993728637695,train
archive/data/Common_Rust/Corn_Common_Rust (1172).JPG,Common_Rust,1,256,256,82.34716796875,50.2666130065918,train
archive/data/Common_Rust/Corn_Common_Rust (1173).JPG,Common_Rust,1,256,256,84.81689453125,70.98184204101562,train
archive/data/Common_Rust/Corn_Common_Rust (1174).JPG,Common_Rust,1,256,256,90.78271484375,70.15058898925781,train
archive/data/Common_Rust/Corn_Common_Rust (1175).JPG,Common_Rust,1,256,256,105.716064453125,60.54035186767578,train
archive/data/Common_Rust/Corn_Common_Rust (1176).JPG,Common_Rust,1,256,256,97.027099609375,63.93603515625,validation
archive/data/Common_Rust/Corn_Common_Rust (1177).JPG,Common_Rust,1,256,256,69.67529296875,69.35852813720703,train
archive/data/Common_Rust/Corn_Common_Rust (1178).JPG,Common_Rust,1,256,256,76.59375,58.39483642578125,train
archive/data/Common_Rust/Corn_Common_Rust (1179).JPG,Common_Rust,1,256,256,88.906494140625,67.1961898803711,test
archive/data/Common_Rust/Corn_Common_Rust (118).JPG,Common_Rust,1,256,256,94.919677734375,59.11930465698242,validation
archive/data/Common_Rust/Corn_Common_Rust (1180).JPG,Common_Rust,1,256,256,79.389892578125,73.14617156982422,validation
archive/data/Common_Rust/Corn_Common_Rust (1181).JPG,Common_Rust,1,256,256,83.3232421875,77.74604797363281,train
archive/data/Common_Rust/Corn_Common_Rust (1182).JPG,Common_Rust,1,256,256,81.31787109375,65.8101577758789,train
archive/data/Common_Rust/Corn_Common_Rust (1183).JPG,Common_Rust,1,256,256,88.803955078125,60.36251449584961,train
archive/data/Common_Rust/Corn_Common_Rust (1184).JPG,Common_Rust,1,256,256,56.817626953125,64.56260681152344,validation
archive/data/Common_Rust/Corn_Common_Rust (1185).JPG,Common_Rust,1,256,256,59.038818359375,62.58346939086914,train
archive/data/Common_Rust/Corn_Common_Rust (1186).JPG,Common_Rust,1,256,256,95.15185546875,61.09831619262695,validation
archive/data/Common_Rust/Corn_Common_Rust (1187).JPG,Common_Rust,1,256,256,82.281982421875,65.677734375,train
archive/data/Common_Rust/Corn_Common_Rust (1188).JPG,Common_Rust,1,256,256,81.415283203125,64.46907806396484,validation
archive/data/Common_Rust/Corn_Common_Rust (1189).JPG,Common_Rust,1,256,256,86.0810546875,69.37152099609375,train
archive/data/Common_Rust/Corn_Common_Rust (119).JPG,Common_Rust,1,256,256,101.532470703125,65.16030883789062,validation
archive/data/Common_Rust/Corn_Common_Rust (1190).JPG,Common_Rust,1,256,256,102.55859375,70.43043518066406,train
archive/data/Common_Rust/Corn_Common_Rust (1191).JPG,Common_Rust,1,256,256,96.353271484375,68.2649154663086,test
archive/data/Common_Rust/Corn_Common_Rust (1192).JPG,Common_Rust,1,256,256,76.25341796875,68.78750610351562,train
archive/data/Common_Rust/Corn_Common_Rust (1193).JPG,Common_Rust,1,256,256,82.388916015625,70.67156982421875,train
archive/data/Common_Rust/Corn_Common_Rust (1194).JPG,Common_Rust,1,256,256,73.666748046875,70.23506164550781,train
archive/data/Common_Rust/Corn_Common_Rust (1195).JPG,Common_Rust,1,256,256,63.40283203125,66.48260498046875,train
archive/data/Common_Rust/Corn_Common_Rust (1196).JPG,Common_Rust,1,256,256,65.0361328125,71.26759338378906,validation
archive/data/Common_Rust/Corn_Common_Rust (1197).JPG,Common_Rust,1,256,256,67.13525390625,70.28152465820312,train
archive/data/Common_Rust/Corn_Common_Rust (1198).JPG,Common_Rust,1,256,256,92.318359375,73.34188079833984,train
archive/data/Common_Rust/Corn_Common_Rust (1199).JPG,Common_Rust,1,256,256,95.0224609375,77.98095703125,train
archive/data/Common_Rust/Corn_Common_Rust (12).jpg,Common_Rust,1,1022,1024,69.191162109375,53.57145309448242,train
archive/data/Common_Rust/Corn_Common_Rust (120).JPG,Common_Rust,1,256,256,98.8681640625,74.29817199707031,train
archive/data/Common_Rust/Corn_Common_Rust (1200).JPG,Common_Rust,1,256,256,109.916015625,54.53596115112305,validation
archive/data/Common_Rust/Corn_Common_Rust (1201).JPG,Common_Rust,1,256,256,108.975830078125,57.68496322631836,test
archive/data/Common_Rust/Corn_Common_Rust (1202).JPG,Common_Rust,1,256,256,72.673828125,58.047176361083984,test
archive/data/Common_Rust/Corn_Common_Rust (1203).JPG,Common_Rust,1,256,256,88.69580078125,77.77080535888672,train
archive/data/Common_Rust/Corn_Common_Rust (1204).JPG,Common_Rust,1,256,256,86.2490234375,69.0078125,validation
archive/data/Common_Rust/Corn_Common_Rust (1205).JPG,Common_Rust,1,256,256,74.891357421875,64.94820404052734,train
archive/data/Common_Rust/Corn_Common_Rust (1206).JPG,Common_Rust,1,256,256,99.119140625,66.75440216064453,train
archive/data/Common_Rust/Corn_Common_Rust (1207).JPG,Common_Rust,1,256,256,99.12158203125,66.59854125976562,train
archive/data/Common_Rust/Corn_Common_Rust (1208).JPG,Common_Rust,1,256,256,104.1376953125,61.09332656860352,train
archive/data/Common_Rust/Corn_Common_Rust (1209).JPG,Common_Rust,1,256,256,75.386474609375,63.25745391845703,test
archive/data/Common_Rust/Corn_Common_Rust (121).JPG,Common_Rust,1,256,256,115.755859375,67.40008544921875,test
archive/data/Common_Rust/Corn_Common_Rust (1210).JPG,Common_Rust,1,256,256,73.619140625,66.49829864501953,test
archive/data/Common_Rust/Corn_Common_Rust (1211).JPG,Common_Rust,1,256,256,86.78369140625,64.29064178466797,train
archive/data/Common_Rust/Corn_Common_Rust (1212).JPG,Common_Rust,1,256,256,71.26806640625,65.96795654296875,train
archive/data/Common_Rust/Corn_Common_Rust (1213).JPG,Common_Rust,1,256,256,102.868408203125,64.90324401855469,test
archive/data/Common_Rust/Corn_Common_Rust (1214).JPG,Common_Rust,1,256,256,66.3876953125,63.24573516845703,train
archive/data/Common_Rust/Corn_Common_Rust (1215).JPG,Common_Rust,1,256,256,63.68017578125,71.26150512695312,train
archive/data/Common_Rust/Corn_Common_Rust (1216).JPG,Common_Rust,1,256,256,85.949951171875,64.58634185791016,train
archive/data/Common_Rust/Corn_Common_Rust (1217).JPG,Common_Rust,1,256,256,73.808837890625,61.71394729614258,train
archive/data/Common_Rust/Corn_Common_Rust (1218).JPG,Common_Rust,1,256,256,132.32568359375,69.46126556396484,validation
archive/data/Common_Rust/Corn_Common_Rust (1219).JPG,Common_Rust,1,256,256,86.35205078125,58.945796966552734,validation
archive/data/Common_Rust/Corn_Common_Rust (122).JPG,Common_Rust,1,256,256,121.3798828125,48.75436782836914,test
archive/data/Common_Rust/Corn_Common_Rust (1220).JPG,Common_Rust,1,256,256,81.11669921875,58.761043548583984,test
archive/data/Common_Rust/Corn_Common_Rust (1221).JPG,Common_Rust,1,256,256,78.101806640625,65.106201171875,train
archive/data/Common_Rust/Corn_Common_Rust (1222).JPG,Common_Rust,1,256,256,111.441650390625,59.95949935913086,train
archive/data/Common_Rust/Corn_Common_Rust (1223).JPG,Common_Rust,1,256,256,92.969970703125,68.35279083251953,train
archive/data/Common_Rust/Corn_Common_Rust (1224).JPG,Common_Rust,1,256,256,74.529052734375,71.61917877197266,test
archive/data/Common_Rust/Corn_Common_Rust (1225).JPG,Common_Rust,1,256,256,65.5361328125,72.37527465820312,train
archive/data/Common_Rust/Corn_Common_Rust (1226).JPG,Common_Rust,1,256,256,102.070068359375,69.78927612304688,train
archive/data/Common_Rust/Corn_Common_Rust (1227).JPG,Common_Rust,1,256,256,86.140380859375,66.32769012451172,test
archive/data/Common_Rust/Corn_Common_Rust (1228).JPG,Common_Rust,1,256,256,55.412353515625,63.54525375366211,train
archive/data/Common_Rust/Corn_Common_Rust (1229).JPG,Common_Rust,1,256,256,67.972900390625,60.86623764038086,validation
archive/data/Common_Rust/Corn_Common_Rust (123).JPG,Common_Rust,1,256,256,99.91552734375,77.44149780273438,train
archive/data/Common_Rust/Corn_Common_Rust (1230).JPG,Common_Rust,1,256,256,74.04833984375,66.89525604248047,test
archive/data/Common_Rust/Corn_Common_Rust (1231).JPG,Common_Rust,1,256,256,111.53076171875,67.08370208740234,test
archive/data/Common_Rust/Corn_Common_Rust (1232).JPG,Common_Rust,1,256,256,103.8603515625,65.10880279541016,validation
archive/data/Common_Rust/Corn_Common_Rust (1233).JPG,Common_Rust,1,256,256,84.63330078125,66.03465270996094,train
archive/data/Common_Rust/Corn_Common_Rust (1234).JPG,Common_Rust,1,256,256,73.226318359375,66.70033264160156,test
archive/data/Common_Rust/Corn_Common_Rust (1235).JPG,Common_Rust,1,256,256,89.125732421875,78.41071319580078,validation
archive/data/Common_Rust/Corn_Common_Rust (1236).JPG,Common_Rust,1,256,256,91.462890625,69.70154571533203,train
archive/data/Common_Rust/Corn_Common_Rust (1237).JPG,Common_Rust,1,256,256,93.880615234375,64.1030044555664,train
archive/data/Common_Rust/Corn_Common_Rust (1238).JPG,Common_Rust,1,256,256,105.040283203125,73.07858276367188,train
archive/data/Common_Rust/Corn_Common_Rust (1239).JPG,Common_Rust,1,256,256,79.702880859375,58.808868408203125,train
archive/data/Common_Rust/Corn_Common_Rust (124).JPG,Common_Rust,1,256,256,79.6142578125,63.9861946105957,train
archive/data/Common_Rust/Corn_Common_Rust (1240).JPG,Common_Rust,1,256,256,87.291748046875,58.814571380615234,validation
archive/data/Common_Rust/Corn_Common_Rust (1241).JPG,Common_Rust,1,256,256,77.2158203125,58.432376861572266,train
archive/data/Common_Rust/Corn_Common_Rust (1242).JPG,Common_Rust,1,256,256,71.010009765625,67.0257339477539,validation
archive/data/Common_Rust/Corn_Common_Rust (1243).JPG,Common_Rust,1,256,256,101.4453125,60.07722854614258,train
archive/data/Common_Rust/Corn_Common_Rust (1244).JPG,Common_Rust,1,256,256,94.7861328125,69.28820037841797,validation
archive/data/Common_Rust/Corn_Common_Rust (1245).JPG,Common_Rust,1,256,256,80.60400390625,69.82713317871094,train
archive/data/Common_Rust/Corn_Common_Rust (1246).JPG,Common_Rust,1,256,256,72.844970703125,66.98600769042969,test
archive/data/Common_Rust/Corn_Common_Rust (1247).JPG,Common_Rust,1,256,256,77.059326171875,54.06051254272461,train
archive/data/Common_Rust/Corn_Common_Rust (1248).JPG,Common_Rust,1,256,256,84.2841796875,59.30348587036133,test
archive/data/Common_Rust/Corn_Common_Rust (1249).JPG,Common_Rust,1,256,256,70.351806640625,58.20553970336914,train
archive/data/Common_Rust/Corn_Common_Rust (125).JPG,Common_Rust,1,256,256,116.46142578125,64.72338104248047,train
archive/data/Common_Rust/Corn_Common_Rust (1250).JPG,Common_Rust,1,256,256,109.740478515625,69.03247833251953,validation
archive/data/Common_Rust/Corn_Common_Rust (1251).JPG,Common_Rust,1,256,256,89.964599609375,65.64053344726562,train
archive/data/Common_Rust/Corn_Common_Rust (1252).JPG,Common_Rust,1,256,256,71.07080078125,63.92869186401367,train
archive/data/Common_Rust/Corn_Common_Rust (1253).JPG,Common_Rust,1,256,256,89.194580078125,60.45880889892578,train
archive/data/Common_Rust/Corn_Common_Rust (1254).JPG,Common_Rust,1,256,256,99.370849609375,52.82083511352539,test
archive/data/Common_Rust/Corn_Common_Rust (1255).JPG,Common_Rust,1,256,256,74.967041015625,60.70698165893555,train
archive/data/Common_Rust/Corn_Common_Rust (1256).JPG,Common_Rust,1,256,256,69.017578125,59.92815780639648,test
archive/data/Common_Rust/Corn_Common_Rust (1257).JPG,Common_Rust,1,256,256,74.886962890625,58.46843338012695,train
archive/data/Common_Rust/Corn_Common_Rust (1258).JPG,Common_Rust,1,256,256,73.70751953125,71.13714599609375,train
archive/data/Common_Rust/Corn_Common_Rust (1259).JPG,Common_Rust,1,256,256,69.765625,69.5843276977539,validation
archive/data/Common_Rust/Corn_Common_Rust (126).JPG,Common_Rust,1,256,256,106.260009765625,74.2306900024414,train
archive/data/Common_Rust/Corn_Common_Rust (1260).JPG,Common_Rust,1,256,256,124.355712890625,55.94039535522461,train
archive/data/Common_Rust/Corn_Common_Rust (1261).JPG,Common_Rust,1,256,256,143.587646484375,62.58367919921875,validation
archive/data/Common_Rust/Corn_Common_Rust (1262).JPG,Common_Rust,1,256,256,111.6513671875,56.73115539550781,test
archive/data/Common_Rust/Corn_Common_Rust (1263).JPG,Common_Rust,1,256,256,104.47314453125,51.75388717651367,train
archive/data/Common_Rust/Corn_Common_Rust (1264).jpg,Common_Rust,1,4032,3024,126.7861328125,36.76259994506836,train
archive/data/Common_Rust/Corn_Common_Rust (1265).jpg,Common_Rust,1,1280,1280,135.901123046875,32.011940002441406,test
archive/data/Common_Rust/Corn_Common_Rust (1266).jpg,Common_Rust,1,300,300,125.59326171875,44.83858871459961,train
archive/data/Common_Rust/Corn_Common_Rust (1267).jpg,Common_Rust,1,3264,2448,130.977783203125,61.559532165527344,train
archive/data/Common_Rust/Corn_Common_Rust (1268).jpg,Common_Rust,1,3264,2448,106.901611328125,57.05027770996094,train
archive/data/Common_Rust/Corn_Common_Rust (1269).jpg,Common_Rust,1,800,600,129.216796875,46.09931564331055,test
archive/data/Common_Rust/Corn_Common_Rust (127).JPG,Common_Rust,1,256,256,103.1884765625,73.68710327148438,train
archive/data/Common_Rust/Corn_Common_Rust (1270).jpg,Common_Rust,1,1280,960,125.78564453125,41.18141174316406,train
archive/data/Common_Rust/Corn_Common_Rust (1271).jpg,Common_Rust,1,450,338,161.867919921875,37.909854888916016,train
archive/data/Common_Rust/Corn_Common_Rust (1272).jpg,Common_Rust,1,500,375,135.1865234375,32.76948547363281,validation
archive/data/Common_Rust/Corn_Common_Rust (1273).jpg,Common_Rust,1,1024,768,107.178955078125,41.61761093139648,validation
archive/data/Common_Rust/Corn_Common_Rust (1274).jpg,Common_Rust,1,700,482,114.096435546875,43.22714614868164,train
archive/data/Common_Rust/Corn_Common_Rust (1275).jpg,Common_Rust,1,575,188,119.431640625,44.37297821044922,train
archive/data/Common_Rust/Corn_Common_Rust (1276).jpg,Common_Rust,1,754,482,62.43798828125,36.18658828735352,train
archive/data/Common_Rust/Corn_Common_Rust (1277).jpg,Common_Rust,1,1054,702,112.414794921875,47.09294509887695,validation
archive/data/Common_Rust/Corn_Common_Rust (1278).jpg,Common_Rust,1,1338,357,99.365234375,54.05852890014648,train
archive/data/Common_Rust/Corn_Common_Rust (1279).jpg,Common_Rust,1,600,450,110.649658203125,33.39733123779297,train
archive/data/Common_Rust/Corn_Common_Rust (128).JPG,Common_Rust,1,256,256,126.685546875,65.21160888671875,validation
archive/data/Common_Rust/Corn_Common_Rust (1280).jpg,Common_Rust,1,1836,3264,82.76025390625,70.27290344238281,train
archive/data/Common_Rust/Corn_Common_Rust (1281).jpg,Common_Rust,1,1410,730,109.521484375,33.16742706298828,test
archive/data/Common_Rust/Corn_Common_Rust (1282).jpg,Common_Rust,1,576,1024,128.4013671875,29.0815544128418,train
archive/data/Common_Rust/Corn_Common_Rust (1283).jpg,Common_Rust,1,392,236,95.622802734375,31.41582679748535,train
archive/data/Common_Rust/Corn_Common_Rust (1284).jpg,Common_Rust,1,273,400,124.874755859375,45.1619987487793,train
archive/data/Common_Rust/Corn_Common_Rust (1285).jpg,Common_Rust,1,675,1200,134.295654296875,29.52043914794922,train
archive/data/Common_Rust/Corn_Common_Rust (1286).jpg,Common_Rust,1,674,510,98.886474609375,55.5583610534668,validation
archive/data/Common_Rust/Corn_Common_Rust (1287).jpg,Common_Rust,1,489,1018,131.119873046875,44.10883712768555,train
archive/data/Common_Rust/Corn_Common_Rust (1288).jpg,Common_Rust,1,2273,1901,123.255615234375,44.89692687988281,validation
archive/data/Common_Rust/Corn_Common_Rust (1289).jpg,Common_Rust,1,471,628,105.3818359375,45.43751525878906,test
archive/data/Common_Rust/Corn_Common_Rust (129).JPG,Common_Rust,1,256,256,112.492431640625,60.18300628662109,test
archive/data/Common_Rust/Corn_Common_Rust (1290).jpg,Common_Rust,1,1024,768,130.055908203125,58.95814895629883,test
archive/data/Common_Rust/Corn_Common_Rust (1291).jpg,Common_Rust,1,1920,1440,118.978759765625,47.860836029052734,train
archive/data/Common_Rust/Corn_Common_Rust (1292).jpg,Common_Rust,1,292,116,158.121337890625,22.027851104736328,test
archive/data/Common_Rust/Corn_Common_Rust (1293).jpg,Common_Rust,1,3264,2448,142.022216796875,46.23018646240234,train
archive/data/Common_Rust/Corn_Common_Rust (1294).jpg,Common_Rust,1,2848,4272,127.01953125,31.476778030395508,train
archive/data/Common_Rust/Corn_Common_Rust (1295).jpg,Common_Rust,1,666,443,88.534423828125,36.58110046386719,train
archive/data/Common_Rust/Corn_Common_Rust (1296).jpg,Common_Rust,1,1790,1897,91.360107421875,32.635780334472656,validation
archive/data/Common_Rust/Corn_Common_Rust (1297).jpg,Common_Rust,1,765,325,96.38818359375,29.47509765625,train
archive/data/Common_Rust/Corn_Common_Rust (1298).jpg,Common_Rust,1,576,1024,108.947509765625,37.94389343261719,validation
archive/data/Common_Rust/Corn_Common_Rust (1299).jpg,Common_Rust,1,765,257,119.848876953125,36.75747299194336,train
archive/data/Common_Rust/Corn_Common_Rust (13).jpg,Common_Rust,1,1024,768,112.072265625,43.50011444091797,test
archive/data/Common_Rust/Corn_Common_Rust (130).JPG,Common_Rust,1,256,256,113.486328125,49.547489166259766,train
archive/data/Common_Rust/Corn_Common_Rust (1300).jpg,Common_Rust,1,600,340,130.599609375,37.70035934448242,test
archive/data/Common_Rust/Corn_Common_Rust (1301).jpg,Common_Rust,1,612,501,121.173828125,45.09239959716797,train
archive/data/Common_Rust/Corn_Common_Rust (1302).jpg,Common_Rust,1,694,583,111.73388671875,51.26582717895508,train
archive/data/Common_Rust/Corn_Common_Rust (1303).jpg,Common_Rust,1,900,595,97.890869140625,60.8791389465332,train
archive/data/Common_Rust/Corn_Common_Rust (1304).jpg,Common_Rust,1,900,675,111.92529296875,33.99871826171875,train
archive/data/Common_Rust/Corn_Common_Rust (1305).jpg,Common_Rust,1,350,263,155.222412109375,38.17240905761719,train
archive/data/Common_Rust/Corn_Common_Rust (1306).jpg,Common_Rust,1,640,428,151.788330078125,46.33971405029297,validation
archive/data/Common_Rust/Corn_Common_Rust (131).JPG,Common_Rust,1,256,256,121.6103515625,50.244930267333984,train
archive/data/Common_Rust/Corn_Common_Rust (132).JPG,Common_Rust,1,256,256,133.871826171875,45.67538833618164,train
archive/data/Common_Rust/Corn_Common_Rust (133).JPG,Common_Rust,1,256,256,137.916259765625,65.5451889038086,validation
archive/data/Common_Rust/Corn_Common_Rust (134).JPG,Common_Rust,1,256,256,127.139404296875,65.74183654785156,validation
archive/data/Common_Rust/Corn_Common_Rust (135).JPG,Common_Rust,1,256,256,116.12255859375,71.99200439453125,train
archive/data/Common_Rust/Corn_Common_Rust (136).JPG,Common_Rust,1,256,256,110.47412109375,51.93600463867188,test
archive/data/Common_Rust/Corn_Common_Rust (137).JPG,Common_Rust,1,256,256,95.5478515625,59.64274978637695,test
archive/data/Common_Rust/Corn_Common_Rust (138).JPG,Common_Rust,1,256,256,106.9345703125,60.79915237426758,train
archive/data/Common_Rust/Corn_Common_Rust (139).JPG,Common_Rust,1,256,256,101.666748046875,69.56609344482422,train
archive/data/Common_Rust/Corn_Common_Rust (14).jpg,Common_Rust,1,768,1024,108.87255859375,45.74382400512695,train
archive/data/Common_Rust/Corn_Common_Rust (140).JPG,Common_Rust,1,256,256,91.02734375,69.0596694946289,test
archive/data/Common_Rust/Corn_Common_Rust (141).JPG,Common_Rust,1,256,256,108.558349609375,50.2273063659668,validation
archive/data/Common_Rust/Corn_Common_Rust (142).JPG,Common_Rust,1,256,256,107.94482421875,53.47062301635742,train
archive/data/Common_Rust/Corn_Common_Rust (143).JPG,Common_Rust,1,256,256,103.781982421875,71.55773162841797,validation
archive/data/Common_Rust/Corn_Common_Rust (144).JPG,Common_Rust,1,256,256,102.68505859375,59.61546325683594,train
archive/data/Common_Rust/Corn_Common_Rust (145).JPG,Common_Rust,1,256,256,98.9443359375,51.64971923828125,test
archive/data/Common_Rust/Corn_Common_Rust (146).JPG,Common_Rust,1,256,256,97.751953125,56.76871109008789,train
archive/data/Common_Rust/Corn_Common_Rust (147).JPG,Common_Rust,1,256,256,97.655029296875,75.06027221679688,validation
archive/data/Common_Rust/Corn_Common_Rust (148).JPG,Common_Rust,1,256,256,118.206298828125,82.98926544189453,test
archive/data/Common_Rust/Corn_Common_Rust (149).JPG,Common_Rust,1,256,256,74.014404296875,55.073490142822266,train
archive/data/Common_Rust/Corn_Common_Rust (15).jpg,Common_Rust,1,1024,768,131.832275390625,45.411842346191406,train
archive/data/Common_Rust/Corn_Common_Rust (150).JPG,Common_Rust,1,256,256,110.899169921875,61.661895751953125,train
archive/data/Common_Rust/Corn_Common_Rust (151).JPG,Common_Rust,1,256,256,107.775390625,55.796966552734375,validation
archive/data/Common_Rust/Corn_Common_Rust (152).JPG,Common_Rust,1,256,256,107.850341796875,72.8733901977539,train
archive/data/Common_Rust/Corn_Common_Rust (153).JPG,Common_Rust,1,256,256,115.644775390625,50.39298629760742,train
archive/data/Common_Rust/Corn_Common_Rust (154).JPG,Common_Rust,1,256,256,121.098388671875,63.14398956298828,validation
archive/data/Common_Rust/Corn_Common_Rust (155).JPG,Common_Rust,1,256,256,104.109619140625,65.18177032470703,train
archive/data/Common_Rust/Corn_Common_Rust (156).JPG,Common_Rust,1,256,256,94.981201171875,55.10743713378906,train
archive/data/Common_Rust/Corn_Common_Rust (157).JPG,Common_Rust,1,256,256,90.916015625,69.73138427734375,train
archive/data/Common_Rust/Corn_Common_Rust (158).JPG,Common_Rust,1,256,256,82.448486328125,71.70679473876953,validation
archive/data/Common_Rust/Corn_Common_Rust (159).JPG,Common_Rust,1,256,256,102.999755859375,67.661376953125,test
archive/data/Common_Rust/Corn_Common_Rust (16).jpg,Common_Rust,1,1024,768,132.040283203125,36.16273880004883,train
archive/data/Common_Rust/Corn_Common_Rust (160).JPG,Common_Rust,1,256,256,118.1103515625,60.25662612915039,test
archive/data/Common_Rust/Corn_Common_Rust (161).JPG,Common_Rust,1,256,256,111.22509765625,54.98665237426758,validation
archive/data/Common_Rust/Corn_Common_Rust (162).JPG,Common_Rust,1,256,256,89.137939453125,69.26305389404297,train
archive/data/Common_Rust/Corn_Common_Rust (163).JPG,Common_Rust,1,256,256,103.921875,53.32012939453125,test
archive/data/Common_Rust/Corn_Common_Rust (164).JPG,Common_Rust,1,256,256,118.055419921875,53.5634651184082,train
archive/data/Common_Rust/Corn_Common_Rust (165).JPG,Common_Rust,1,256,256,100.029296875,65.48728942871094,train
archive/data/Common_Rust/Corn_Common_Rust (166).JPG,Common_Rust,1,256,256,70.9296875,63.5565185546875,train
archive/data/Common_Rust/Corn_Common_Rust (167).JPG,Common_Rust,1,256,256,106.000732421875,59.707481384277344,train
archive/data/Common_Rust/Corn_Common_Rust (168).JPG,Common_Rust,1,256,256,108.314697265625,65.36984252929688,train
archive/data/Common_Rust/Corn_Common_Rust (169).JPG,Common_Rust,1,256,256,114.894287109375,62.68832778930664,test
archive/data/Common_Rust/Corn_Common_Rust (17).jpg,Common_Rust,1,2048,1536,83.712646484375,16.751375198364258,train
archive/data/Common_Rust/Corn_Common_Rust (170).JPG,Common_Rust,1,256,256,87.4921875,83.09522247314453,train
archive/data/Common_Rust/Corn_Common_Rust (171).JPG,Common_Rust,1,256,256,67.75390625,79.88746643066406,train
archive/data/Common_Rust/Corn_Common_Rust (172).JPG,Common_Rust,1,256,256,116.027587890625,55.51721954345703,validation
archive/data/Common_Rust/Corn_Common_Rust (173).JPG,Common_Rust,1,256,256,107.71533203125,71.77019500732422,test
archive/data/Common_Rust/Corn_Common_Rust (174).JPG,Common_Rust,1,256,256,98.69287109375,60.84089279174805,test
archive/data/Common_Rust/Corn_Common_Rust (175).JPG,Common_Rust,1,256,256,100.20556640625,69.57743835449219,train
archive/data/Common_Rust/Corn_Common_Rust (176).JPG,Common_Rust,1,256,256,106.55029296875,81.72017669677734,train
archive/data/Common_Rust/Corn_Common_Rust (177).JPG,Common_Rust,1,256,256,78.16552734375,72.89592742919922,validation
archive/data/Common_Rust/Corn_Common_Rust (178).JPG,Common_Rust,1,256,256,107.014404296875,77.47386169433594,validation
archive/data/Common_Rust/Corn_Common_Rust (179).JPG,Common_Rust,1,256,256,99.641845703125,73.4411392211914,test
archive/data/Common_Rust/Corn_Common_Rust (18).jpg,Common_Rust,1,810,1038,120.617919921875,33.81330490112305,train
archive/data/Common_Rust/Corn_Common_Rust (180).JPG,Common_Rust,1,256,256,76.511962890625,71.2657470703125,train
archive/data/Common_Rust/Corn_Common_Rust (181).JPG,Common_Rust,1,256,256,102.773681640625,61.6760139465332,train
archive/data/Common_Rust/Corn_Common_Rust (182).JPG,Common_Rust,1,256,256,61.200439453125,63.62833023071289,train
archive/data/Common_Rust/Corn_Common_Rust (183).JPG,Common_Rust,1,256,256,90.189697265625,42.34325408935547,validation
archive/data/Common_Rust/Corn_Common_Rust (184).JPG,Common_Rust,1,256,256,105.428955078125,65.57394409179688,train
archive/data/Common_Rust/Corn_Common_Rust (185).JPG,Common_Rust,1,256,256,101.17578125,42.10152816772461,train
archive/data/Common_Rust/Corn_Common_Rust (186).JPG,Common_Rust,1,256,256,121.2685546875,51.96073913574219,train
archive/data/Common_Rust/Corn_Common_Rust (187).JPG,Common_Rust,1,256,256,108.177734375,69.56646728515625,train
archive/data/Common_Rust/Corn_Common_Rust (188).JPG,Common_Rust,1,256,256,59.409912109375,77.98564147949219,validation
archive/data/Common_Rust/Corn_Common_Rust (189).JPG,Common_Rust,1,256,256,106.81494140625,61.400970458984375,train
archive/data/Common_Rust/Corn_Common_Rust (19).jpg,Common_Rust,1,1218,569,149.088134765625,55.62919235229492,train
archive/data/Common_Rust/Corn_Common_Rust (190).JPG,Common_Rust,1,256,256,109.58349609375,61.66519546508789,train
archive/data/Common_Rust/Corn_Common_Rust (191).JPG,Common_Rust,1,256,256,108.392822265625,71.83946990966797,test
archive/data/Common_Rust/Corn_Common_Rust (192).JPG,Common_Rust,1,256,256,80.834716796875,79.67597961425781,train
archive/data/Common_Rust/Corn_Common_Rust (193).JPG,Common_Rust,1,256,256,108.085693359375,56.07945251464844,train
archive/data/Common_Rust/Corn_Common_Rust (194).JPG,Common_Rust,1,256,256,110.11865234375,55.59812545776367,train
archive/data/Common_Rust/Corn_Common_Rust (195).JPG,Common_Rust,1,256,256,87.337890625,67.0411376953125,validation
archive/data/Common_Rust/Corn_Common_Rust (196).JPG,Common_Rust,1,256,256,80.32958984375,57.01811218261719,train
archive/data/Common_Rust/Corn_Common_Rust (197).JPG,Common_Rust,1,256,256,39.423095703125,33.93461990356445,train
archive/data/Common_Rust/Corn_Common_Rust (198).JPG,Common_Rust,1,256,256,93.63916015625,65.52164459228516,train
archive/data/Common_Rust/Corn_Common_Rust (199).JPG,Common_Rust,1,256,256,85.451904296875,73.22840118408203,train
archive/data/Common_Rust/Corn_Common_Rust (2).jpg,Common_Rust,1,590,393,83.23583984375,40.38849258422852,train
archive/data/Common_Rust/Corn_Common_Rust (20).jpg,Common_Rust,1,300,200,138.37353515625,52.65506362915039,train
archive/data/Common_Rust/Corn_Common_Rust (200).JPG,Common_Rust,1,256,256,93.331787109375,72.09422302246094,validation
archive/data/Common_Rust/Corn_Common_Rust (201).JPG,Common_Rust,1,256,256,95.70556640625,72.12748718261719,validation
archive/data/Common_Rust/Corn_Common_Rust (202).JPG,Common_Rust,1,256,256,116.590576171875,73.1046142578125,train
archive/data/Common_Rust/Corn_Common_Rust (203).JPG,Common_Rust,1,256,256,99.236572265625,56.41203689575195,validation
archive/data/Common_Rust/Corn_Common_Rust (204).JPG,Common_Rust,1,256,256,90.498291015625,76.99530792236328,train
archive/data/Common_Rust/Corn_Common_Rust (205).JPG,Common_Rust,1,256,256,95.081298828125,65.1220932006836,test
archive/data/Common_Rust/Corn_Common_Rust (206).JPG,Common_Rust,1,256,256,108.37060546875,62.08223342895508,train
archive/data/Common_Rust/Corn_Common_Rust (207).JPG,Common_Rust,1,256,256,93.520751953125,74.41403198242188,validation
archive/data/Common_Rust/Corn_Common_Rust (208).JPG,Common_Rust,1,256,256,122.800048828125,70.76748657226562,train
archive/data/Common_Rust/Corn_Common_Rust (209).JPG,Common_Rust,1,256,256,115.88134765625,57.60735321044922,train
archive/data/Common_Rust/Corn_Common_Rust (21).jpg,Common_Rust,1,2592,1728,149.167724609375,34.44817352294922,train
archive/data/Common_Rust/Corn_Common_Rust (210).JPG,Common_Rust,1,256,256,88.868896484375,64.53541564941406,validation
archive/data/Common_Rust/Corn_Common_Rust (211).JPG,Common_Rust,1,256,256,88.306884765625,48.3485107421875,validation
archive/data/Common_Rust/Corn_Common_Rust (212).JPG,Common_Rust,1,256,256,60.1240234375,61.60558319091797,train
archive/data/Common_Rust/Corn_Common_Rust (213).JPG,Common_Rust,1,256,256,94.931396484375,62.195125579833984,validation
archive/data/Common_Rust/Corn_Common_Rust (214).JPG,Common_Rust,1,256,256,119.2626953125,66.3890380859375,train
archive/data/Common_Rust/Corn_Common_Rust (215).JPG,Common_Rust,1,256,256,108.29345703125,65.55338287353516,test
archive/data/Common_Rust/Corn_Common_Rust (216).JPG,Common_Rust,1,256,256,76.537353515625,77.65327453613281,validation
archive/data/Common_Rust/Corn_Common_Rust (217).JPG,Common_Rust,1,256,256,82.99658203125,68.74530792236328,validation
archive/data/Common_Rust/Corn_Common_Rust (218).JPG,Common_Rust,1,256,256,68.134765625,70.72474670410156,validation
archive/data/Common_Rust/Corn_Common_Rust (219).JPG,Common_Rust,1,256,256,75.2060546875,75.12956237792969,train
archive/data/Common_Rust/Corn_Common_Rust (22).jpg,Common_Rust,1,2048,1536,116.31396484375,41.46358489990234,train
archive/data/Common_Rust/Corn_Common_Rust (220).JPG,Common_Rust,1,256,256,97.522705078125,79.65056610107422,validation
archive/data/Common_Rust/Corn_Common_Rust (221).JPG,Common_Rust,1,256,256,121.39208984375,73.48947143554688,validation
archive/data/Common_Rust/Corn_Common_Rust (222).JPG,Common_Rust,1,256,256,75.952880859375,80.23811340332031,train
archive/data/Common_Rust/Corn_Common_Rust (223).JPG,Common_Rust,1,256,256,112.33935546875,66.48236846923828,train
archive/data/Common_Rust/Corn_Common_Rust (224).JPG,Common_Rust,1,256,256,80.71142578125,66.8537826538086,validation
archive/data/Common_Rust/Corn_Common_Rust (225).JPG,Common_Rust,1,256,256,91.3583984375,65.36817169189453,train
archive/data/Common_Rust/Corn_Common_Rust (226).JPG,Common_Rust,1,256,256,88.260986328125,51.78839874267578,train
archive/data/Common_Rust/Corn_Common_Rust (227).JPG,Common_Rust,1,256,256,99.86376953125,54.817832946777344,train
archive/data/Common_Rust/Corn_Common_Rust (228).JPG,Common_Rust,1,256,256,90.447021484375,61.68939208984375,train
archive/data/Common_Rust/Corn_Common_Rust (229).JPG,Common_Rust,1,256,256,86.736572265625,64.72972869873047,validation
archive/data/Common_Rust/Corn_Common_Rust (23).jpg,Common_Rust,1,2592,1728,154.335205078125,32.41962432861328,train
archive/data/Common_Rust/Corn_Common_Rust (230).JPG,Common_Rust,1,256,256,83.91455078125,61.29631042480469,train
archive/data/Common_Rust/Corn_Common_Rust (231).JPG,Common_Rust,1,256,256,91.2734375,67.31067657470703,train
archive/data/Common_Rust/Corn_Common_Rust (232).JPG,Common_Rust,1,256,256,66.447265625,58.8936882019043,test
archive/data/Common_Rust/Corn_Common_Rust (233).JPG,Common_Rust,1,256,256,91.280517578125,62.39902114868164,test
archive/data/Common_Rust/Corn_Common_Rust (234).JPG,Common_Rust,1,256,256,97.7392578125,71.22811889648438,train
archive/data/Common_Rust/Corn_Common_Rust (235).JPG,Common_Rust,1,256,256,110.41552734375,56.22138214111328,validation
archive/data/Common_Rust/Corn_Common_Rust (236).JPG,Common_Rust,1,256,256,78.1416015625,68.23301696777344,train
archive/data/Common_Rust/Corn_Common_Rust (237).JPG,Common_Rust,1,256,256,87.4521484375,59.39204025268555,train
archive/data/Common_Rust/Corn_Common_Rust (238).JPG,Common_Rust,1,256,256,90.95751953125,78.28152465820312,train
archive/data/Common_Rust/Corn_Common_Rust (239).JPG,Common_Rust,1,256,256,78.61572265625,72.63131713867188,validation
archive/data/Common_Rust/Corn_Common_Rust (24).jpg,Common_Rust,1,1000,573,149.687255859375,42.99189376831055,validation
archive/data/Common_Rust/Corn_Common_Rust (240).JPG,Common_Rust,1,256,256,60.684326171875,70.611328125,test
archive/data/Common_Rust/Corn_Common_Rust (241).JPG,Common_Rust,1,256,256,91.710693359375,69.34109497070312,train
archive/data/Common_Rust/Corn_Common_Rust (242).JPG,Common_Rust,1,256,256,99.89306640625,61.17061233520508,train
archive/data/Common_Rust/Corn_Common_Rust (243).JPG,Common_Rust,1,256,256,76.88818359375,70.16065216064453,train
archive/data/Common_Rust/Corn_Common_Rust (244).JPG,Common_Rust,1,256,256,53.0087890625,53.9379997253418,test
archive/data/Common_Rust/Corn_Common_Rust (245).JPG,Common_Rust,1,256,256,111.466552734375,91.90670013427734,train
archive/data/Common_Rust/Corn_Common_Rust (246).JPG,Common_Rust,1,256,256,80.380615234375,71.32687377929688,train
archive/data/Common_Rust/Corn_Common_Rust (247).JPG,Common_Rust,1,256,256,109.7109375,75.9095458984375,validation
archive/data/Common_Rust/Corn_Common_Rust (248).JPG,Common_Rust,1,256,256,96.9521484375,77.3628158569336,test
archive/data/Common_Rust/Corn_Common_Rust (249).JPG,Common_Rust,1,256,256,81.15673828125,60.83341598510742,test
archive/data/Common_Rust/Corn_Common_Rust (25).jpg,Common_Rust,1,748,540,115.184326171875,68.42708587646484,train
archive/data/Common_Rust/Corn_Common_Rust (250).JPG,Common_Rust,1,256,256,77.22705078125,66.16658020019531,train
archive/data/Common_Rust/Corn_Common_Rust (251).JPG,Common_Rust,1,256,256,95.77880859375,66.37852478027344,test
archive/data/Common_Rust/Corn_Common_Rust (252).JPG,Common_Rust,1,256,256,112.8251953125,72.15023803710938,test
archive/data/Common_Rust/Corn_Common_Rust (253).JPG,Common_Rust,1,256,256,69.16552734375,78.32479095458984,train
archive/data/Common_Rust/Corn_Common_Rust (254).JPG,Common_Rust,1,256,256,59.494140625,57.50666809082031,train
archive/data/Common_Rust/Corn_Common_Rust (255).JPG,Common_Rust,1,256,256,56.4404296875,76.73236083984375,train
archive/data/Common_Rust/Corn_Common_Rust (256).JPG,Common_Rust,1,256,256,100.336669921875,68.22952270507812,train
archive/data/Common_Rust/Corn_Common_Rust (257).JPG,Common_Rust,1,256,256,64.469970703125,69.5450668334961,test
archive/data/Common_Rust/Corn_Common_Rust (258).JPG,Common_Rust,1,256,256,84.7421875,74.50486755371094,train
archive/data/Common_Rust/Corn_Common_Rust (259).JPG,Common_Rust,1,256,256,98.4248046875,77.1540756225586,validation
archive/data/Common_Rust/Corn_Common_Rust (26).jpg,Common_Rust,1,375,255,92.265380859375,70.57588195800781,test
archive/data/Common_Rust/Corn_Common_Rust (260).JPG,Common_Rust,1,256,256,84.057373046875,63.63136672973633,test
archive/data/Common_Rust/Corn_Common_Rust (261).JPG,Common_Rust,1,256,256,98.282958984375,70.91180419921875,train
archive/data/Common_Rust/Corn_Common_Rust (262).JPG,Common_Rust,1,256,256,87.69775390625,68.81888580322266,train
archive/data/Common_Rust/Corn_Common_Rust (263).JPG,Common_Rust,1,256,256,70.4248046875,66.63478088378906,train
archive/data/Common_Rust/Corn_Common_Rust (264).JPG,Common_Rust,1,256,256,82.660400390625,64.72084045410156,train
archive/data/Common_Rust/Corn_Common_Rust (265).JPG,Common_Rust,1,256,256,107.155517578125,62.12523651123047,validation
archive/data/Common_Rust/Corn_Common_Rust (266).JPG,Common_Rust,1,256,256,73.4111328125,57.57458114624024,train
archive/data/Common_Rust/Corn_Common_Rust (267).JPG,Common_Rust,1,256,256,77.952392578125,64.3560791015625,validation
archive/data/Common_Rust/Corn_Common_Rust (268).JPG,Common_Rust,1,256,256,94.050537109375,61.41497421264648,train
archive/data/Common_Rust/Corn_Common_Rust (269).JPG,Common_Rust,1,256,256,97.1728515625,50.78683471679688,validation
archive/data/Common_Rust/Corn_Common_Rust (27).jpg,Common_Rust,1,774,528,119.869384765625,67.9388427734375,test
archive/data/Common_Rust/Corn_Common_Rust (270).JPG,Common_Rust,1,256,256,82.8974609375,64.5788345336914,test
archive/data/Common_Rust/Corn_Common_Rust (271).JPG,Common_Rust,1,256,256,67.249267578125,67.24388122558594,train
archive/data/Common_Rust/Corn_Common_Rust (272).JPG,Common_Rust,1,256,256,80.19580078125,64.47126770019531,train
archive/data/Common_Rust/Corn_Common_Rust (273).JPG,Common_Rust,1,256,256,80.391357421875,62.43903350830078,validation
archive/data/Common_Rust/Corn_Common_Rust (274).JPG,Common_Rust,1,256,256,88.252197265625,62.434608459472656,train
archive/data/Common_Rust/Corn_Common_Rust (275).JPG,Common_Rust,1,256,256,59.1240234375,60.63973236083984,train
archive/data/Common_Rust/Corn_Common_Rust (276).JPG,Common_Rust,1,256,256,100.46630859375,61.31319427490234,test
archive/data/Common_Rust/Corn_Common_Rust (277).JPG,Common_Rust,1,256,256,65.170654296875,66.25341796875,train
archive/data/Common_Rust/Corn_Common_Rust (278).JPG,Common_Rust,1,256,256,100.764404296875,56.22029113769531,validation
archive/data/Common_Rust/Corn_Common_Rust (279).JPG,Common_Rust,1,256,256,79.95458984375,69.35346984863281,test
archive/data/Common_Rust/Corn_Common_Rust (28).jpg,Common_Rust,1,1278,958,140.721435546875,38.81886291503906,validation
archive/data/Common_Rust/Corn_Common_Rust (280).JPG,Common_Rust,1,256,256,74.503662109375,73.24837493896484,train
archive/data/Common_Rust/Corn_Common_Rust (281).JPG,Common_Rust,1,256,256,78.6962890625,72.15888214111328,test
archive/data/Common_Rust/Corn_Common_Rust (282).JPG,Common_Rust,1,256,256,68.08251953125,65.82695007324219,validation
archive/data/Common_Rust/Corn_Common_Rust (283).JPG,Common_Rust,1,256,256,84.90380859375,67.2150650024414,train
archive/data/Common_Rust/Corn_Common_Rust (284).JPG,Common_Rust,1,256,256,99.3583984375,57.3140754699707,train
archive/data/Common_Rust/Corn_Common_Rust (285).JPG,Common_Rust,1,256,256,72.88427734375,71.31717681884766,train
archive/data/Common_Rust/Corn_Common_Rust (286).JPG,Common_Rust,1,256,256,90.003173828125,60.19390869140625,test
archive/data/Common_Rust/Corn_Common_Rust (287).JPG,Common_Rust,1,256,256,96.283203125,75.96237182617188,test
archive/data/Common_Rust/Corn_Common_Rust (288).JPG,Common_Rust,1,256,256,78.409423828125,65.53316497802734,test
archive/data/Common_Rust/Corn_Common_Rust (289).JPG,Common_Rust,1,256,256,90.84375,72.14209747314453,validation
archive/data/Common_Rust/Corn_Common_Rust (29).jpg,Common_Rust,1,300,225,140.216796875,38.78278350830078,train
archive/data/Common_Rust/Corn_Common_Rust (290).JPG,Common_Rust,1,256,256,91.359130859375,67.81459045410156,train
archive/data/Common_Rust/Corn_Common_Rust (291).JPG,Common_Rust,1,256,256,100.001708984375,65.44156646728516,test
archive/data/Common_Rust/Corn_Common_Rust (292).JPG,Common_Rust,1,256,256,77.298828125,73.01716613769531,train
archive/data/Common_Rust/Corn_Common_Rust (293).JPG,Common_Rust,1,256,256,82.596435546875,67.178955078125,train
archive/data/Common_Rust/Corn_Common_Rust (294).JPG,Common_Rust,1,256,256,112.02685546875,62.64754104614258,test
archive/data/Common_Rust/Corn_Common_Rust (295).JPG,Common_Rust,1,256,256,81.9931640625,69.3846664428711,test
archive/data/Common_Rust/Corn_Common_Rust (296).JPG,Common_Rust,1,256,256,93.753173828125,72.23247528076172,validation
archive/data/Common_Rust/Corn_Common_Rust (297).JPG,Common_Rust,1,256,256,78.521240234375,85.2540512084961,train
archive/data/Common_Rust/Corn_Common_Rust (298).JPG,Common_Rust,1,256,256,103.321044921875,77.41482543945312,train
archive/data/Common_Rust/Corn_Common_Rust (299).JPG,Common_Rust,1,256,256,91.475341796875,74.4013442993164,train
archive/data/Common_Rust/Corn_Common_Rust (3).jpg,Common_Rust,1,432,287,113.72607421875,45.36697006225586,validation
archive/data/Common_Rust/Corn_Common_Rust (30).jpg,Common_Rust,1,672,832,125.28759765625,37.19453430175781,train
archive/data/Common_Rust/Corn_Common_Rust (300).JPG,Common_Rust,1,256,256,98.638427734375,71.13733673095703,train
archive/data/Common_Rust/Corn_Common_Rust (301).JPG,Common_Rust,1,256,256,74.730224609375,74.58804321289062,train
archive/data/Common_Rust/Corn_Common_Rust (302).JPG,Common_Rust,1,256,256,89.33251953125,70.98631286621094,train
archive/data/Common_Rust/Corn_Common_Rust (303).JPG,Common_Rust,1,256,256,97.058349609375,64.09860229492188,train
archive/data/Common_Rust/Corn_Common_Rust (304).JPG,Common_Rust,1,256,256,83.03271484375,67.8863525390625,train
archive/data/Common_Rust/Corn_Common_Rust (305).JPG,Common_Rust,1,256,256,79.649658203125,66.9412612915039,train
archive/data/Common_Rust/Corn_Common_Rust (306).JPG,Common_Rust,1,256,256,102.211669921875,61.23566436767578,test
archive/data/Common_Rust/Corn_Common_Rust (307).JPG,Common_Rust,1,256,256,97.56298828125,70.50667572021484,test
archive/data/Common_Rust/Corn_Common_Rust (308).JPG,Common_Rust,1,256,256,56.535400390625,61.74103927612305,train
archive/data/Common_Rust/Corn_Common_Rust (309).JPG,Common_Rust,1,256,256,70.304443359375,68.07787322998047,test
archive/data/Common_Rust/Corn_Common_Rust (31).jpg,Common_Rust,1,1500,1125,116.87548828125,37.616024017333984,train
archive/data/Common_Rust/Corn_Common_Rust (310).JPG,Common_Rust,1,256,256,103.1669921875,54.95133972167969,validation
archive/data/Common_Rust/Corn_Common_Rust (311).JPG,Common_Rust,1,256,256,82.84423828125,69.47259521484375,train
archive/data/Common_Rust/Corn_Common_Rust (312).JPG,Common_Rust,1,256,256,78.167236328125,66.81390380859375,train
archive/data/Common_Rust/Corn_Common_Rust (313).JPG,Common_Rust,1,256,256,96.535888671875,68.85565948486328,test
archive/data/Common_Rust/Corn_Common_Rust (314).JPG,Common_Rust,1,256,256,109.25732421875,51.91392135620117,train
archive/data/Common_Rust/Corn_Common_Rust (315).JPG,Common_Rust,1,256,256,109.044921875,60.76969146728516,validation
archive/data/Common_Rust/Corn_Common_Rust (316).JPG,Common_Rust,1,256,256,78.730224609375,70.45802307128906,train
archive/data/Common_Rust/Corn_Common_Rust (317).JPG,Common_Rust,1,256,256,115.92333984375,65.32039642333984,test
archive/data/Common_Rust/Corn_Common_Rust (318).JPG,Common_Rust,1,256,256,109.654541015625,47.09996032714844,test
archive/data/Common_Rust/Corn_Common_Rust (319).JPG,Common_Rust,1,256,256,96.953125,55.9405517578125,train
archive/data/Common_Rust/Corn_Common_Rust (32).jpg,Common_Rust,1,960,720,146.528076171875,39.134765625,train
archive/data/Common_Rust/Corn_Common_Rust (320).JPG,Common_Rust,1,256,256,84.0302734375,67.01071166992188,train
archive/data/Common_Rust/Corn_Common_Rust (321).JPG,Common_Rust,1,256,256,90.451904296875,62.71548461914063,validation
archive/data/Common_Rust/Corn_Common_Rust (322).JPG,Common_Rust,1,256,256,92.536376953125,61.688697814941406,train
archive/data/Common_Rust/Corn_Common_Rust (323).JPG,Common_Rust,1,256,256,105.24072265625,63.669769287109375,train
archive/data/Common_Rust/Corn_Common_Rust (324).JPG,Common_Rust,1,256,256,94.016845703125,66.41795349121094,train
archive/data/Common_Rust/Corn_Common_Rust (325).JPG,Common_Rust,1,256,256,82.333984375,71.91278839111328,validation
archive/data/Common_Rust/Corn_Common_Rust (326).JPG,Common_Rust,1,256,256,92.0,66.48777770996094,test
archive/data/Common_Rust/Corn_Common_Rust (327).JPG,Common_Rust,1,256,256,110.349853515625,59.5229606628418,train
archive/data/Common_Rust/Corn_Common_Rust (328).JPG,Common_Rust,1,256,256,94.92138671875,55.10166931152344,validation
archive/data/Common_Rust/Corn_Common_Rust (329).JPG,Common_Rust,1,256,256,87.10546875,63.33713150024414,train
archive/data/Common_Rust/Corn_Common_Rust (33).jpg,Common_Rust,1,750,350,122.567626953125,40.366119384765625,train
archive/data/Common_Rust/Corn_Common_Rust (330).JPG,Common_Rust,1,256,256,83.87060546875,68.83320617675781,train
archive/data/Common_Rust/Corn_Common_Rust (331).JPG,Common_Rust,1,256,256,100.60693359375,59.91938018798828,train
archive/data/Common_Rust/Corn_Common_Rust (332).JPG,Common_Rust,1,256,256,99.79638671875,47.2918815612793,test
archive/data/Common_Rust/Corn_Common_Rust (333).JPG,Common_Rust,1,256,256,85.75927734375,72.43096160888672,train
archive/data/Common_Rust/Corn_Common_Rust (334).JPG,Common_Rust,1,256,256,113.35498046875,53.8327522277832,train
archive/data/Common_Rust/Corn_Common_Rust (335).JPG,Common_Rust,1,256,256,95.966796875,49.40571594238281,test
archive/data/Common_Rust/Corn_Common_Rust (336).JPG,Common_Rust,1,256,256,100.477783203125,54.76521682739258,validation
archive/data/Common_Rust/Corn_Common_Rust (337).JPG,Common_Rust,1,256,256,86.012939453125,72.00410461425781,train
archive/data/Common_Rust/Corn_Common_Rust (338).JPG,Common_Rust,1,256,256,98.97265625,55.77632522583008,test
archive/data/Common_Rust/Corn_Common_Rust (339).JPG,Common_Rust,1,256,256,86.39306640625,56.73836135864258,train
archive/data/Common_Rust/Corn_Common_Rust (34).jpg,Common_Rust,1,400,268,104.364501953125,48.23542022705078,test
archive/data/Common_Rust/Corn_Common_Rust (340).JPG,Common_Rust,1,256,256,89.358642578125,62.5889892578125,validation
archive/data/Common_Rust/Corn_Common_Rust (341).JPG,Common_Rust,1,256,256,97.82763671875,62.64888381958008,train
archive/data/Common_Rust/Corn_Common_Rust (342).JPG,Common_Rust,1,256,256,92.327392578125,62.76387405395508,train
archive/data/Common_Rust/Corn_Common_Rust (343).JPG,Common_Rust,1,256,256,87.5927734375,65.30287170410156,train
archive/data/Common_Rust/Corn_Common_Rust (344).JPG,Common_Rust,1,256,256,93.73291015625,54.33121871948242,test
archive/data/Common_Rust/Corn_Common_Rust (345).JPG,Common_Rust,1,256,256,102.108642578125,46.24227142333984,train
archive/data/Common_Rust/Corn_Common_Rust (346).JPG,Common_Rust,1,256,256,88.0439453125,68.29945373535156,test
archive/data/Common_Rust/Corn_Common_Rust (347).JPG,Common_Rust,1,256,256,83.034423828125,71.7784652709961,train
archive/data/Common_Rust/Corn_Common_Rust (348).JPG,Common_Rust,1,256,256,70.74951171875,71.70431518554688,test
archive/data/Common_Rust/Corn_Common_Rust (349).JPG,Common_Rust,1,256,256,103.647705078125,54.36283493041992,train
archive/data/Common_Rust/Corn_Common_Rust (35).jpg,Common_Rust,1,750,350,132.33984375,51.87024688720703,test
archive/data/Common_Rust/Corn_Common_Rust (350).JPG,Common_Rust,1,256,256,78.78271484375,68.8911361694336,train
archive/data/Common_Rust/Corn_Common_Rust (351).JPG,Common_Rust,1,256,256,86.795166015625,71.28351593017578,train
archive/data/Common_Rust/Corn_Common_Rust (352).JPG,Common_Rust,1,256,256,93.811767578125,71.33293914794922,train
archive/data/Common_Rust/Corn_Common_Rust (353).JPG,Common_Rust,1,256,256,107.4443359375,54.13547897338867,train
archive/data/Common_Rust/Corn_Common_Rust (354).JPG,Common_Rust,1,256,256,71.295654296875,59.22050857543945,validation
archive/data/Common_Rust/Corn_Common_Rust (355).JPG,Common_Rust,1,256,256,83.28173828125,61.58518600463867,validation
archive/data/Common_Rust/Corn_Common_Rust (356).JPG,Common_Rust,1,256,256,79.27099609375,50.34030532836914,validation
archive/data/Common_Rust/Corn_Common_Rust (357).JPG,Common_Rust,1,256,256,88.680419921875,54.616790771484375,test
archive/data/Common_Rust/Corn_Common_Rust (358).JPG,Common_Rust,1,256,256,92.4375,58.18984222412109,train
archive/data/Common_Rust/Corn_Common_Rust (359).JPG,Common_Rust,1,256,256,85.2958984375,62.76915740966797,test
archive/data/Common_Rust/Corn_Common_Rust (36).jpg,Common_Rust,1,750,350,107.267822265625,46.503719329833984,train
archive/data/Common_Rust/Corn_Common_Rust (360).JPG,Common_Rust,1,256,256,113.723388671875,54.165321350097656,train
archive/data/Common_Rust/Corn_Common_Rust (361).JPG,Common_Rust,1,256,256,87.89208984375,52.2629508972168,train
archive/data/Common_Rust/Corn_Common_Rust (362).JPG,Common_Rust,1,256,256,110.855712890625,56.2967414855957,train
archive/data/Common_Rust/Corn_Common_Rust (363).JPG,Common_Rust,1,256,256,117.74072265625,53.28341674804688,validation
archive/data/Common_Rust/Corn_Common_Rust (364).JPG,Common_Rust,1,256,256,96.688232421875,58.59645080566406,validation
archive/data/Common_Rust/Corn_Common_Rust (365).JPG,Common_Rust,1,256,256,86.79052734375,62.34856414794922,train
archive/data/Common_Rust/Corn_Common_Rust (366).JPG,Common_Rust,1,256,256,76.926513671875,58.5689811706543,train
archive/data/Common_Rust/Corn_Common_Rust (367).JPG,Common_Rust,1,256,256,59.16015625,56.16021347045898,validation
archive/data/Common_Rust/Corn_Common_Rust (368).JPG,Common_Rust,1,256,256,97.41064453125,45.05189514160156,train
archive/data/Common_Rust/Corn_Common_Rust (369).JPG,Common_Rust,1,256,256,107.93115234375,49.20656967163086,train
archive/data/Common_Rust/Corn_Common_Rust (37).jpg,Common_Rust,1,750,350,124.30908203125,46.37343597412109,test
archive/data/Common_Rust/Corn_Common_Rust (370).JPG,Common_Rust,1,256,256,101.46337890625,62.673561096191406,train
archive/data/Common_Rust/Corn_Common_Rust (371).JPG,Common_Rust,1,256,256,55.391845703125,66.15714263916016,train
archive/data/Common_Rust/Corn_Common_Rust (372).JPG,Common_Rust,1,256,256,99.359130859375,60.35269165039063,train
archive/data/Common_Rust/Corn_Common_Rust (373).JPG,Common_Rust,1,256,256,100.0419921875,62.989627838134766,train
archive/data/Common_Rust/Corn_Common_Rust (374).JPG,Common_Rust,1,256,256,73.64013671875,57.56339645385742,train
archive/data/Common_Rust/Corn_Common_Rust (375).JPG,Common_Rust,1,256,256,97.60400390625,61.41979598999024,test
archive/data/Common_Rust/Corn_Common_Rust (376).JPG,Common_Rust,1,256,256,81.423583984375,76.32059478759766,train
archive/data/Common_Rust/Corn_Common_Rust (377).JPG,Common_Rust,1,256,256,80.84521484375,64.01224517822266,train
archive/data/Common_Rust/Corn_Common_Rust (378).JPG,Common_Rust,1,256,256,86.488525390625,61.52264404296875,train
archive/data/Common_Rust/Corn_Common_Rust (379).JPG,Common_Rust,1,256,256,89.488037109375,75.19544982910156,train
archive/data/Common_Rust/Corn_Common_Rust (38).jpg,Common_Rust,1,750,350,105.79248046875,40.92135238647461,train
archive/data/Common_Rust/Corn_Common_Rust (380).JPG,Common_Rust,1,256,256,71.07568359375,69.96830749511719,test
archive/data/Common_Rust/Corn_Common_Rust (381).JPG,Common_Rust,1,256,256,64.599609375,52.176116943359375,train
archive/data/Common_Rust/Corn_Common_Rust (382).JPG,Common_Rust,1,256,256,105.82861328125,46.30600357055664,validation
archive/data/Common_Rust/Corn_Common_Rust (383).JPG,Common_Rust,1,256,256,91.0078125,65.77367401123047,train
archive/data/Common_Rust/Corn_Common_Rust (384).JPG,Common_Rust,1,256,256,107.499267578125,64.685302734375,test
archive/data/Common_Rust/Corn_Common_Rust (385).JPG,Common_Rust,1,256,256,86.33984375,65.00640869140625,train
archive/data/Common_Rust/Corn_Common_Rust (386).JPG,Common_Rust,1,256,256,91.0634765625,66.84944915771484,test
archive/data/Common_Rust/Corn_Common_Rust (387).JPG,Common_Rust,1,256,256,91.865966796875,68.34002685546875,train
archive/data/Common_Rust/Corn_Common_Rust (388).JPG,Common_Rust,1,256,256,87.40478515625,69.31974029541016,validation
archive/data/Common_Rust/Corn_Common_Rust (389).JPG,Common_Rust,1,256,256,94.8955078125,71.99291229248047,validation
archive/data/Common_Rust/Corn_Common_Rust (39).jpg,Common_Rust,1,1440,2560,103.88134765625,26.59004211425781,train
archive/data/Common_Rust/Corn_Common_Rust (390).JPG,Common_Rust,1,256,256,109.76611328125,63.502044677734375,train
archive/data/Common_Rust/Corn_Common_Rust (391).JPG,Common_Rust,1,256,256,101.244873046875,59.45079803466797,train
archive/data/Common_Rust/Corn_Common_Rust (392).JPG,Common_Rust,1,256,256,83.457763671875,71.21707916259766,train
archive/data/Common_Rust/Corn_Common_Rust (393).JPG,Common_Rust,1,256,256,85.70166015625,72.29570770263672,validation
archive/data/Common_Rust/Corn_Common_Rust (394).JPG,Common_Rust,1,256,256,73.623046875,64.70578002929688,test
archive/data/Common_Rust/Corn_Common_Rust (395).JPG,Common_Rust,1,256,256,105.89013671875,50.98244094848633,validation
archive/data/Common_Rust/Corn_Common_Rust (396).JPG,Common_Rust,1,256,256,71.798583984375,66.17186737060547,train
archive/data/Common_Rust/Corn_Common_Rust (397).JPG,Common_Rust,1,256,256,83.78955078125,61.19026184082031,train
archive/data/Common_Rust/Corn_Common_Rust (398).JPG,Common_Rust,1,256,256,87.041015625,66.917236328125,train
archive/data/Common_Rust/Corn_Common_Rust (399).JPG,Common_Rust,1,256,256,106.006103515625,55.48151397705078,validation
archive/data/Common_Rust/Corn_Common_Rust (4).jpg,Common_Rust,1,432,268,126.2314453125,22.992582321166992,validation
archive/data/Common_Rust/Corn_Common_Rust (40).jpg,Common_Rust,1,388,257,126.3359375,35.94417190551758,test
archive/data/Common_Rust/Corn_Common_Rust (400).JPG,Common_Rust,1,256,256,100.378173828125,59.5278205871582,validation
archive/data/Common_Rust/Corn_Common_Rust (401).JPG,Common_Rust,1,256,256,89.22314453125,58.17941284179688,test
archive/data/Common_Rust/Corn_Common_Rust (402).JPG,Common_Rust,1,256,256,66.8349609375,60.1497917175293,train
archive/data/Common_Rust/Corn_Common_Rust (403).JPG,Common_Rust,1,256,256,74.858642578125,56.99803161621094,train
archive/data/Common_Rust/Corn_Common_Rust (404).JPG,Common_Rust,1,256,256,108.605712890625,46.17184066772461,test
archive/data/Common_Rust/Corn_Common_Rust (405).JPG,Common_Rust,1,256,256,65.27294921875,57.9586296081543,train
archive/data/Common_Rust/Corn_Common_Rust (406).JPG,Common_Rust,1,256,256,111.45849609375,51.26516342163086,train
archive/data/Common_Rust/Corn_Common_Rust (407).JPG,Common_Rust,1,256,256,89.222900390625,63.40639114379883,test
archive/data/Common_Rust/Corn_Common_Rust (408).JPG,Common_Rust,1,256,256,87.88525390625,63.84189987182617,train
archive/data/Common_Rust/Corn_Common_Rust (409).JPG,Common_Rust,1,256,256,108.514404296875,48.09305191040039,train
archive/data/Common_Rust/Corn_Common_Rust (41).jpg,Common_Rust,1,400,272,119.63916015625,54.86117935180664,validation
archive/data/Common_Rust/Corn_Common_Rust (410).JPG,Common_Rust,1,256,256,104.400390625,70.56620788574219,train
archive/data/Common_Rust/Corn_Common_Rust (411).JPG,Common_Rust,1,256,256,107.8857421875,73.46871948242188,test
archive/data/Common_Rust/Corn_Common_Rust (412).JPG,Common_Rust,1,256,256,64.39013671875,59.95879364013672,train
archive/data/Common_Rust/Corn_Common_Rust (413).JPG,Common_Rust,1,256,256,83.767822265625,68.20643615722656,test
archive/data/Common_Rust/Corn_Common_Rust (414).JPG,Common_Rust,1,256,256,98.746337890625,68.33336639404297,validation
archive/data/Common_Rust/Corn_Common_Rust (415).JPG,Common_Rust,1,256,256,74.095947265625,62.14045333862305,validation
archive/data/Common_Rust/Corn_Common_Rust (416).JPG,Common_Rust,1,256,256,100.905517578125,59.831275939941406,train
archive/data/Common_Rust/Corn_Common_Rust (417).JPG,Common_Rust,1,256,256,86.074462890625,70.37342071533203,validation
archive/data/Common_Rust/Corn_Common_Rust (418).JPG,Common_Rust,1,256,256,87.203857421875,68.1913070678711,test
archive/data/Common_Rust/Corn_Common_Rust (419).JPG,Common_Rust,1,256,256,113.013427734375,75.20710754394531,train
archive/data/Common_Rust/Corn_Common_Rust (42).jpg,Common_Rust,1,400,263,157.575439453125,32.964881896972656,test
archive/data/Common_Rust/Corn_Common_Rust (420).JPG,Common_Rust,1,256,256,97.601806640625,71.23271942138672,validation
archive/data/Common_Rust/Corn_Common_Rust (421).JPG,Common_Rust,1,256,256,98.449462890625,54.26103973388672,test
archive/data/Common_Rust/Corn_Common_Rust (422).JPG,Common_Rust,1,256,256,106.792724609375,46.523231506347656,validation
archive/data/Common_Rust/Corn_Common_Rust (423).JPG,Common_Rust,1,256,256,103.294189453125,67.50082397460938,train
archive/data/Common_Rust/Corn_Common_Rust (424).JPG,Common_Rust,1,256,256,87.031982421875,64.0381088256836,validation
archive/data/Common_Rust/Corn_Common_Rust (425).JPG,Common_Rust,1,256,256,91.202880859375,65.73898315429688,train
archive/data/Common_Rust/Corn_Common_Rust (426).JPG,Common_Rust,1,256,256,98.03369140625,59.53227233886719,train
archive/data/Common_Rust/Corn_Common_Rust (427).JPG,Common_Rust,1,256,256,65.05908203125,64.67001342773438,train
archive/data/Common_Rust/Corn_Common_Rust (428).JPG,Common_Rust,1,256,256,118.9970703125,44.981571197509766,train
archive/data/Common_Rust/Corn_Common_Rust (429).JPG,Common_Rust,1,256,256,105.599365234375,60.58633804321289,validation
archive/data/Common_Rust/Corn_Common_Rust (43).jpg,Common_Rust,1,300,386,113.159423828125,35.1539192199707,validation
archive/data/Common_Rust/Corn_Common_Rust (430).JPG,Common_Rust,1,256,256,119.837646484375,87.0128173828125,test
archive/data/Common_Rust/Corn_Common_Rust (431).JPG,Common_Rust,1,256,256,63.25830078125,78.99464416503906,train
archive/data/Common_Rust/Corn_Common_Rust (432).JPG,Common_Rust,1,256,256,105.439208984375,58.2840690612793,train
archive/data/Common_Rust/Corn_Common_Rust (433).JPG,Common_Rust,1,256,256,102.35205078125,59.66877365112305,train
archive/data/Common_Rust/Corn_Common_Rust (434).JPG,Common_Rust,1,256,256,109.328857421875,42.99599075317383,train
archive/data/Common_Rust/Corn_Common_Rust (435).JPG,Common_Rust,1,256,256,80.86376953125,73.67527770996094,train
archive/data/Common_Rust/Corn_Common_Rust (436).JPG,Common_Rust,1,256,256,112.334228515625,71.58222961425781,train
archive/data/Common_Rust/Corn_Common_Rust (437).JPG,Common_Rust,1,256,256,87.2724609375,73.80252075195312,train
archive/data/Common_Rust/Corn_Common_Rust (438).JPG,Common_Rust,1,256,256,94.07275390625,56.79201889038086,test
archive/data/Common_Rust/Corn_Common_Rust (439).JPG,Common_Rust,1,256,256,90.946044921875,47.04623031616211,train
archive/data/Common_Rust/Corn_Common_Rust (44).jpg,Common_Rust,1,313,386,118.982421875,34.44057846069336,train
archive/data/Common_Rust/Corn_Common_Rust (440).JPG,Common_Rust,1,256,256,87.74755859375,67.70262908935547,train
archive/data/Common_Rust/Corn_Common_Rust (441).JPG,Common_Rust,1,256,256,83.316162109375,65.52901458740234,test
archive/data/Common_Rust/Corn_Common_Rust (442).JPG,Common_Rust,1,256,256,110.16357421875,48.89019393920898,train
archive/data/Common_Rust/Corn_Common_Rust (443).JPG,Common_Rust,1,256,256,94.820068359375,58.19249725341797,train
archive/data/Common_Rust/Corn_Common_Rust (444).JPG,Common_Rust,1,256,256,96.16357421875,64.61016845703125,train
archive/data/Common_Rust/Corn_Common_Rust (445).JPG,Common_Rust,1,256,256,93.123291015625,61.33477783203125,test
archive/data/Common_Rust/Corn_Common_Rust (446).JPG,Common_Rust,1,256,256,91.86669921875,73.58931732177734,test
archive/data/Common_Rust/Corn_Common_Rust (447).JPG,Common_Rust,1,256,256,99.171875,66.46382141113281,validation
archive/data/Common_Rust/Corn_Common_Rust (448).JPG,Common_Rust,1,256,256,110.98095703125,48.59747695922852,train
archive/data/Common_Rust/Corn_Common_Rust (449).JPG,Common_Rust,1,256,256,102.125,43.03635025024414,validation
archive/data/Common_Rust/Corn_Common_Rust (45).jpg,Common_Rust,1,1000,750,121.63720703125,30.92043876647949,train
archive/data/Common_Rust/Corn_Common_Rust (450).JPG,Common_Rust,1,256,256,85.058837890625,63.540924072265625,train
archive/data/Common_Rust/Corn_Common_Rust (451).JPG,Common_Rust,1,256,256,107.291748046875,62.10499954223633,validation
archive/data/Common_Rust/Corn_Common_Rust (452).JPG,Common_Rust,1,256,256,105.9228515625,56.81097412109375,test
archive/data/Common_Rust/Corn_Common_Rust (453).JPG,Common_Rust,1,256,256,98.0458984375,48.53477478027344,train
archive/data/Common_Rust/Corn_Common_Rust (454).JPG,Common_Rust,1,256,256,97.47265625,56.92887878417969,train
archive/data/Common_Rust/Corn_Common_Rust (455).JPG,Common_Rust,1,256,256,73.525390625,58.86468505859375,train
archive/data/Common_Rust/Corn_Common_Rust (456).JPG,Common_Rust,1,256,256,74.274658203125,51.26239013671875,train
archive/data/Common_Rust/Corn_Common_Rust (457).JPG,Common_Rust,1,256,256,74.356201171875,59.49007415771485,train
archive/data/Common_Rust/Corn_Common_Rust (458).JPG,Common_Rust,1,256,256,43.217529296875,55.8868408203125,train
archive/data/Common_Rust/Corn_Common_Rust (459).JPG,Common_Rust,1,256,256,87.77392578125,54.10536956787109,train
archive/data/Common_Rust/Corn_Common_Rust (46).jpg,Common_Rust,1,1200,900,137.620361328125,28.333646774291992,train
archive/data/Common_Rust/Corn_Common_Rust (460).JPG,Common_Rust,1,256,256,93.56201171875,43.77034759521485,validation
archive/data/Common_Rust/Corn_Common_Rust (461).JPG,Common_Rust,1,256,256,74.83203125,70.16694641113281,validation
archive/data/Common_Rust/Corn_Common_Rust (462).JPG,Common_Rust,1,256,256,98.07763671875,79.18115997314453,test
archive/data/Common_Rust/Corn_Common_Rust (463).JPG,Common_Rust,1,256,256,90.8251953125,67.23336791992188,train
archive/data/Common_Rust/Corn_Common_Rust (464).JPG,Common_Rust,1,256,256,111.43017578125,55.44514465332031,test
archive/data/Common_Rust/Corn_Common_Rust (465).JPG,Common_Rust,1,256,256,96.611083984375,55.34402084350586,test
archive/data/Common_Rust/Corn_Common_Rust (466).JPG,Common_Rust,1,256,256,93.390625,62.739253997802734,train
archive/data/Common_Rust/Corn_Common_Rust (467).JPG,Common_Rust,1,256,256,71.457275390625,70.70301055908203,train
archive/data/Common_Rust/Corn_Common_Rust (468).JPG,Common_Rust,1,256,256,75.507568359375,70.2442398071289,train
archive/data/Common_Rust/Corn_Common_Rust (469).JPG,Common_Rust,1,256,256,89.82666015625,73.82843780517578,train
archive/data/Common_Rust/Corn_Common_Rust (47).jpg,Common_Rust,1,1333,1000,120.740478515625,63.93285751342773,train
archive/data/Common_Rust/Corn_Common_Rust (470).JPG,Common_Rust,1,256,256,114.837646484375,56.88047790527344,test
archive/data/Common_Rust/Corn_Common_Rust (471).JPG,Common_Rust,1,256,256,79.93798828125,63.30679321289063,validation
archive/data/Common_Rust/Corn_Common_Rust (472).JPG,Common_Rust,1,256,256,78.298583984375,69.71204376220703,train
archive/data/Common_Rust/Corn_Common_Rust (473).JPG,Common_Rust,1,256,256,84.522216796875,66.86479187011719,test
archive/data/Common_Rust/Corn_Common_Rust (474).JPG,Common_Rust,1,256,256,89.33203125,58.92313766479492,train
archive/data/Common_Rust/Corn_Common_Rust (475).JPG,Common_Rust,1,256,256,100.23779296875,68.39275360107422,train
archive/data/Common_Rust/Corn_Common_Rust (476).JPG,Common_Rust,1,256,256,88.521728515625,63.81449890136719,train
archive/data/Common_Rust/Corn_Common_Rust (477).JPG,Common_Rust,1,256,256,77.276611328125,62.70699691772461,train
archive/data/Common_Rust/Corn_Common_Rust (478).JPG,Common_Rust,1,256,256,102.63232421875,57.08740997314453,train
archive/data/Common_Rust/Corn_Common_Rust (479).JPG,Common_Rust,1,256,256,111.53759765625,59.4227180480957,validation
archive/data/Common_Rust/Corn_Common_Rust (48).jpg,Common_Rust,1,1200,900,117.219970703125,52.19041061401367,train
archive/data/Common_Rust/Corn_Common_Rust (480).JPG,Common_Rust,1,256,256,82.5859375,69.4922103881836,train
archive/data/Common_Rust/Corn_Common_Rust (481).JPG,Common_Rust,1,256,256,102.60888671875,56.16132354736328,test
archive/data/Common_Rust/Corn_Common_Rust (482).JPG,Common_Rust,1,256,256,96.032470703125,67.66693878173828,validation
archive/data/Common_Rust/Corn_Common_Rust (483).JPG,Common_Rust,1,256,256,116.82568359375,66.04885864257812,train
archive/data/Common_Rust/Corn_Common_Rust (484).JPG,Common_Rust,1,256,256,81.537841796875,70.23654174804688,validation
archive/data/Common_Rust/Corn_Common_Rust (485).JPG,Common_Rust,1,256,256,102.3544921875,63.08858489990234,train
archive/data/Common_Rust/Corn_Common_Rust (486).JPG,Common_Rust,1,256,256,83.430908203125,73.32144165039062,validation
archive/data/Common_Rust/Corn_Common_Rust (487).JPG,Common_Rust,1,256,256,82.891357421875,64.62042236328125,train
archive/data/Common_Rust/Corn_Common_Rust (488).JPG,Common_Rust,1,256,256,92.50927734375,65.7363510131836,validation
archive/data/Common_Rust/Corn_Common_Rust (489).JPG,Common_Rust,1,256,256,99.16259765625,56.39838790893555,test
archive/data/Common_Rust/Corn_Common_Rust (49).jpg,Common_Rust,1,1333,1000,113.20166015625,42.75361633300781,validation
archive/data/Common_Rust/Corn_Common_Rust (490).JPG,Common_Rust,1,256,256,101.89404296875,54.70416259765625,train
archive/data/Common_Rust/Corn_Common_Rust (491).JPG,Common_Rust,1,256,256,100.729248046875,59.09992980957031,train
archive/data/Common_Rust/Corn_Common_Rust (492).JPG,Common_Rust,1,256,256,81.969970703125,57.73795700073242,train
archive/data/Common_Rust/Corn_Common_Rust (493).JPG,Common_Rust,1,256,256,109.974365234375,61.85462188720703,train
archive/data/Common_Rust/Corn_Common_Rust (494).JPG,Common_Rust,1,256,256,108.338134765625,50.19524765014648,train
archive/data/Common_Rust/Corn_Common_Rust (495).JPG,Common_Rust,1,256,256,103.7060546875,63.19878768920898,train
archive/data/Common_Rust/Corn_Common_Rust (496).JPG,Common_Rust,1,256,256,85.0380859375,68.83637237548828,train
archive/data/Common_Rust/Corn_Common_Rust (497).JPG,Common_Rust,1,256,256,109.399169921875,66.62879943847656,validation
archive/data/Common_Rust/Corn_Common_Rust (498).JPG,Common_Rust,1,256,256,98.385986328125,59.01781845092773,test
archive/data/Common_Rust/Corn_Common_Rust (499).JPG,Common_Rust,1,256,256,102.052734375,65.19368743896484,validation
archive/data/Common_Rust/Corn_Common_Rust (5).jpg,Common_Rust,1,432,252,94.6396484375,44.969970703125,train
archive/data/Common_Rust/Corn_Common_Rust (50).jpg,Common_Rust,1,450,338,134.998779296875,36.16670989990234,train
archive/data/Common_Rust/Corn_Common_Rust (500).JPG,Common_Rust,1,256,256,97.03076171875,50.404747009277344,train
archive/data/Common_Rust/Corn_Common_Rust (501).JPG,Common_Rust,1,256,256,108.40234375,64.28486633300781,train
archive/data/Common_Rust/Corn_Common_Rust (502).JPG,Common_Rust,1,256,256,105.123779296875,59.74456405639648,train
archive/data/Common_Rust/Corn_Common_Rust (503).JPG,Common_Rust,1,256,256,118.879150390625,62.41465759277344,train
archive/data/Common_Rust/Corn_Common_Rust (504).JPG,Common_Rust,1,256,256,93.30615234375,62.98436737060547,train
archive/data/Common_Rust/Corn_Common_Rust (505).JPG,Common_Rust,1,256,256,95.853271484375,57.27397918701172,train
archive/data/Common_Rust/Corn_Common_Rust (506).JPG,Common_Rust,1,256,256,78.71826171875,69.31556701660156,train
archive/data/Common_Rust/Corn_Common_Rust (507).JPG,Common_Rust,1,256,256,98.342041015625,71.65257263183594,train
archive/data/Common_Rust/Corn_Common_Rust (508).JPG,Common_Rust,1,256,256,75.274658203125,49.58406448364258,test
archive/data/Common_Rust/Corn_Common_Rust (509).JPG,Common_Rust,1,256,256,56.060546875,42.83509826660156,train
archive/data/Common_Rust/Corn_Common_Rust (51).jpg,Common_Rust,1,480,360,122.201171875,35.324031829833984,train
archive/data/Common_Rust/Corn_Common_Rust (510).JPG,Common_Rust,1,256,256,92.03564453125,55.22711944580078,train
archive/data/Common_Rust/Corn_Common_Rust (511).JPG,Common_Rust,1,256,256,111.070556640625,46.84988021850586,train
archive/data/Common_Rust/Corn_Common_Rust (512).JPG,Common_Rust,1,256,256,68.213134765625,63.48264694213867,train
archive/data/Common_Rust/Corn_Common_Rust (513).JPG,Common_Rust,1,256,256,90.046875,66.98985290527344,validation
archive/data/Common_Rust/Corn_Common_Rust (514).JPG,Common_Rust,1,256,256,72.36962890625,50.43856430053711,train
archive/data/Common_Rust/Corn_Common_Rust (515).JPG,Common_Rust,1,256,256,46.091064453125,54.58319091796875,train
archive/data/Common_Rust/Corn_Common_Rust (516).JPG,Common_Rust,1,256,256,94.125244140625,56.51530838012695,validation
archive/data/Common_Rust/Corn_Common_Rust (517).JPG,Common_Rust,1,256,256,99.3623046875,57.60146713256836,test
archive/data/Common_Rust/Corn_Common_Rust (518).JPG,Common_Rust,1,256,256,95.048095703125,56.077110290527344,test
archive/data/Common_Rust/Corn_Common_Rust (519).JPG,Common_Rust,1,256,256,118.835205078125,39.91331100463867,test
archive/data/Common_Rust/Corn_Common_Rust (52).jpg,Common_Rust,1,563,1122,125.84619140625,35.00452423095703,train
archive/data/Common_Rust/Corn_Common_Rust (520).JPG,Common_Rust,1,256,256,105.85400390625,53.33185958862305,validation
archive/data/Common_Rust/Corn_Common_Rust (521).JPG,Common_Rust,1,256,256,89.42578125,61.51118469238281,test
archive/data/Common_Rust/Corn_Common_Rust (522).JPG,Common_Rust,1,256,256,97.696044921875,65.7388687133789,train
archive/data/Common_Rust/Corn_Common_Rust (523).JPG,Common_Rust,1,256,256,71.014892578125,70.83203125,train
archive/data/Common_Rust/Corn_Common_Rust (524).JPG,Common_Rust,1,256,256,89.148681640625,65.67288208007812,train
archive/data/Common_Rust/Corn_Common_Rust (525).JPG,Common_Rust,1,256,256,98.678466796875,57.04032516479492,train
archive/data/Common_Rust/Corn_Common_Rust (526).JPG,Common_Rust,1,256,256,91.15966796875,60.37408828735352,train
archive/data/Common_Rust/Corn_Common_Rust (527).JPG,Common_Rust,1,256,256,94.281005859375,60.41434097290039,train
archive/data/Common_Rust/Corn_Common_Rust (528).JPG,Common_Rust,1,256,256,97.87548828125,52.37949752807617,train
archive/data/Common_Rust/Corn_Common_Rust (529).JPG,Common_Rust,1,256,256,111.1015625,73.74542236328125,train
archive/data/Common_Rust/Corn_Common_Rust (53).jpg,Common_Rust,1,412,305,117.3984375,52.28340148925781,train
archive/data/Common_Rust/Corn_Common_Rust (530).JPG,Common_Rust,1,256,256,100.11865234375,66.83320617675781,train
archive/data/Common_Rust/Corn_Common_Rust (531).JPG,Common_Rust,1,256,256,91.185302734375,67.76136016845703,validation
archive/data/Common_Rust/Corn_Common_Rust (532).JPG,Common_Rust,1,256,256,103.864990234375,56.77122497558594,validation
archive/data/Common_Rust/Corn_Common_Rust (533).JPG,Common_Rust,1,256,256,64.610595703125,70.85968017578125,validation
archive/data/Common_Rust/Corn_Common_Rust (534).JPG,Common_Rust,1,256,256,127.36328125,50.04655075073242,train
archive/data/Common_Rust/Corn_Common_Rust (535).JPG,Common_Rust,1,256,256,108.287353515625,56.16093826293945,validation
archive/data/Common_Rust/Corn_Common_Rust (536).JPG,Common_Rust,1,256,256,77.190185546875,69.06798553466797,train
archive/data/Common_Rust/Corn_Common_Rust (537).JPG,Common_Rust,1,256,256,104.02197265625,58.33194351196289,train
archive/data/Common_Rust/Corn_Common_Rust (538).JPG,Common_Rust,1,256,256,99.82421875,63.179954528808594,train
archive/data/Common_Rust/Corn_Common_Rust (539).JPG,Common_Rust,1,256,256,91.20166015625,56.27536010742188,test
archive/data/Common_Rust/Corn_Common_Rust (54).jpg,Common_Rust,1,378,308,114.85302734375,61.83423614501953,validation
archive/data/Common_Rust/Corn_Common_Rust (540).JPG,Common_Rust,1,256,256,87.12109375,69.31451416015625,train
archive/data/Common_Rust/Corn_Common_Rust (541).JPG,Common_Rust,1,256,256,66.971435546875,74.30073547363281,test
archive/data/Common_Rust/Corn_Common_Rust (542).JPG,Common_Rust,1,256,256,95.83544921875,59.7316780090332,train
archive/data/Common_Rust/Corn_Common_Rust (543).JPG,Common_Rust,1,256,256,92.620849609375,65.78715515136719,train
archive/data/Common_Rust/Corn_Common_Rust (544).JPG,Common_Rust,1,256,256,105.767578125,74.9952621459961,train
archive/data/Common_Rust/Corn_Common_Rust (545).JPG,Common_Rust,1,256,256,88.516357421875,73.44456481933594,train
archive/data/Common_Rust/Corn_Common_Rust (546).JPG,Common_Rust,1,256,256,115.958984375,36.63184356689453,train
archive/data/Common_Rust/Corn_Common_Rust (547).JPG,Common_Rust,1,256,256,80.88623046875,58.33414077758789,train
archive/data/Common_Rust/Corn_Common_Rust (548).JPG,Common_Rust,1,256,256,83.904296875,57.97586441040039,train
archive/data/Common_Rust/Corn_Common_Rust (549).JPG,Common_Rust,1,256,256,81.045654296875,48.99982833862305,train
archive/data/Common_Rust/Corn_Common_Rust (55).jpg,Common_Rust,1,1080,660,113.916748046875,24.03986549377441,train
archive/data/Common_Rust/Corn_Common_Rust (550).JPG,Common_Rust,1,256,256,70.78076171875,65.92444610595703,train
archive/data/Common_Rust/Corn_Common_Rust (551).JPG,Common_Rust,1,256,256,121.28662109375,61.5678825378418,validation
archive/data/Common_Rust/Corn_Common_Rust (552).JPG,Common_Rust,1,256,256,102.59130859375,65.77806091308594,train
archive/data/Common_Rust/Corn_Common_Rust (553).JPG,Common_Rust,1,256,256,97.13916015625,60.91756820678711,train
archive/data/Common_Rust/Corn_Common_Rust (554).JPG,Common_Rust,1,256,256,107.193359375,61.54531097412109,train
archive/data/Common_Rust/Corn_Common_Rust (555).JPG,Common_Rust,1,256,256,97.74951171875,66.50193786621094,validation
archive/data/Common_Rust/Corn_Common_Rust (556).JPG,Common_Rust,1,256,256,87.99365234375,63.60721969604492,train
archive/data/Common_Rust/Corn_Common_Rust (557).JPG,Common_Rust,1,256,256,91.59619140625,55.75921249389648,validation
archive/data/Common_Rust/Corn_Common_Rust (558).JPG,Common_Rust,1,256,256,116.938232421875,54.90990829467773,validation
archive/data/Common_Rust/Corn_Common_Rust (559).JPG,Common_Rust,1,256,256,81.302490234375,57.92959976196289,train
archive/data/Common_Rust/Corn_Common_Rust (56).jpg,Common_Rust,1,500,375,117.019287109375,21.28967666625977,test
archive/data/Common_Rust/Corn_Common_Rust (560).JPG,Common_Rust,1,256,256,79.838623046875,59.23720932006836,validation
archive/data/Common_Rust/Corn_Common_Rust (561).JPG,Common_Rust,1,256,256,104.80126953125,57.67685317993164,train
archive/data/Common_Rust/Corn_Common_Rust (562).JPG,Common_Rust,1,256,256,99.962646484375,57.93864440917969,train
archive/data/Common_Rust/Corn_Common_Rust (563).JPG,Common_Rust,1,256,256,89.599365234375,67.0274658203125,train
archive/data/Common_Rust/Corn_Common_Rust (564).JPG,Common_Rust,1,256,256,101.18017578125,60.67153549194336,test
archive/data/Common_Rust/Corn_Common_Rust (565).JPG,Common_Rust,1,256,256,98.400390625,60.58414077758789,train
archive/data/Common_Rust/Corn_Common_Rust (566).JPG,Common_Rust,1,256,256,91.16064453125,63.70596694946289,train
archive/data/Common_Rust/Corn_Common_Rust (567).JPG,Common_Rust,1,256,256,114.040283203125,44.92028427124024,train
archive/data/Common_Rust/Corn_Common_Rust (568).JPG,Common_Rust,1,256,256,107.993896484375,69.31610870361328,train
archive/data/Common_Rust/Corn_Common_Rust (569).JPG,Common_Rust,1,256,256,85.314208984375,58.563323974609375,train
archive/data/Common_Rust/Corn_Common_Rust (57).jpg,Common_Rust,1,862,882,134.957763671875,39.72813034057617,validation
archive/data/Common_Rust/Corn_Common_Rust (570).JPG,Common_Rust,1,256,256,110.15966796875,62.40808868408203,validation
archive/data/Common_Rust/Corn_Common_Rust (571).JPG,Common_Rust,1,256,256,96.53662109375,62.12692642211914,train
archive/data/Common_Rust/Corn_Common_Rust (572).JPG,Common_Rust,1,256,256,107.6015625,64.55186462402344,train
archive/data/Common_Rust/Corn_Common_Rust (573).JPG,Common_Rust,1,256,256,134.89697265625,45.863059997558594,test
archive/data/Common_Rust/Corn_Common_Rust (574).JPG,Common_Rust,1,256,256,85.6162109375,69.06631469726562,train
archive/data/Common_Rust/Corn_Common_Rust (575).JPG,Common_Rust,1,256,256,103.52490234375,38.97593688964844,train
archive/data/Common_Rust/Corn_Common_Rust (576).JPG,Common_Rust,1,256,256,108.5419921875,36.63322830200195,train
archive/data/Common_Rust/Corn_Common_Rust (577).JPG,Common_Rust,1,256,256,82.64892578125,52.25924301147461,train
archive/data/Common_Rust/Corn_Common_Rust (578).JPG,Common_Rust,1,256,256,88.529296875,73.74290466308594,train
archive/data/Common_Rust/Corn_Common_Rust (579).JPG,Common_Rust,1,256,256,93.313232421875,69.34858703613281,train
archive/data/Common_Rust/Corn_Common_Rust (58).jpg,Common_Rust,1,350,466,148.8798828125,43.28464889526367,train
archive/data/Common_Rust/Corn_Common_Rust (580).JPG,Common_Rust,1,256,256,116.7119140625,67.17710876464844,test
archive/data/Common_Rust/Corn_Common_Rust (581).JPG,Common_Rust,1,256,256,97.39892578125,68.00694274902344,test
archive/data/Common_Rust/Corn_Common_Rust (582).JPG,Common_Rust,1,256,256,104.819580078125,67.62322998046875,train
archive/data/Common_Rust/Corn_Common_Rust (583).JPG,Common_Rust,1,256,256,114.88134765625,55.0562744140625,train
archive/data/Common_Rust/Corn_Common_Rust (584).JPG,Common_Rust,1,256,256,99.829345703125,65.5326919555664,test
archive/data/Common_Rust/Corn_Common_Rust (585).JPG,Common_Rust,1,256,256,105.955322265625,45.41925811767578,train
archive/data/Common_Rust/Corn_Common_Rust (586).JPG,Common_Rust,1,256,256,98.58154296875,62.64487075805664,train
archive/data/Common_Rust/Corn_Common_Rust (587).JPG,Common_Rust,1,256,256,77.401123046875,61.4219856262207,train
archive/data/Common_Rust/Corn_Common_Rust (588).JPG,Common_Rust,1,256,256,131.301025390625,26.641151428222656,train
archive/data/Common_Rust/Corn_Common_Rust (589).JPG,Common_Rust,1,256,256,103.1396484375,58.62238693237305,test
archive/data/Common_Rust/Corn_Common_Rust (59).jpg,Common_Rust,1,300,200,98.829345703125,53.27766799926758,test
archive/data/Common_Rust/Corn_Common_Rust (590).JPG,Common_Rust,1,256,256,98.074951171875,67.02228546142578,validation
archive/data/Common_Rust/Corn_Common_Rust (591).JPG,Common_Rust,1,256,256,99.596435546875,64.24556732177734,train
archive/data/Common_Rust/Corn_Common_Rust (592).JPG,Common_Rust,1,256,256,85.151123046875,60.92777633666992,test
archive/data/Common_Rust/Corn_Common_Rust (593).JPG,Common_Rust,1,256,256,90.26904296875,75.09442901611328,train
archive/data/Common_Rust/Corn_Common_Rust (594).JPG,Common_Rust,1,256,256,100.52978515625,72.0732421875,train
archive/data/Common_Rust/Corn_Common_Rust (595).JPG,Common_Rust,1,256,256,120.721435546875,55.831809997558594,validation
archive/data/Common_Rust/Corn_Common_Rust (596).JPG,Common_Rust,1,256,256,115.697998046875,40.77518844604492,test
archive/data/Common_Rust/Corn_Common_Rust (597).JPG,Common_Rust,1,256,256,95.033203125,64.47012329101562,test
archive/data/Common_Rust/Corn_Common_Rust (598).JPG,Common_Rust,1,256,256,83.80712890625,50.92781066894531,train
archive/data/Common_Rust/Corn_Common_Rust (599).JPG,Common_Rust,1,256,256,110.212646484375,59.2701530456543,test
archive/data/Common_Rust/Corn_Common_Rust (6).jpg,Common_Rust,1,432,309,152.425537109375,26.924297332763672,validation
archive/data/Common_Rust/Corn_Common_Rust (60).jpg,Common_Rust,1,507,297,105.76904296875,33.246517181396484,train
archive/data/Common_Rust/Corn_Common_Rust (600).JPG,Common_Rust,1,256,256,100.26025390625,58.67140579223633,validation
archive/data/Common_Rust/Corn_Common_Rust (601).JPG,Common_Rust,1,256,256,131.569580078125,85.9006118774414,train
archive/data/Common_Rust/Corn_Common_Rust (602).JPG,Common_Rust,1,256,256,116.452392578125,46.01858139038086,train
archive/data/Common_Rust/Corn_Common_Rust (603).JPG,Common_Rust,1,256,256,115.64794921875,35.45917510986328,train
archive/data/Common_Rust/Corn_Common_Rust (604).JPG,Common_Rust,1,256,256,103.471435546875,46.728126525878906,test
archive/data/Common_Rust/Corn_Common_Rust (605).JPG,Common_Rust,1,256,256,121.07958984375,46.174415588378906,train
archive/data/Common_Rust/Corn_Common_Rust (606).JPG,Common_Rust,1,256,256,94.353515625,65.45280456542969,test
archive/data/Common_Rust/Corn_Common_Rust (607).JPG,Common_Rust,1,256,256,79.537353515625,66.17852020263672,train
archive/data/Common_Rust/Corn_Common_Rust (608).JPG,Common_Rust,1,256,256,121.04052734375,57.37294769287109,train
archive/data/Common_Rust/Corn_Common_Rust (609).JPG,Common_Rust,1,256,256,105.9541015625,65.92665100097656,test
archive/data/Common_Rust/Corn_Common_Rust (61).jpg,Common_Rust,1,417,275,111.857421875,55.758094787597656,validation
archive/data/Common_Rust/Corn_Common_Rust (610).JPG,Common_Rust,1,256,256,100.2734375,66.38629913330078,train
archive/data/Common_Rust/Corn_Common_Rust (611).JPG,Common_Rust,1,256,256,83.076904296875,71.39307403564453,validation
archive/data/Common_Rust/Corn_Common_Rust (612).JPG,Common_Rust,1,256,256,70.984375,67.3099136352539,test
archive/data/Common_Rust/Corn_Common_Rust (613).JPG,Common_Rust,1,256,256,114.25146484375,49.41190719604492,validation
archive/data/Common_Rust/Corn_Common_Rust (614).JPG,Common_Rust,1,256,256,96.877685546875,51.21941757202149,train
archive/data/Common_Rust/Corn_Common_Rust (615).JPG,Common_Rust,1,256,256,104.5771484375,65.93402099609375,train
archive/data/Common_Rust/Corn_Common_Rust (616).JPG,Common_Rust,1,256,256,126.41064453125,44.27833557128906,train
archive/data/Common_Rust/Corn_Common_Rust (617).JPG,Common_Rust,1,256,256,114.436767578125,56.166011810302734,validation
archive/data/Common_Rust/Corn_Common_Rust (618).JPG,Common_Rust,1,256,256,107.22802734375,49.253074645996094,train
archive/data/Common_Rust/Corn_Common_Rust (619).JPG,Common_Rust,1,256,256,96.529541015625,59.84453582763672,test
archive/data/Common_Rust/Corn_Common_Rust (62).jpg,Common_Rust,1,2761,2027,101.7353515625,45.06867599487305,train
archive/data/Common_Rust/Corn_Common_Rust (620).JPG,Common_Rust,1,256,256,101.825439453125,47.33809280395508,test
archive/data/Common_Rust/Corn_Common_Rust (621).JPG,Common_Rust,1,256,256,92.093505859375,55.59065246582031,train
archive/data/Common_Rust/Corn_Common_Rust (622).JPG,Common_Rust,1,256,256,85.44873046875,63.1965217590332,train
archive/data/Common_Rust/Corn_Common_Rust (623).JPG,Common_Rust,1,256,256,86.35498046875,58.04821014404297,train
archive/data/Common_Rust/Corn_Common_Rust (624).JPG,Common_Rust,1,256,256,91.439208984375,53.85108184814453,validation
archive/data/Common_Rust/Corn_Common_Rust (625).JPG,Common_Rust,1,256,256,91.572509765625,63.9757194519043,train
archive/data/Common_Rust/Corn_Common_Rust (626).JPG,Common_Rust,1,256,256,95.579345703125,61.37554931640625,test
archive/data/Common_Rust/Corn_Common_Rust (627).JPG,Common_Rust,1,256,256,117.159423828125,62.9897575378418,train
archive/data/Common_Rust/Corn_Common_Rust (628).JPG,Common_Rust,1,256,256,101.55078125,62.76537322998047,train
archive/data/Common_Rust/Corn_Common_Rust (629).JPG,Common_Rust,1,256,256,107.15673828125,57.42042922973633,validation
archive/data/Common_Rust/Corn_Common_Rust (63).jpg,Common_Rust,1,1176,781,104.884033203125,52.51301956176758,train
archive/data/Common_Rust/Corn_Common_Rust (630).JPG,Common_Rust,1,256,256,103.031494140625,44.52493667602539,validation
archive/data/Common_Rust/Corn_Common_Rust (631).JPG,Common_Rust,1,256,256,82.25390625,65.4556655883789,train
archive/data/Common_Rust/Corn_Common_Rust (632).JPG,Common_Rust,1,256,256,86.841796875,65.45118713378906,test
archive/data/Common_Rust/Corn_Common_Rust (633).JPG,Common_Rust,1,256,256,119.767333984375,63.21587753295898,train
archive/data/Common_Rust/Corn_Common_Rust (634).JPG,Common_Rust,1,256,256,117.810302734375,57.63014221191406,train
archive/data/Common_Rust/Corn_Common_Rust (635).JPG,Common_Rust,1,256,256,81.617431640625,69.02129364013672,test
archive/data/Common_Rust/Corn_Common_Rust (636).JPG,Common_Rust,1,256,256,105.386474609375,42.83107376098633,train
archive/data/Common_Rust/Corn_Common_Rust (637).JPG,Common_Rust,1,256,256,85.363037109375,67.26162719726562,validation
archive/data/Common_Rust/Corn_Common_Rust (638).JPG,Common_Rust,1,256,256,88.111083984375,58.627662658691406,train
archive/data/Common_Rust/Corn_Common_Rust (639).JPG,Common_Rust,1,256,256,94.06982421875,51.08460998535156,train
archive/data/Common_Rust/Corn_Common_Rust (64).jpg,Common_Rust,1,1712,1368,138.559326171875,68.53390502929688,validation
archive/data/Common_Rust/Corn_Common_Rust (640).JPG,Common_Rust,1,256,256,74.914306640625,51.74756622314453,test
archive/data/Common_Rust/Corn_Common_Rust (641).JPG,Common_Rust,1,256,256,43.3056640625,36.87314987182617,train
archive/data/Common_Rust/Corn_Common_Rust (642).JPG,Common_Rust,1,256,256,71.8212890625,63.33279037475586,train
archive/data/Common_Rust/Corn_Common_Rust (643).JPG,Common_Rust,1,256,256,133.300048828125,53.93807220458984,test
archive/data/Common_Rust/Corn_Common_Rust (644).JPG,Common_Rust,1,256,256,123.9794921875,46.19342041015625,train
archive/data/Common_Rust/Corn_Common_Rust (645).JPG,Common_Rust,1,256,256,103.9775390625,61.16178894042969,test
archive/data/Common_Rust/Corn_Common_Rust (646).JPG,Common_Rust,1,256,256,118.266357421875,55.44258117675781,validation
archive/data/Common_Rust/Corn_Common_Rust (647).JPG,Common_Rust,1,256,256,128.782958984375,26.935325622558597,train
archive/data/Common_Rust/Corn_Common_Rust (648).JPG,Common_Rust,1,256,256,103.63818359375,58.85065460205078,test
archive/data/Common_Rust/Corn_Common_Rust (649).JPG,Common_Rust,1,256,256,101.556640625,52.15591430664063,validation
archive/data/Common_Rust/Corn_Common_Rust (65).jpg,Common_Rust,1,900,849,107.17578125,54.28180313110352,validation
archive/data/Common_Rust/Corn_Common_Rust (650).JPG,Common_Rust,1,256,256,80.082763671875,61.8963737487793,test
archive/data/Common_Rust/Corn_Common_Rust (651).JPG,Common_Rust,1,256,256,113.59765625,35.376914978027344,train
archive/data/Common_Rust/Corn_Common_Rust (652).JPG,Common_Rust,1,256,256,121.662353515625,45.94734191894531,train
archive/data/Common_Rust/Corn_Common_Rust (653).JPG,Common_Rust,1,256,256,120.763916015625,42.980445861816406,train
archive/data/Common_Rust/Corn_Common_Rust (654).JPG,Common_Rust,1,256,256,101.254638671875,59.75335693359375,train
archive/data/Common_Rust/Corn_Common_Rust (655).JPG,Common_Rust,1,256,256,108.7958984375,58.26763534545898,train
archive/data/Common_Rust/Corn_Common_Rust (656).JPG,Common_Rust,1,256,256,118.59619140625,44.62739562988281,train
archive/data/Common_Rust/Corn_Common_Rust (657).JPG,Common_Rust,1,256,256,96.262451171875,60.01966857910156,train
archive/data/Common_Rust/Corn_Common_Rust (658).JPG,Common_Rust,1,256,256,49.35107421875,52.27783966064453,validation
archive/data/Common_Rust/Corn_Common_Rust (659).JPG,Common_Rust,1,256,256,104.74755859375,74.10820007324219,test
archive/data/Common_Rust/Corn_Common_Rust (66).jpg,Common_Rust,1,310,179,120.91259765625,17.61509895324707,train
archive/data/Common_Rust/Corn_Common_Rust (660).JPG,Common_Rust,1,256,256,103.07861328125,77.00146484375,train
archive/data/Common_Rust/Corn_Common_Rust (661).JPG,Common_Rust,1,256,256,123.040771484375,43.59084701538086,validation
archive/data/Common_Rust/Corn_Common_Rust (662).JPG,Common_Rust,1,256,256,93.444580078125,59.21492385864258,train
archive/data/Common_Rust/Corn_Common_Rust (663).JPG,Common_Rust,1,256,256,64.129150390625,56.704383850097656,validation
archive/data/Common_Rust/Corn_Common_Rust (664).JPG,Common_Rust,1,256,256,103.29150390625,61.71213150024414,validation
archive/data/Common_Rust/Corn_Common_Rust (665).JPG,Common_Rust,1,256,256,92.439697265625,56.16730499267578,train
archive/data/Common_Rust/Corn_Common_Rust (666).JPG,Common_Rust,1,256,256,86.80029296875,62.7067985534668,train
archive/data/Common_Rust/Corn_Common_Rust (667).JPG,Common_Rust,1,256,256,100.068603515625,59.84759140014648,train
archive/data/Common_Rust/Corn_Common_Rust (668).JPG,Common_Rust,1,256,256,78.1201171875,59.47799301147461,validation
archive/data/Common_Rust/Corn_Common_Rust (669).JPG,Common_Rust,1,256,256,77.4765625,48.51810073852539,train
archive/data/Common_Rust/Corn_Common_Rust (67).jpg,Common_Rust,1,309,194,121.166748046875,18.18495750427246,validation
archive/data/Common_Rust/Corn_Common_Rust (670).JPG,Common_Rust,1,256,256,57.009765625,45.42950820922852,train
archive/data/Common_Rust/Corn_Common_Rust (671).JPG,Common_Rust,1,256,256,98.486572265625,56.25385665893555,train
archive/data/Common_Rust/Corn_Common_Rust (672).JPG,Common_Rust,1,256,256,102.912841796875,56.17465972900391,train
archive/data/Common_Rust/Corn_Common_Rust (673).JPG,Common_Rust,1,256,256,80.91552734375,61.7105712890625,validation
archive/data/Common_Rust/Corn_Common_Rust (674).JPG,Common_Rust,1,256,256,119.04296875,46.43925476074219,train
archive/data/Common_Rust/Corn_Common_Rust (675).JPG,Common_Rust,1,256,256,87.40234375,71.00922393798828,train
archive/data/Common_Rust/Corn_Common_Rust (676).JPG,Common_Rust,1,256,256,113.53271484375,51.869903564453125,train
archive/data/Common_Rust/Corn_Common_Rust (677).JPG,Common_Rust,1,256,256,103.634765625,67.51670837402344,test
archive/data/Common_Rust/Corn_Common_Rust (678).JPG,Common_Rust,1,256,256,91.2861328125,71.24554443359375,test
archive/data/Common_Rust/Corn_Common_Rust (679).JPG,Common_Rust,1,256,256,86.69921875,56.55094146728516,train
archive/data/Common_Rust/Corn_Common_Rust (68).jpg,Common_Rust,1,320,240,128.97021484375,31.411436080932617,train
archive/data/Common_Rust/Corn_Common_Rust (680).JPG,Common_Rust,1,256,256,94.0390625,82.36424255371094,train
archive/data/Common_Rust/Corn_Common_Rust (681).JPG,Common_Rust,1,256,256,105.405029296875,59.02365493774414,test
archive/data/Common_Rust/Corn_Common_Rust (682).JPG,Common_Rust,1,256,256,104.20361328125,57.55055236816406,train
archive/data/Common_Rust/Corn_Common_Rust (683).JPG,Common_Rust,1,256,256,104.6484375,58.32863235473633,validation
archive/data/Common_Rust/Corn_Common_Rust (684).JPG,Common_Rust,1,256,256,84.175537109375,62.41376876831055,test
archive/data/Common_Rust/Corn_Common_Rust (685).JPG,Common_Rust,1,256,256,67.101806640625,65.30965423583984,train
archive/data/Common_Rust/Corn_Common_Rust (686).JPG,Common_Rust,1,256,256,111.0751953125,48.15410614013672,train
archive/data/Common_Rust/Corn_Common_Rust (687).JPG,Common_Rust,1,256,256,97.0009765625,57.88136291503906,train
archive/data/Common_Rust/Corn_Common_Rust (688).JPG,Common_Rust,1,256,256,64.21435546875,63.15785217285156,test
archive/data/Common_Rust/Corn_Common_Rust (689).JPG,Common_Rust,1,256,256,85.948486328125,61.80555725097656,test
archive/data/Common_Rust/Corn_Common_Rust (69).jpg,Common_Rust,1,580,662,134.6005859375,34.704376220703125,train
archive/data/Common_Rust/Corn_Common_Rust (690).JPG,Common_Rust,1,256,256,60.4267578125,66.40425872802734,train
archive/data/Common_Rust/Corn_Common_Rust (691).JPG,Common_Rust,1,256,256,73.842529296875,74.03609466552734,train
archive/data/Common_Rust/Corn_Common_Rust (692).JPG,Common_Rust,1,256,256,113.67138671875,66.7865982055664,train
archive/data/Common_Rust/Corn_Common_Rust (693).JPG,Common_Rust,1,256,256,100.46728515625,62.61456680297852,train
archive/data/Common_Rust/Corn_Common_Rust (694).JPG,Common_Rust,1,256,256,81.966796875,57.68085479736328,train
archive/data/Common_Rust/Corn_Common_Rust (695).JPG,Common_Rust,1,256,256,82.1328125,65.63473510742188,validation
archive/data/Common_Rust/Corn_Common_Rust (696).JPG,Common_Rust,1,256,256,67.919677734375,60.91569137573242,train
archive/data/Common_Rust/Corn_Common_Rust (697).JPG,Common_Rust,1,256,256,87.84716796875,66.82488250732422,train
archive/data/Common_Rust/Corn_Common_Rust (698).JPG,Common_Rust,1,256,256,109.335693359375,61.718788146972656,train
archive/data/Common_Rust/Corn_Common_Rust (699).JPG,Common_Rust,1,256,256,80.111572265625,59.04077911376953,train
archive/data/Common_Rust/Corn_Common_Rust (7).jpg,Common_Rust,1,288,419,103.92041015625,22.152006149291992,train
archive/data/Common_Rust/Corn_Common_Rust (70).jpg,Common_Rust,1,640,480,100.056640625,43.90090560913086,test
archive/data/Common_Rust/Corn_Common_Rust (700).JPG,Common_Rust,1,256,256,89.6640625,66.29462432861328,validation
archive/data/Common_Rust/Corn_Common_Rust (701).JPG,Common_Rust,1,256,256,82.172119140625,61.228790283203125,validation
archive/data/Common_Rust/Corn_Common_Rust (702).JPG,Common_Rust,1,256,256,90.901123046875,58.06340026855469,test
archive/data/Common_Rust/Corn_Common_Rust (703).JPG,Common_Rust,1,256,256,73.296142578125,63.50651550292969,train
archive/data/Common_Rust/Corn_Common_Rust (704).JPG,Common_Rust,1,256,256,117.33837890625,42.851295471191406,test
archive/data/Common_Rust/Corn_Common_Rust (705).JPG,Common_Rust,1,256,256,80.187255859375,56.62300491333008,train
archive/data/Common_Rust/Corn_Common_Rust (706).JPG,Common_Rust,1,256,256,104.625,46.64563751220703,train
archive/data/Common_Rust/Corn_Common_Rust (707).JPG,Common_Rust,1,256,256,85.67138671875,58.25490188598633,train
archive/data/Common_Rust/Corn_Common_Rust (708).JPG,Common_Rust,1,256,256,89.400390625,59.43062210083008,train
archive/data/Common_Rust/Corn_Common_Rust (709).JPG,Common_Rust,1,256,256,96.39501953125,57.69816207885742,validation
archive/data/Common_Rust/Corn_Common_Rust (71).jpg,Common_Rust,1,2048,1152,118.0712890625,47.98306655883789,validation
archive/data/Common_Rust/Corn_Common_Rust (710).JPG,Common_Rust,1,256,256,87.23193359375,64.67414855957031,train
archive/data/Common_Rust/Corn_Common_Rust (711).JPG,Common_Rust,1,256,256,88.06298828125,53.46269989013672,train
archive/data/Common_Rust/Corn_Common_Rust (712).JPG,Common_Rust,1,256,256,80.46826171875,62.294410705566406,test
archive/data/Common_Rust/Corn_Common_Rust (713).JPG,Common_Rust,1,256,256,101.045654296875,56.82646179199219,train
archive/data/Common_Rust/Corn_Common_Rust (714).JPG,Common_Rust,1,256,256,77.973876953125,64.48484802246094,train
archive/data/Common_Rust/Corn_Common_Rust (715).JPG,Common_Rust,1,256,256,82.4384765625,55.54585647583008,test
archive/data/Common_Rust/Corn_Common_Rust (716).JPG,Common_Rust,1,256,256,87.935546875,58.40538787841797,train
archive/data/Common_Rust/Corn_Common_Rust (717).JPG,Common_Rust,1,256,256,63.1552734375,47.0067024230957,test
archive/data/Common_Rust/Corn_Common_Rust (718).JPG,Common_Rust,1,256,256,45.8857421875,45.45561218261719,train
archive/data/Common_Rust/Corn_Common_Rust (719).JPG,Common_Rust,1,256,256,99.1865234375,54.51787185668945,train
archive/data/Common_Rust/Corn_Common_Rust (72).JPG,Common_Rust,1,256,256,69.51416015625,73.01699829101562,train
archive/data/Common_Rust/Corn_Common_Rust (720).JPG,Common_Rust,1,256,256,109.897705078125,47.01626968383789,validation
archive/data/Common_Rust/Corn_Common_Rust (721).JPG,Common_Rust,1,256,256,88.32861328125,52.63935470581055,validation
archive/data/Common_Rust/Corn_Common_Rust (722).JPG,Common_Rust,1,256,256,59.03173828125,62.8192253112793,train
archive/data/Common_Rust/Corn_Common_Rust (723).JPG,Common_Rust,1,256,256,87.516845703125,57.578895568847656,train
archive/data/Common_Rust/Corn_Common_Rust (724).JPG,Common_Rust,1,256,256,82.14501953125,49.54957580566406,train
archive/data/Common_Rust/Corn_Common_Rust (725).JPG,Common_Rust,1,256,256,106.11376953125,60.78733825683594,train
archive/data/Common_Rust/Corn_Common_Rust (726).JPG,Common_Rust,1,256,256,92.67333984375,62.74887847900391,train
archive/data/Common_Rust/Corn_Common_Rust (727).JPG,Common_Rust,1,256,256,106.972412109375,50.70851135253906,train
archive/data/Common_Rust/Corn_Common_Rust (728).JPG,Common_Rust,1,256,256,101.53271484375,69.43985748291016,test
archive/data/Common_Rust/Corn_Common_Rust (729).JPG,Common_Rust,1,256,256,99.883544921875,65.09120178222656,test
archive/data/Common_Rust/Corn_Common_Rust (73).JPG,Common_Rust,1,256,256,67.320556640625,68.61046600341797,validation
archive/data/Common_Rust/Corn_Common_Rust (730).JPG,Common_Rust,1,256,256,80.630615234375,64.3831787109375,test
archive/data/Common_Rust/Corn_Common_Rust (731).JPG,Common_Rust,1,256,256,116.698974609375,53.69562530517578,train
archive/data/Common_Rust/Corn_Common_Rust (732).JPG,Common_Rust,1,256,256,107.060546875,49.12411117553711,train
archive/data/Common_Rust/Corn_Common_Rust (733).JPG,Common_Rust,1,256,256,95.452880859375,58.512149810791016,train
archive/data/Common_Rust/Corn_Common_Rust (734).JPG,Common_Rust,1,256,256,104.2314453125,46.637638092041016,train
archive/data/Common_Rust/Corn_Common_Rust (735).JPG,Common_Rust,1,256,256,98.89404296875,56.85191345214844,train
archive/data/Common_Rust/Corn_Common_Rust (736).JPG,Common_Rust,1,256,256,85.59228515625,61.11349868774414,train
archive/data/Common_Rust/Corn_Common_Rust (737).JPG,Common_Rust,1,256,256,91.071533203125,64.64347839355469,train
archive/data/Common_Rust/Corn_Common_Rust (738).JPG,Common_Rust,1,256,256,95.6484375,71.50162506103516,train
archive/data/Common_Rust/Corn_Common_Rust (739).JPG,Common_Rust,1,256,256,119.9814453125,68.3626480102539,train
archive/data/Common_Rust/Corn_Common_Rust (74).JPG,Common_Rust,1,256,256,94.324951171875,54.84868240356445,train
archive/data/Common_Rust/Corn_Common_Rust (740).JPG,Common_Rust,1,256,256,107.874267578125,68.75292205810547,train
archive/data/Common_Rust/Corn_Common_Rust (741).JPG,Common_Rust,1,256,256,109.038330078125,56.77130889892578,train
archive/data/Common_Rust/Corn_Common_Rust (742).JPG,Common_Rust,1,256,256,89.566650390625,66.34276580810547,test
archive/data/Common_Rust/Corn_Common_Rust (743).JPG,Common_Rust,1,256,256,57.23828125,60.99197769165039,test
archive/data/Common_Rust/Corn_Common_Rust (744).JPG,Common_Rust,1,256,256,105.9169921875,56.54105758666992,train
archive/data/Common_Rust/Corn_Common_Rust (745).JPG,Common_Rust,1,256,256,92.650634765625,50.4825553894043,train
archive/data/Common_Rust/Corn_Common_Rust (746).JPG,Common_Rust,1,256,256,70.560791015625,60.47357940673828,train
archive/data/Common_Rust/Corn_Common_Rust (747).JPG,Common_Rust,1,256,256,94.62353515625,54.15956878662109,validation
archive/data/Common_Rust/Corn_Common_Rust (748).JPG,Common_Rust,1,256,256,104.416748046875,51.45864486694336,test
archive/data/Common_Rust/Corn_Common_Rust (749).JPG,Common_Rust,1,256,256,92.251708984375,54.388648986816406,validation
archive/data/Common_Rust/Corn_Common_Rust (75).JPG,Common_Rust,1,256,256,97.4970703125,67.34662628173828,train
archive/data/Common_Rust/Corn_Common_Rust (750).JPG,Common_Rust,1,256,256,85.8681640625,62.3263053894043,train
archive/data/Common_Rust/Corn_Common_Rust (751).JPG,Common_Rust,1,256,256,93.078125,65.13501739501953,train
archive/data/Common_Rust/Corn_Common_Rust (752).JPG,Common_Rust,1,256,256,100.756103515625,56.8348388671875,train
archive/data/Common_Rust/Corn_Common_Rust (753).JPG,Common_Rust,1,256,256,104.080810546875,59.33015060424805,train
archive/data/Common_Rust/Corn_Common_Rust (754).JPG,Common_Rust,1,256,256,77.381591796875,64.18103790283203,train
archive/data/Common_Rust/Corn_Common_Rust (755).JPG,Common_Rust,1,256,256,80.082275390625,66.22178649902344,train
archive/data/Common_Rust/Corn_Common_Rust (756).JPG,Common_Rust,1,256,256,94.217041015625,50.18678665161133,validation
archive/data/Common_Rust/Corn_Common_Rust (757).JPG,Common_Rust,1,256,256,84.644287109375,55.815425872802734,test
archive/data/Common_Rust/Corn_Common_Rust (758).JPG,Common_Rust,1,256,256,104.796630859375,52.598907470703125,validation
archive/data/Common_Rust/Corn_Common_Rust (759).JPG,Common_Rust,1,256,256,102.122802734375,57.474876403808594,train
archive/data/Common_Rust/Corn_Common_Rust (76).JPG,Common_Rust,1,256,256,95.24951171875,66.78590393066406,train
archive/data/Common_Rust/Corn_Common_Rust (760).JPG,Common_Rust,1,256,256,95.195068359375,66.6675033569336,validation
archive/data/Common_Rust/Corn_Common_Rust (761).JPG,Common_Rust,1,256,256,78.826416015625,68.94078826904297,validation
archive/data/Common_Rust/Corn_Common_Rust (762).JPG,Common_Rust,1,256,256,91.855224609375,67.89926147460938,train
archive/data/Common_Rust/Corn_Common_Rust (763).JPG,Common_Rust,1,256,256,97.625,68.54684448242188,train
archive/data/Common_Rust/Corn_Common_Rust (764).JPG,Common_Rust,1,256,256,86.524169921875,66.59577941894531,train
archive/data/Common_Rust/Corn_Common_Rust (765).JPG,Common_Rust,1,256,256,79.18505859375,73.25504302978516,test
archive/data/Common_Rust/Corn_Common_Rust (766).JPG,Common_Rust,1,256,256,51.087158203125,48.78389739990234,train
archive/data/Common_Rust/Corn_Common_Rust (767).JPG,Common_Rust,1,256,256,105.25341796875,61.871315002441406,test
archive/data/Common_Rust/Corn_Common_Rust (768).JPG,Common_Rust,1,256,256,101.454833984375,62.82958984375,train
archive/data/Common_Rust/Corn_Common_Rust (769).JPG,Common_Rust,1,256,256,90.659423828125,57.404258728027344,validation
archive/data/Common_Rust/Corn_Common_Rust (77).JPG,Common_Rust,1,256,256,89.764404296875,66.96028900146484,train
archive/data/Common_Rust/Corn_Common_Rust (770).JPG,Common_Rust,1,256,256,95.5888671875,63.660865783691406,train
archive/data/Common_Rust/Corn_Common_Rust (771).JPG,Common_Rust,1,256,256,82.98779296875,60.76091766357422,validation
archive/data/Common_Rust/Corn_Common_Rust (772).JPG,Common_Rust,1,256,256,91.88818359375,71.42218780517578,test
archive/data/Common_Rust/Corn_Common_Rust (773).JPG,Common_Rust,1,256,256,105.934326171875,46.222755432128906,train
archive/data/Common_Rust/Corn_Common_Rust (774).JPG,Common_Rust,1,256,256,96.538818359375,59.16767120361328,test
archive/data/Common_Rust/Corn_Common_Rust (775).JPG,Common_Rust,1,256,256,93.31591796875,65.97193145751953,train
archive/data/Common_Rust/Corn_Common_Rust (776).JPG,Common_Rust,1,256,256,126.1640625,51.60602188110352,train
archive/data/Common_Rust/Corn_Common_Rust (777).JPG,Common_Rust,1,256,256,115.45703125,50.1450080871582,train
archive/data/Common_Rust/Corn_Common_Rust (778).JPG,Common_Rust,1,256,256,96.826416015625,70.243408203125,validation
archive/data/Common_Rust/Corn_Common_Rust (779).JPG,Common_Rust,1,256,256,97.86376953125,63.67145919799805,train
archive/data/Common_Rust/Corn_Common_Rust (78).JPG,Common_Rust,1,256,256,108.918701171875,65.93453216552734,train
archive/data/Common_Rust/Corn_Common_Rust (780).JPG,Common_Rust,1,256,256,107.171630859375,60.46500015258789,train
archive/data/Common_Rust/Corn_Common_Rust (781).JPG,Common_Rust,1,256,256,96.427734375,52.56288909912109,test
archive/data/Common_Rust/Corn_Common_Rust (782).JPG,Common_Rust,1,256,256,103.554443359375,51.48078918457031,train
archive/data/Common_Rust/Corn_Common_Rust (783).JPG,Common_Rust,1,256,256,88.91943359375,75.06781768798828,train
archive/data/Common_Rust/Corn_Common_Rust (784).JPG,Common_Rust,1,256,256,69.0576171875,51.64851379394531,test
archive/data/Common_Rust/Corn_Common_Rust (785).JPG,Common_Rust,1,256,256,67.552978515625,50.02282333374024,validation
archive/data/Common_Rust/Corn_Common_Rust (786).JPG,Common_Rust,1,256,256,70.37841796875,53.89634704589844,validation
archive/data/Common_Rust/Corn_Common_Rust (787).JPG,Common_Rust,1,256,256,101.46630859375,51.383697509765625,train
archive/data/Common_Rust/Corn_Common_Rust (788).JPG,Common_Rust,1,256,256,96.344482421875,51.33950424194336,validation
archive/data/Common_Rust/Corn_Common_Rust (789).JPG,Common_Rust,1,256,256,105.73974609375,45.83098983764648,train
archive/data/Common_Rust/Corn_Common_Rust (79).JPG,Common_Rust,1,256,256,87.301513671875,66.86426544189453,train
archive/data/Common_Rust/Corn_Common_Rust (790).JPG,Common_Rust,1,256,256,88.10205078125,62.81852722167969,train
archive/data/Common_Rust/Corn_Common_Rust (791).JPG,Common_Rust,1,256,256,97.8115234375,51.324485778808594,train
archive/data/Common_Rust/Corn_Common_Rust (792).JPG,Common_Rust,1,256,256,87.45068359375,52.26575469970703,train
archive/data/Common_Rust/Corn_Common_Rust (793).JPG,Common_Rust,1,256,256,71.00439453125,58.38240814208984,validation
archive/data/Common_Rust/Corn_Common_Rust (794).JPG,Common_Rust,1,256,256,87.19091796875,58.97530746459961,test
archive/data/Common_Rust/Corn_Common_Rust (795).JPG,Common_Rust,1,256,256,99.4423828125,49.70352935791016,train
archive/data/Common_Rust/Corn_Common_Rust (796).JPG,Common_Rust,1,256,256,106.2529296875,42.21659469604492,test
archive/data/Common_Rust/Corn_Common_Rust (797).JPG,Common_Rust,1,256,256,92.067138671875,58.18055725097656,train
archive/data/Common_Rust/Corn_Common_Rust (798).JPG,Common_Rust,1,256,256,94.436767578125,59.823280334472656,test
archive/data/Common_Rust/Corn_Common_Rust (799).JPG,Common_Rust,1,256,256,133.878173828125,62.04745101928711,validation
archive/data/Common_Rust/Corn_Common_Rust (8).jpg,Common_Rust,1,3264,2448,142.775390625,40.82741928100586,train
archive/data/Common_Rust/Corn_Common_Rust (80).JPG,Common_Rust,1,256,256,113.033935546875,50.06483459472656,test
archive/data/Common_Rust/Corn_Common_Rust (800).JPG,Common_Rust,1,256,256,94.96533203125,57.74602890014648,train
archive/data/Common_Rust/Corn_Common_Rust (801).JPG,Common_Rust,1,256,256,97.64697265625,56.9699592590332,train
archive/data/Common_Rust/Corn_Common_Rust (802).JPG,Common_Rust,1,256,256,75.10400390625,59.89309310913086,train
archive/data/Common_Rust/Corn_Common_Rust (803).JPG,Common_Rust,1,256,256,95.032958984375,70.68465423583984,train
archive/data/Common_Rust/Corn_Common_Rust (804).JPG,Common_Rust,1,256,256,108.0107421875,47.4570426940918,train
archive/data/Common_Rust/Corn_Common_Rust (805).JPG,Common_Rust,1,256,256,101.6962890625,50.368309020996094,validation
archive/data/Common_Rust/Corn_Common_Rust (806).JPG,Common_Rust,1,256,256,81.477294921875,54.10177993774414,train
archive/data/Common_Rust/Corn_Common_Rust (807).JPG,Common_Rust,1,256,256,92.6396484375,53.81329345703125,validation
archive/data/Common_Rust/Corn_Common_Rust (808).JPG,Common_Rust,1,256,256,54.0576171875,46.74068069458008,train
archive/data/Common_Rust/Corn_Common_Rust (809).JPG,Common_Rust,1,256,256,66.23779296875,48.88116455078125,train
archive/data/Common_Rust/Corn_Common_Rust (81).JPG,Common_Rust,1,256,256,111.021484375,59.47249603271485,train
archive/data/Common_Rust/Corn_Common_Rust (810).JPG,Common_Rust,1,256,256,66.5126953125,71.74005126953125,train
archive/data/Common_Rust/Corn_Common_Rust (811).JPG,Common_Rust,1,256,256,98.16796875,61.04217147827149,test
archive/data/Common_Rust/Corn_Common_Rust (812).JPG,Common_Rust,1,256,256,92.617919921875,59.94659423828125,train
archive/data/Common_Rust/Corn_Common_Rust (813).JPG,Common_Rust,1,256,256,99.1259765625,51.13573455810547,train
archive/data/Common_Rust/Corn_Common_Rust (814).JPG,Common_Rust,1,256,256,93.07861328125,58.53337478637695,train
archive/data/Common_Rust/Corn_Common_Rust (815).JPG,Common_Rust,1,256,256,92.76513671875,43.47807693481445,train
archive/data/Common_Rust/Corn_Common_Rust (816).JPG,Common_Rust,1,256,256,91.807373046875,52.12671661376953,train
archive/data/Common_Rust/Corn_Common_Rust (817).JPG,Common_Rust,1,256,256,81.859130859375,66.83006286621094,test
archive/data/Common_Rust/Corn_Common_Rust (818).JPG,Common_Rust,1,256,256,108.890625,58.874961853027344,validation
archive/data/Common_Rust/Corn_Common_Rust (819).JPG,Common_Rust,1,256,256,104.8984375,48.32207489013672,test
archive/data/Common_Rust/Corn_Common_Rust (82).JPG,Common_Rust,1,256,256,112.197265625,75.42112731933594,test
archive/data/Common_Rust/Corn_Common_Rust (820).JPG,Common_Rust,1,256,256,111.42724609375,58.392616271972656,train
archive/data/Common_Rust/Corn_Common_Rust (821).JPG,Common_Rust,1,256,256,89.53369140625,56.15796661376953,train
archive/data/Common_Rust/Corn_Common_Rust (822).JPG,Common_Rust,1,256,256,88.914306640625,53.84369659423828,test
archive/data/Common_Rust/Corn_Common_Rust (823).JPG,Common_Rust,1,256,256,89.229248046875,60.38561630249024,train
archive/data/Common_Rust/Corn_Common_Rust (824).JPG,Common_Rust,1,256,256,81.124755859375,47.91995620727539,train
archive/data/Common_Rust/Corn_Common_Rust (825).JPG,Common_Rust,1,256,256,108.94189453125,52.95673370361328,train
archive/data/Common_Rust/Corn_Common_Rust (826).JPG,Common_Rust,1,256,256,106.565673828125,58.11944580078125,train
archive/data/Common_Rust/Corn_Common_Rust (827).JPG,Common_Rust,1,256,256,105.261962890625,56.192291259765625,validation
archive/data/Common_Rust/Corn_Common_Rust (828).JPG,Common_Rust,1,256,256,107.13330078125,44.917442321777344,train
archive/data/Common_Rust/Corn_Common_Rust (829).JPG,Common_Rust,1,256,256,89.11767578125,52.6120719909668,train
archive/data/Common_Rust/Corn_Common_Rust (83).JPG,Common_Rust,1,256,256,89.73876953125,64.86114501953125,validation
archive/data/Common_Rust/Corn_Common_Rust (830).JPG,Common_Rust,1,256,256,90.47900390625,55.8782958984375,train
archive/data/Common_Rust/Corn_Common_Rust (831).JPG,Common_Rust,1,256,256,61.093017578125,60.52079391479492,train
archive/data/Common_Rust/Corn_Common_Rust (832).JPG,Common_Rust,1,256,256,89.6298828125,64.18795776367188,train
archive/data/Common_Rust/Corn_Common_Rust (833).JPG,Common_Rust,1,256,256,102.21533203125,48.58902740478516,test
archive/data/Common_Rust/Corn_Common_Rust (834).JPG,Common_Rust,1,256,256,110.842041015625,46.116580963134766,train
archive/data/Common_Rust/Corn_Common_Rust (835).JPG,Common_Rust,1,256,256,92.88525390625,53.094703674316406,train
archive/data/Common_Rust/Corn_Common_Rust (836).JPG,Common_Rust,1,256,256,94.204833984375,59.68810272216797,test
archive/data/Common_Rust/Corn_Common_Rust (837).JPG,Common_Rust,1,256,256,80.864013671875,57.38277053833008,test
archive/data/Common_Rust/Corn_Common_Rust (838).JPG,Common_Rust,1,256,256,102.475830078125,62.31074905395508,test
archive/data/Common_Rust/Corn_Common_Rust (839).JPG,Common_Rust,1,256,256,106.5498046875,75.35556030273438,train
archive/data/Common_Rust/Corn_Common_Rust (84).JPG,Common_Rust,1,256,256,111.06787109375,63.94221115112305,validation
archive/data/Common_Rust/Corn_Common_Rust (840).JPG,Common_Rust,1,256,256,95.34375,68.61144256591797,train
archive/data/Common_Rust/Corn_Common_Rust (841).JPG,Common_Rust,1,256,256,89.68359375,60.82168960571289,train
archive/data/Common_Rust/Corn_Common_Rust (842).JPG,Common_Rust,1,256,256,103.2392578125,69.82504272460938,validation
archive/data/Common_Rust/Corn_Common_Rust (843).JPG,Common_Rust,1,256,256,106.916015625,56.39478302001953,train
archive/data/Common_Rust/Corn_Common_Rust (844).JPG,Common_Rust,1,256,256,82.547119140625,56.43391036987305,validation
archive/data/Common_Rust/Corn_Common_Rust (845).JPG,Common_Rust,1,256,256,78.279052734375,64.43757629394531,train
archive/data/Common_Rust/Corn_Common_Rust (846).JPG,Common_Rust,1,256,256,86.109130859375,75.17457580566406,validation
archive/data/Common_Rust/Corn_Common_Rust (847).JPG,Common_Rust,1,256,256,68.28173828125,58.70125579833984,train
archive/data/Common_Rust/Corn_Common_Rust (848).JPG,Common_Rust,1,256,256,99.462158203125,60.93194580078125,test
archive/data/Common_Rust/Corn_Common_Rust (849).JPG,Common_Rust,1,256,256,93.73486328125,61.51406097412109,train
archive/data/Common_Rust/Corn_Common_Rust (85).JPG,Common_Rust,1,256,256,91.076904296875,68.55487823486328,test
archive/data/Common_Rust/Corn_Common_Rust (850).JPG,Common_Rust,1,256,256,84.53955078125,70.5357437133789,train
archive/data/Common_Rust/Corn_Common_Rust (851).JPG,Common_Rust,1,256,256,95.0263671875,59.60387802124024,train
archive/data/Common_Rust/Corn_Common_Rust (852).JPG,Common_Rust,1,256,256,128.3212890625,56.59672164916992,train
archive/data/Common_Rust/Corn_Common_Rust (853).JPG,Common_Rust,1,256,256,68.563232421875,72.69996643066406,train
archive/data/Common_Rust/Corn_Common_Rust (854).JPG,Common_Rust,1,256,256,108.3232421875,50.647010803222656,train
archive/data/Common_Rust/Corn_Common_Rust (855).JPG,Common_Rust,1,256,256,91.642333984375,62.42732620239258,validation
archive/data/Common_Rust/Corn_Common_Rust (856).JPG,Common_Rust,1,256,256,84.146240234375,72.12544250488281,test
archive/data/Common_Rust/Corn_Common_Rust (857).JPG,Common_Rust,1,256,256,41.997802734375,63.01332473754883,validation
archive/data/Common_Rust/Corn_Common_Rust (858).JPG,Common_Rust,1,256,256,88.544189453125,71.76417541503906,test
archive/data/Common_Rust/Corn_Common_Rust (859).JPG,Common_Rust,1,256,256,116.9599609375,57.08204650878906,validation
archive/data/Common_Rust/Corn_Common_Rust (86).JPG,Common_Rust,1,256,256,93.633544921875,58.28911972045898,test
archive/data/Common_Rust/Corn_Common_Rust (860).JPG,Common_Rust,1,256,256,97.585205078125,64.75469207763672,validation
archive/data/Common_Rust/Corn_Common_Rust (861).JPG,Common_Rust,1,256,256,95.9365234375,60.83333206176758,train
archive/data/Common_Rust/Corn_Common_Rust (862).JPG,Common_Rust,1,256,256,85.651611328125,58.18639373779297,train
archive/data/Common_Rust/Corn_Common_Rust (863).JPG,Common_Rust,1,256,256,98.4482421875,66.908447265625,train
archive/data/Common_Rust/Corn_Common_Rust (864).JPG,Common_Rust,1,256,256,77.99267578125,57.30292892456055,train
archive/data/Common_Rust/Corn_Common_Rust (865).JPG,Common_Rust,1,256,256,91.806884765625,59.949195861816406,train
archive/data/Common_Rust/Corn_Common_Rust (866).JPG,Common_Rust,1,256,256,94.18408203125,61.93006134033203,train
archive/data/Common_Rust/Corn_Common_Rust (867).JPG,Common_Rust,1,256,256,89.84765625,66.87258911132812,test
archive/data/Common_Rust/Corn_Common_Rust (868).JPG,Common_Rust,1,256,256,96.93701171875,61.70018005371094,train
archive/data/Common_Rust/Corn_Common_Rust (869).JPG,Common_Rust,1,256,256,90.6455078125,75.59833526611328,test
archive/data/Common_Rust/Corn_Common_Rust (87).JPG,Common_Rust,1,256,256,85.784423828125,60.446067810058594,validation
archive/data/Common_Rust/Corn_Common_Rust (870).JPG,Common_Rust,1,256,256,88.88623046875,49.321266174316406,test
archive/data/Common_Rust/Corn_Common_Rust (871).JPG,Common_Rust,1,256,256,72.276611328125,57.07789993286133,train
archive/data/Common_Rust/Corn_Common_Rust (872).JPG,Common_Rust,1,256,256,31.447998046875,36.00910949707031,train
archive/data/Common_Rust/Corn_Common_Rust (873).JPG,Common_Rust,1,256,256,98.486572265625,50.07467651367188,train
archive/data/Common_Rust/Corn_Common_Rust (874).JPG,Common_Rust,1,256,256,92.203857421875,56.44845962524414,train
archive/data/Common_Rust/Corn_Common_Rust (875).JPG,Common_Rust,1,256,256,91.66015625,63.09699630737305,train
archive/data/Common_Rust/Corn_Common_Rust (876).JPG,Common_Rust,1,256,256,82.891845703125,51.512168884277344,validation
archive/data/Common_Rust/Corn_Common_Rust (877).JPG,Common_Rust,1,256,256,98.44677734375,52.131649017333984,train
archive/data/Common_Rust/Corn_Common_Rust (878).JPG,Common_Rust,1,256,256,103.902587890625,58.89556503295898,test
archive/data/Common_Rust/Corn_Common_Rust (879).JPG,Common_Rust,1,256,256,81.76806640625,43.0715446472168,test
archive/data/Common_Rust/Corn_Common_Rust (88).JPG,Common_Rust,1,256,256,105.10302734375,62.6165771484375,train
archive/data/Common_Rust/Corn_Common_Rust (880).JPG,Common_Rust,1,256,256,77.006591796875,55.06959915161133,test
archive/data/Common_Rust/Corn_Common_Rust (881).JPG,Common_Rust,1,256,256,114.683837890625,56.53687286376953,train
archive/data/Common_Rust/Corn_Common_Rust (882).JPG,Common_Rust,1,256,256,97.58447265625,63.309112548828125,train
archive/data/Common_Rust/Corn_Common_Rust (883).JPG,Common_Rust,1,256,256,106.06884765625,40.78174209594727,train
archive/data/Common_Rust/Corn_Common_Rust (884).JPG,Common_Rust,1,256,256,120.7333984375,40.67410659790039,train
archive/data/Common_Rust/Corn_Common_Rust (885).JPG,Common_Rust,1,256,256,101.97314453125,46.248661041259766,validation
archive/data/Common_Rust/Corn_Common_Rust (886).JPG,Common_Rust,1,256,256,88.3740234375,59.22125244140625,train
archive/data/Common_Rust/Corn_Common_Rust (887).JPG,Common_Rust,1,256,256,105.90771484375,53.55989456176758,train
archive/data/Common_Rust/Corn_Common_Rust (888).JPG,Common_Rust,1,256,256,119.018798828125,55.10970687866211,test
archive/data/Common_Rust/Corn_Common_Rust (889).JPG,Common_Rust,1,256,256,84.41796875,64.95478057861328,train
archive/data/Common_Rust/Corn_Common_Rust (89).JPG,Common_Rust,1,256,256,101.132080078125,70.12666320800781,train
archive/data/Common_Rust/Corn_Common_Rust (890).JPG,Common_Rust,1,256,256,71.393310546875,58.12766647338867,test
archive/data/Common_Rust/Corn_Common_Rust (891).JPG,Common_Rust,1,256,256,87.2890625,48.43732833862305,train
archive/data/Common_Rust/Corn_Common_Rust (892).JPG,Common_Rust,1,256,256,79.105224609375,71.91036987304688,train
archive/data/Common_Rust/Corn_Common_Rust (893).JPG,Common_Rust,1,256,256,83.896484375,54.68854522705078,test
archive/data/Common_Rust/Corn_Common_Rust (894).JPG,Common_Rust,1,256,256,92.070068359375,56.04018783569336,validation
archive/data/Common_Rust/Corn_Common_Rust (895).JPG,Common_Rust,1,256,256,100.0908203125,56.8319206237793,test
archive/data/Common_Rust/Corn_Common_Rust (896).JPG,Common_Rust,1,256,256,112.14599609375,59.3829345703125,train
archive/data/Common_Rust/Corn_Common_Rust (897).JPG,Common_Rust,1,256,256,128.958251953125,38.90951156616211,validation
archive/data/Common_Rust/Corn_Common_Rust (898).JPG,Common_Rust,1,256,256,61.8916015625,57.61624526977539,validation
archive/data/Common_Rust/Corn_Common_Rust (899).JPG,Common_Rust,1,256,256,60.140869140625,55.81265640258789,train
archive/data/Common_Rust/Corn_Common_Rust (9).jpg,Common_Rust,1,613,700,110.979248046875,61.28834533691406,train
archive/data/Common_Rust/Corn_Common_Rust (90).JPG,Common_Rust,1,256,256,105.117919921875,65.53608703613281,train
archive/data/Common_Rust/Corn_Common_Rust (900).JPG,Common_Rust,1,256,256,108.347900390625,59.210697174072266,train
archive/data/Common_Rust/Corn_Common_Rust (901).JPG,Common_Rust,1,256,256,103.313232421875,57.52788543701172,test
archive/data/Common_Rust/Corn_Common_Rust (902).JPG,Common_Rust,1,256,256,105.027587890625,49.4219856262207,validation
archive/data/Common_Rust/Corn_Common_Rust (903).JPG,Common_Rust,1,256,256,94.81494140625,54.06489181518555,train
archive/data/Common_Rust/Corn_Common_Rust (904).JPG,Common_Rust,1,256,256,105.813720703125,49.58872222900391,train
archive/data/Common_Rust/Corn_Common_Rust (905).JPG,Common_Rust,1,256,256,105.783203125,53.1380729675293,train
archive/data/Common_Rust/Corn_Common_Rust (906).JPG,Common_Rust,1,256,256,85.593017578125,69.29790496826172,validation
archive/data/Common_Rust/Corn_Common_Rust (907).JPG,Common_Rust,1,256,256,92.090576171875,74.71148681640625,train
archive/data/Common_Rust/Corn_Common_Rust (908).JPG,Common_Rust,1,256,256,93.353759765625,70.58399963378906,train
archive/data/Common_Rust/Corn_Common_Rust (909).JPG,Common_Rust,1,256,256,93.8486328125,52.19531631469727,validation
archive/data/Common_Rust/Corn_Common_Rust (91).JPG,Common_Rust,1,256,256,100.0859375,65.52064514160156,validation
archive/data/Common_Rust/Corn_Common_Rust (910).JPG,Common_Rust,1,256,256,67.341552734375,60.74870300292969,validation
archive/data/Common_Rust/Corn_Common_Rust (911).JPG,Common_Rust,1,256,256,65.426025390625,62.03810119628906,train
archive/data/Common_Rust/Corn_Common_Rust (912).JPG,Common_Rust,1,256,256,65.673828125,50.19417953491211,train
archive/data/Common_Rust/Corn_Common_Rust (913).JPG,Common_Rust,1,256,256,65.951171875,60.78934097290039,test
archive/data/Common_Rust/Corn_Common_Rust (914).JPG,Common_Rust,1,256,256,68.914306640625,67.88653564453125,train
archive/data/Common_Rust/Corn_Common_Rust (915).JPG,Common_Rust,1,256,256,67.107666015625,65.30667114257812,validation
archive/data/Common_Rust/Corn_Common_Rust (916).JPG,Common_Rust,1,256,256,99.150390625,68.6197738647461,train
archive/data/Common_Rust/Corn_Common_Rust (917).JPG,Common_Rust,1,256,256,87.685546875,73.60160827636719,validation
archive/data/Common_Rust/Corn_Common_Rust (918).JPG,Common_Rust,1,256,256,93.6845703125,68.19563293457031,validation
archive/data/Common_Rust/Corn_Common_Rust (919).JPG,Common_Rust,1,256,256,78.869873046875,63.18130493164063,train
archive/data/Common_Rust/Corn_Common_Rust (92).JPG,Common_Rust,1,256,256,132.1630859375,59.039310455322266,train
archive/data/Common_Rust/Corn_Common_Rust (920).JPG,Common_Rust,1,256,256,74.572021484375,61.51884841918945,test
archive/data/Common_Rust/Corn_Common_Rust (921).JPG,Common_Rust,1,256,256,47.6904296875,66.21871185302734,validation
archive/data/Common_Rust/Corn_Common_Rust (922).JPG,Common_Rust,1,256,256,70.24462890625,75.32891845703125,train
archive/data/Common_Rust/Corn_Common_Rust (923).JPG,Common_Rust,1,256,256,47.9091796875,67.46241760253906,validation
archive/data/Common_Rust/Corn_Common_Rust (924).JPG,Common_Rust,1,256,256,85.635498046875,81.75267028808594,validation
archive/data/Common_Rust/Corn_Common_Rust (925).JPG,Common_Rust,1,256,256,88.992431640625,74.73492431640625,train
archive/data/Common_Rust/Corn_Common_Rust (926).JPG,Common_Rust,1,256,256,72.169677734375,75.82769012451172,test
archive/data/Common_Rust/Corn_Common_Rust (927).JPG,Common_Rust,1,256,256,78.37451171875,67.78179931640625,test
archive/data/Common_Rust/Corn_Common_Rust (928).JPG,Common_Rust,1,256,256,85.37451171875,62.50156784057617,train
archive/data/Common_Rust/Corn_Common_Rust (929).JPG,Common_Rust,1,256,256,82.9814453125,56.880859375,train
archive/data/Common_Rust/Corn_Common_Rust (93).JPG,Common_Rust,1,256,256,90.83447265625,65.91483306884766,train
archive/data/Common_Rust/Corn_Common_Rust (930).JPG,Common_Rust,1,256,256,63.26611328125,64.78874969482422,train
archive/data/Common_Rust/Corn_Common_Rust (931).JPG,Common_Rust,1,256,256,105.41943359375,57.09839630126953,train
archive/data/Common_Rust/Corn_Common_Rust (932).JPG,Common_Rust,1,256,256,115.471923828125,47.70602798461914,test
archive/data/Common_Rust/Corn_Common_Rust (933).JPG,Common_Rust,1,256,256,94.081787109375,63.60959243774414,test
archive/data/Common_Rust/Corn_Common_Rust (934).JPG,Common_Rust,1,256,256,87.045166015625,61.5499267578125,train
archive/data/Common_Rust/Corn_Common_Rust (935).JPG,Common_Rust,1,256,256,90.38623046875,65.8848648071289,train
archive/data/Common_Rust/Corn_Common_Rust (936).JPG,Common_Rust,1,256,256,67.6591796875,66.06002044677734,train
archive/data/Common_Rust/Corn_Common_Rust (937).JPG,Common_Rust,1,256,256,87.092529296875,67.77719116210938,test
archive/data/Common_Rust/Corn_Common_Rust (938).JPG,Common_Rust,1,256,256,76.697998046875,65.36903381347656,test
archive/data/Common_Rust/Corn_Common_Rust (939).JPG,Common_Rust,1,256,256,61.49853515625,64.14421844482422,validation
archive/data/Common_Rust/Corn_Common_Rust (94).JPG,Common_Rust,1,256,256,108.756103515625,75.217529296875,train
archive/data/Common_Rust/Corn_Common_Rust (940).JPG,Common_Rust,1,256,256,96.47216796875,61.82540893554688,train
archive/data/Common_Rust/Corn_Common_Rust (941).JPG,Common_Rust,1,256,256,91.439453125,61.64279556274414,train
archive/data/Common_Rust/Corn_Common_Rust (942).JPG,Common_Rust,1,256,256,88.984619140625,72.7437515258789,train
archive/data/Common_Rust/Corn_Common_Rust (943).JPG,Common_Rust,1,256,256,87.6259765625,60.23941040039063,validation
archive/data/Common_Rust/Corn_Common_Rust (944).JPG,Common_Rust,1,256,256,80.52587890625,64.56189727783203,train
archive/data/Common_Rust/Corn_Common_Rust (945).JPG,Common_Rust,1,256,256,68.40576171875,59.3847541809082,train
archive/data/Common_Rust/Corn_Common_Rust (946).JPG,Common_Rust,1,256,256,84.096923828125,62.23717880249024,validation
archive/data/Common_Rust/Corn_Common_Rust (947).JPG,Common_Rust,1,256,256,98.453125,71.87918853759766,train
archive/data/Common_Rust/Corn_Common_Rust (948).JPG,Common_Rust,1,256,256,91.2353515625,67.48064422607422,validation
archive/data/Common_Rust/Corn_Common_Rust (949).JPG,Common_Rust,1,256,256,92.568115234375,59.5184440612793,test
archive/data/Common_Rust/Corn_Common_Rust (95).JPG,Common_Rust,1,256,256,92.495849609375,72.82057189941406,train
archive/data/Common_Rust/Corn_Common_Rust (950).JPG,Common_Rust,1,256,256,87.13134765625,62.567684173583984,train
archive/data/Common_Rust/Corn_Common_Rust (951).JPG,Common_Rust,1,256,256,80.53759765625,64.84001159667969,train
archive/data/Common_Rust/Corn_Common_Rust (952).JPG,Common_Rust,1,256,256,100.585205078125,55.40540313720703,train
archive/data/Common_Rust/Corn_Common_Rust (953).JPG,Common_Rust,1,256,256,82.705810546875,63.34313583374024,test
archive/data/Common_Rust/Corn_Common_Rust (954).JPG,Common_Rust,1,256,256,80.446533203125,60.0013313293457,train
archive/data/Common_Rust/Corn_Common_Rust (955).JPG,Common_Rust,1,256,256,98.778076171875,68.36223602294922,validation
archive/data/Common_Rust/Corn_Common_Rust (956).JPG,Common_Rust,1,256,256,90.726806640625,73.10922241210938,validation
archive/data/Common_Rust/Corn_Common_Rust (957).JPG,Common_Rust,1,256,256,86.2744140625,70.20692443847656,test
archive/data/Common_Rust/Corn_Common_Rust (958).JPG,Common_Rust,1,256,256,93.71337890625,67.08993530273438,train
archive/data/Common_Rust/Corn_Common_Rust (959).JPG,Common_Rust,1,256,256,84.577392578125,67.55862426757812,train
archive/data/Common_Rust/Corn_Common_Rust (96).JPG,Common_Rust,1,256,256,106.342041015625,64.04928588867188,train
archive/data/Common_Rust/Corn_Common_Rust (960).JPG,Common_Rust,1,256,256,81.134033203125,64.86109161376953,test
archive/data/Common_Rust/Corn_Common_Rust (961).JPG,Common_Rust,1,256,256,83.307861328125,58.0411262512207,train
archive/data/Common_Rust/Corn_Common_Rust (962).JPG,Common_Rust,1,256,256,95.201904296875,64.10041809082031,train
archive/data/Common_Rust/Corn_Common_Rust (963).JPG,Common_Rust,1,256,256,93.14794921875,54.70754623413086,train
archive/data/Common_Rust/Corn_Common_Rust (964).JPG,Common_Rust,1,256,256,82.07666015625,61.17066192626953,train
archive/data/Common_Rust/Corn_Common_Rust (965).JPG,Common_Rust,1,256,256,88.4052734375,59.4467887878418,train
archive/data/Common_Rust/Corn_Common_Rust (966).JPG,Common_Rust,1,256,256,90.66748046875,54.5244140625,train
archive/data/Common_Rust/Corn_Common_Rust (967).JPG,Common_Rust,1,256,256,72.974365234375,46.72908020019531,train
archive/data/Common_Rust/Corn_Common_Rust (968).JPG,Common_Rust,1,256,256,94.992431640625,68.49820709228516,train
archive/data/Common_Rust/Corn_Common_Rust (969).JPG,Common_Rust,1,256,256,98.83544921875,59.90180587768555,test
archive/data/Common_Rust/Corn_Common_Rust (97).JPG,Common_Rust,1,256,256,119.696533203125,60.781768798828125,train
archive/data/Common_Rust/Corn_Common_Rust (970).JPG,Common_Rust,1,256,256,60.556640625,54.25862884521485,train
archive/data/Common_Rust/Corn_Common_Rust (971).JPG,Common_Rust,1,256,256,99.863037109375,45.10566329956055,train
archive/data/Common_Rust/Corn_Common_Rust (972).JPG,Common_Rust,1,256,256,92.7578125,52.25957489013672,test
archive/data/Common_Rust/Corn_Common_Rust (973).JPG,Common_Rust,1,256,256,82.027587890625,56.63241195678711,test
archive/data/Common_Rust/Corn_Common_Rust (974).JPG,Common_Rust,1,256,256,80.23583984375,58.0656852722168,train
archive/data/Common_Rust/Corn_Common_Rust (975).JPG,Common_Rust,1,256,256,85.9287109375,69.46855926513672,train
archive/data/Common_Rust/Corn_Common_Rust (976).JPG,Common_Rust,1,256,256,80.4873046875,66.5262451171875,train
archive/data/Common_Rust/Corn_Common_Rust (977).JPG,Common_Rust,1,256,256,75.21826171875,68.01900482177734,train
archive/data/Common_Rust/Corn_Common_Rust (978).JPG,Common_Rust,1,256,256,119.73876953125,56.08756637573242,test
archive/data/Common_Rust/Corn_Common_Rust (979).JPG,Common_Rust,1,256,256,100.962158203125,60.47607803344727,validation
archive/data/Common_Rust/Corn_Common_Rust (98).JPG,Common_Rust,1,256,256,91.296875,69.45198059082031,train
archive/data/Common_Rust/Corn_Common_Rust (980).JPG,Common_Rust,1,256,256,78.845703125,64.04829406738281,validation
archive/data/Common_Rust/Corn_Common_Rust (981).JPG,Common_Rust,1,256,256,74.04736328125,64.97693634033203,train
archive/data/Common_Rust/Corn_Common_Rust (982).JPG,Common_Rust,1,256,256,89.7421875,63.75591659545898,test
archive/data/Common_Rust/Corn_Common_Rust (983).JPG,Common_Rust,1,256,256,87.232666015625,67.35675811767578,test
archive/data/Common_Rust/Corn_Common_Rust (984).JPG,Common_Rust,1,256,256,74.99609375,67.19600677490234,train
archive/data/Common_Rust/Corn_Common_Rust (985).JPG,Common_Rust,1,256,256,78.9130859375,58.167747497558594,test
archive/data/Common_Rust/Corn_Common_Rust (986).JPG,Common_Rust,1,256,256,77.52197265625,60.04143905639648,train
archive/data/Common_Rust/Corn_Common_Rust (987).JPG,Common_Rust,1,256,256,72.62744140625,59.56182861328125,validation
archive/data/Common_Rust/Corn_Common_Rust (988).JPG,Common_Rust,1,256,256,92.312744140625,60.08682632446289,test
archive/data/Common_Rust/Corn_Common_Rust (989).JPG,Common_Rust,1,256,256,72.19580078125,52.52361679077149,validation
archive/data/Common_Rust/Corn_Common_Rust (99).JPG,Common_Rust,1,256,256,126.24658203125,70.60485076904297,train
archive/data/Common_Rust/Corn_Common_Rust (990).JPG,Common_Rust,1,256,256,111.78125,62.80086517333984,train
archive/data/Common_Rust/Corn_Common_Rust (991).JPG,Common_Rust,1,256,256,107.305908203125,52.648067474365234,validation
archive/data/Common_Rust/Corn_Common_Rust (992).JPG,Common_Rust,1,256,256,73.23876953125,67.6013412475586,test
archive/data/Common_Rust/Corn_Common_Rust (993).JPG,Common_Rust,1,256,256,84.05712890625,57.83238220214844,train
archive/data/Common_Rust/Corn_Common_Rust (994).JPG,Common_Rust,1,256,256,113.44482421875,62.328460693359375,train
archive/data/Common_Rust/Corn_Common_Rust (995).JPG,Common_Rust,1,256,256,112.44287109375,54.78296661376953,train
archive/data/Common_Rust/Corn_Common_Rust (996).JPG,Common_Rust,1,256,256,84.943603515625,68.91511535644531,validation
archive/data/Common_Rust/Corn_Common_Rust (997).JPG,Common_Rust,1,256,256,73.001708984375,73.19354248046875,train
archive/data/Common_Rust/Corn_Common_Rust (998).JPG,Common_Rust,1,256,256,106.5927734375,69.76117706298828,test
archive/data/Common_Rust/Corn_Common_Rust (999).JPG,Common_Rust,1,256,256,84.453125,65.23361206054688,test
archive/data/Gray_Leaf_Spot/Corn_Gray_Spot (1).jpg,Gray_Leaf_Spot,2,525,395,62.593994140625,28.55164909362793,test
archive/data/Gray_Leaf_Spot/Corn_Gray_Spot (10).jpg,Gray_Leaf_Spot,2,743,1591,130.65771484375,35.49736022949219,train
archive/data/Gray_Leaf_Spot/Corn_Gray_Spot (100).JPG,Gray_Leaf_Spot,2,256,256,119.134521484375,21.2789363861084,test
archive/data/Gray_Leaf_Spot/Corn_Gray_Spot (101).JPG,Gray_Leaf_Spot,2,256,256,99.8447265625,31.978429794311523,test
archive/data/Gray_Leaf_Spot/Corn_Gray_Spot (102).JPG,Gray_Leaf_Spot,2,256,256,129.08935546875,29.15626335144043,train
archive/data/Gray_Leaf_Spot/Corn_Gray_Spot (103).JPG,Gray_Leaf_Spot,2,256,256,109.6171875,54.50527572631836,train
archive/data/Gray_Leaf_Spot/Corn_Gray_Spot (104).JPG,Gray_Leaf_Spot,2,256,256,119.923583984375,22.840068817138672,train
archive/data/Gray_Leaf_Spot/Corn_Gray_Spot (105).JPG,Gray_Leaf_Spot,2,256,256,128.1328125,41.36561965942383,train
archive/data/Gray_Leaf_Spot/Corn_Gray_Spot (106).JPG,Gray_Leaf_Spot,2,256,256,110.977294921875,53.356258392333984,test
archive/data/Gray_Leaf_Spot/Corn_Gray_Spot (107).JPG,Gray_Leaf_Spot,2,256,256,116.7646484375,25.93219566345215,train
archive/data/Gray_Leaf_Spot/Corn_Gray_Spot (108).JPG,Gray_Leaf_Spot,2,256,256,113.47998046875,27.893966674804688,train
archive/data/Gray_Leaf_Spot/Corn_Gray_Spot (109).JPG,Gray_Leaf_Spot,2,256,256,107.1220703125,22.67009735107422,test
archive/data/Gray_Leaf_Spot/Corn_Gray_Spot (11).jpg,Gray_Leaf_Spot,2,350,299,132.37548828125,34.672691345214844,validation
archive/data/Gray_Leaf_Spot/Corn_Gray_Spot (110).JPG,Gray_Leaf_Spot,2,256,256,135.366943359375,42.14034271240234,test
archive/data/Gray_Leaf_Spot/Corn_Gray_Spot (111).JPG,Gray_Leaf_Spot,2,256,256,110.40673828125,26.93664932250977,validation
archive/data/Gray_Leaf_Spot/Corn_Gray_Spot (112).JPG,Gray_Leaf_Spot,2,256,256,128.804931640625,40.96064758300781,train
archive/data/Gray_Leaf_Spot/Corn_Gray_Spot (113).jpg,Gray_Leaf_Spot,2,256,256,123.885498046875,47.334991455078125,validation
archive/data/Gray_Leaf_Spot/Corn_Gray_Spot (114).jpg,Gray_Leaf_Spot,2,256,256,106.923095703125,22.43085479736328,train
archive/data/Gray_Leaf_Spot/Corn_Gray_Spot (115).JPG,Gray_Leaf_Spot,2,256,256,108.68701171875,26.280473709106445,validation
archive/data/Gray_Leaf_Spot/Corn_Gray_Spot (116).JPG,Gray_Leaf_Spot,2,256,256,125.50927734375,25.04399299621582,validation
archive/data/Gray_Leaf_Spot/Corn_Gray_Spot (117).JPG,Gray_Leaf_Spot,2,256,256,120.248779296875,23.84022521972656,validation
archive/data/Gray_Leaf_Spot/Corn_Gray_Spot (118).JPG,Gray_Leaf_Spot,2,256,256,110.282470703125,45.68409729003906,train
archive/data/Gray_Leaf_Spot/Corn_Gray_Spot (119).JPG,Gray_Leaf_Spot,2,256,256,125.50927734375,27.58606719970703,train
archive/data/Gray_Leaf_Spot/Corn_Gray_Spot (12).jpg,Gray_Leaf_Spot,2,1224,1632,116.91796875,38.12289810180664,train
archive/data/Gray_Leaf_Spot/Corn_Gray_Spot (120).JPG,Gray_Leaf_Spot,2,256,256,115.482421875,38.66941452026367,test
archive/data/Gray_Leaf_Spot/Corn_Gray_Spot (121).JPG,Gray_Leaf_Spot,2,256,256,104.32958984375,32.39983367919922,train
archive/data/Gray_Leaf_Spot/Corn_Gray_Spot (122).JPG,Gray_Leaf_Spot,2,256,256,109.07275390625,34.8717155456543,test
archive/data/Gray_Leaf_Spot/Corn_Gray_Spot (123).JPG,Gray_Leaf_Spot,2,256,256,116.7470703125,20.73907852172852,train
archive/data/Gray_Leaf_Spot/Corn_Gray_Spot (124).JPG,Gray_Leaf_Spot,2,256,256,128.209228515625,43.874053955078125,test
archive/data/Gray_Leaf_Spot/Corn_Gray_Spot (125).jpg,Gray_Leaf_Spot,2,256,256,140.285888671875,32.22339630126953,train
archive/data/Gray_Leaf_Spot/Corn_Gray_Spot (126).JPG,Gray_Leaf_Spot,2,256,256,115.714111328125,28.23696517944336,train
archive/data/Gray_Leaf_Spot/Corn_Gray_Spot (127).JPG,Gray_Leaf_Spot,2,256,256,115.412841796875,32.20151901245117,train
archive/data/Gray_Leaf_Spot/Corn_Gray_Spot (128).JPG,Gray_Leaf_Spot,2,256,256,119.590576171875,20.88226318359375,train
archive/data/Gray_Leaf_Spot/Corn_Gray_Spot (129).JPG,Gray_Leaf_Spot,2,256,256,125.4140625,19.51496696472168,test
archive/data/Gray_Leaf_Spot/Corn_Gray_Spot (13).jpg,Gray_Leaf_Spot,2,900,675,127.302978515625,35.49324417114258,test
archive/data/Gray_Leaf_Spot/Corn_Gray_Spot (130).JPG,Gray_Leaf_Spot,2,256,256,118.85888671875,25.242826461791992,train
archive/data/Gray_Leaf_Spot/Corn_Gray_Spot (131).JPG,Gray_Leaf_Spot,2,256,256,104.630126953125,73.30024719238281,test
archive/data/Gray_Leaf_Spot/Corn_Gray_Spot (132).jpg,Gray_Leaf_Spot,2,256,256,103.609130859375,21.9614315032959,train
archive/data/Gray_Leaf_Spot/Corn_Gray_Spot (133).JPG,Gray_Leaf_Spot,2,256,256,123.378662109375,33.67500305175781,train
archive/data/Gray_Leaf_Spot/Corn_Gray_Spot (134).JPG,Gray_Leaf_Spot,2,256,256,114.632568359375,35.1177864074707,test
archive/data/Gray_Leaf_Spot/Corn_Gray_Spot (135).JPG,Gray_Leaf_Spot,2,256,256,119.471923828125,25.741989135742188,train
archive/data/Gray_Leaf_Spot/Corn_Gray_Spot (136).JPG,Gray_Leaf_Spot,2,256,256,121.693359375,42.37874984741211,test
archive/data/Gray_Leaf_Spot/Corn_Gray_Spot (137).JPG,Gray_Leaf_Spot,2,256,256,127.118408203125,56.69791412353516,train
archive/data/Gray_Leaf_Spot/Corn_Gray_Spot (138).JPG,Gray_Leaf_Spot,2,256,256,134.6826171875,41.68918991088867,train
archive/data/Gray_Leaf_Spot/Corn_Gray_Spot (139).JPG,Gray_Leaf_Spot,2,256,256,111.117919921875,41.12876892089844,train
archive/data/Gray_Leaf_Spot/Corn_Gray_Spot (14).jpg,Gray_Leaf_Spot,2,1275,960,125.7763671875,56.62633514404297,train
archive/data/Gray_Leaf_Spot/Corn_Gray_Spot (140).JPG,Gray_Leaf_Spot,2,256,256,116.499267578125,21.18717765808105,train
archive/data/Gray_Leaf_Spot/Corn_Gray_Spot (141).JPG,Gray_Leaf_Spot,2,256,256,118.9638671875,21.16251945495605,train
archive/data/Gray_Leaf_Spot/Corn_Gray_Spot (142).JPG,Gray_Leaf_Spot,2,256,256,127.19970703125,25.1563720703125,train
archive/data/Gray_Leaf_Spot/Corn_Gray_Spot (143).JPG,Gray_Leaf_Spot,2,256,256,103.245361328125,44.73340606689453,test
archive/data/Gray_Leaf_Spot/Corn_Gray_Spot (144).JPG,Gray_Leaf_Spot,2,256,256,117.69775390625,31.573095321655277,train
archive/data/Gray_Leaf_Spot/Corn_Gray_Spot (145).JPG,Gray_Leaf_Spot,2,256,256,117.11669921875,45.41808319091797,train
archive/data/Gray_Leaf_Spot/Corn_Gray_Spot (146).JPG,Gray_Leaf_Spot,2,256,256,106.2841796875,41.32255935668945,train
archive/data/Gray_Leaf_Spot/Corn_Gray_Spot (147).jpg,Gray_Leaf_Spot,2,256,256,97.70361328125,32.447021484375,test
archive/data/Gray_Leaf_Spot/Corn_Gray_Spot (148).JPG,Gray_Leaf_Spot,2,256,256,115.888427734375,43.86880111694336,train
archive/data/Gray_Leaf_Spot/Corn_Gray_Spot (149).JPG,Gray_Leaf_Spot,2,256,256,115.146240234375,43.26698684692383,test
archive/data/Gray_Leaf_Spot/Corn_Gray_Spot (15).jpg,Gray_Leaf_Spot,2,313,213,120.206787109375,24.706470489501957,train
archive/data/Gray_Leaf_Spot/Corn_Gray_Spot (150).JPG,Gray_Leaf_Spot,2,256,256,120.115478515625,19.151012420654297,train
archive/data/Gray_Leaf_Spot/Corn_Gray_Spot (151).jpg,Gray_Leaf_Spot,2,256,256,103.217529296875,27.344362258911133,validation
archive/data/Gray_Leaf_Spot/Corn_Gray_Spot (152).JPG,Gray_Leaf_Spot,2,256,256,118.178955078125,32.76148223876953,train
archive/data/Gray_Leaf_Spot/Corn_Gray_Spot (153).JPG,Gray_Leaf_Spot,2,256,256,119.727294921875,27.43620109558105,train
archive/data/Gray_Leaf_Spot/Corn_Gray_Spot (154).JPG,Gray_Leaf_Spot,2,256,256,103.261474609375,30.0432186126709,test
archive/data/Gray_Leaf_Spot/Corn_Gray_Spot (155).JPG,Gray_Leaf_Spot,2,256,256,107.83349609375,31.68839454650879,validation
archive/data/Gray_Leaf_Spot/Corn_Gray_Spot (156).JPG,Gray_Leaf_Spot,2,256,256,111.034423828125,25.49648666381836,train
archive/data/Gray_Leaf_Spot/Corn_Gray_Spot (157).jpg,Gray_Leaf_Spot,2,256,256,90.5654296875,21.06242179870605,test
archive/data/Gray_Leaf_Spot/Corn_Gray_Spot (158).JPG,Gray_Leaf_Spot,2,256,256,129.593505859375,26.659832000732425,test
archive/data/Gray_Leaf_Spot/Corn_Gray_Spot (159).JPG,Gray_Leaf_Spot,2,256,256,140.270751953125,45.70840835571289,train
archive/data/Gray_Leaf_Spot/Corn_Gray_Spot (16).jpg,Gray_Leaf_Spot,2,700,394,135.734130859375,59.5858154296875,train
archive/data/Gray_Leaf_Spot/Corn_Gray_Spot (160).JPG,Gray_Leaf_Spot,2,256,256,119.80419921875,20.21173858642578,test
archive/data/Gray_Leaf_Spot/Corn_Gray_Spot (161).JPG,Gray_Leaf_Spot,2,256,256,119.13818359375,37.3730354309082,train
archive/data/Gray_Leaf_Spot/Corn_Gray_Spot (162).JPG,Gray_Leaf_Spot,2,256,256,141.618896484375,37.58655548095703,train
archive/data/Gray_Leaf_Spot/Corn_Gray_Spot (163).JPG,Gray_Leaf_Spot,2,256,256,124.98583984375,37.2597541809082,test
archive/data/Gray_Leaf_Spot/Corn_Gray_Spot (164).JPG,Gray_Leaf_Spot,2,256,256,121.08740234375,27.2822380065918,test
archive/data/Gray_Leaf_Spot/Corn_Gray_Spot (165).JPG,Gray_Leaf_Spot,2,256,256,117.0625,44.18085861206055,train
archive/data/Gray_Leaf_Spot/Corn_Gray_Spot (166).JPG,Gray_Leaf_Spot,2,256,256,122.389404296875,49.28801727294922,validation
archive/data/Gray_Leaf_Spot/Corn_Gray_Spot (167).JPG,Gray_Leaf_Spot,2,256,256,118.037841796875,26.91800308227539,train
archive/data/Gray_Leaf_Spot/Corn_Gray_Spot (168).JPG,Gray_Leaf_Spot,2,256,256,120.05078125,33.83820724487305,test
archive/data/Gray_Leaf_Spot/Corn_Gray_Spot (169).JPG,Gray_Leaf_Spot,2,256,256,121.84423828125,14.730643272399902,train
archive/data/Gray_Leaf_Spot/Corn_Gray_Spot (17).jpg,Gray_Leaf_Spot,2,660,276,120.0537109375,40.755104064941406,train
archive/data/Gray_Leaf_Spot/Corn_Gray_Spot (170).JPG,Gray_Leaf_Spot,2,256,256,114.87939453125,60.23168563842773,train
archive/data/Gray_Leaf_Spot/Corn_Gray_Spot (171).JPG,Gray_Leaf_Spot,2,256,256,96.580810546875,43.40806198120117,validation
archive/data/Gray_Leaf_Spot/Corn_Gray_Spot (172).JPG,Gray_Leaf_Spot,2,256,256,127.98388671875,32.077354431152344,train
archive/data/Gray_Leaf_Spot/Corn_Gray_Spot (173).JPG,Gray_Leaf_Spot,2,256,256,124.205078125,46.48854064941406,train
archive/data/Gray_Leaf_Spot/Corn_Gray_Spot (174).jpg,Gray_Leaf_Spot,2,256,256,104.55908203125,36.17644500732422,test
archive/data/Gray_Leaf_Spot/Corn_Gray_Spot (175).jpg,Gray_Leaf_Spot,2,256,256,105.3310546875,23.748647689819336,train
archive/data/Gray_Leaf_Spot/Corn_Gray_Spot (176).JPG,Gray_Leaf_Spot,2,256,256,130.997314453125,36.40200805664063,train
archive/data/Gray_Leaf_Spot/Corn_Gray_Spot (177).JPG,Gray_Leaf_Spot,2,256,256,110.854736328125,41.3329963684082,train
archive/data/Gray_Leaf_Spot/Corn_Gray_Spot (178).JPG,Gray_Leaf_Spot,2,256,256,117.453125,22.95520782470703,validation
archive/data/Gray_Leaf_Spot/Corn_Gray_Spot (179).JPG,Gray_Leaf_Spot,2,256,256,172.783203125,47.03706741333008,test
archive/data/Gray_Leaf_Spot/Corn_Gray_Spot (18).jpg,Gray_Leaf_Spot,2,700,394,104.826904296875,62.36348724365234,train
archive/data/Gray_Leaf_Spot/Corn_Gray_Spot (180).JPG,Gray_Leaf_Spot,2,256,256,112.76708984375,33.042572021484375,train
archive/data/Gray_Leaf_Spot/Corn_Gray_Spot (181).JPG,Gray_Leaf_Spot,2,256,256,89.57373046875,43.18794631958008,validation
archive/data/Gray_Leaf_Spot/Corn_Gray_Spot (182).JPG,Gray_Leaf_Spot,2,256,256,116.4189453125,23.01483917236328,train
archive/data/Gray_Leaf_Spot/Corn_Gray_Spot (183).JPG,Gray_Leaf_Spot,2,256,256,130.774658203125,23.61150550842285,train
archive/data/Gray_Leaf_Spot/Corn_Gray_Spot (184).JPG,Gray_Leaf_Spot,2,256,256,116.555908203125,33.097537994384766,validation
archive/data/Gray_Leaf_Spot/Corn_Gray_Spot (185).JPG,Gray_Leaf_Spot,2,256,256,125.18896484375,20.913604736328125,validation
archive/data/Gray_Leaf_Spot/Corn_Gray_Spot (186).JPG,Gray_Leaf_Spot,2,256,256,107.968994140625,49.33663558959961,validation
archive/data/Gray_Leaf_Spot/Corn_Gray_Spot (187).JPG,Gray_Leaf_Spot,2,256,256,120.126953125,25.67833709716797,test
archive/data/Gray_Leaf_Spot/Corn_Gray_Spot (188).JPG,Gray_Leaf_Spot,2,256,256,111.476318359375,29.53792953491211,train
archive/data/Gray_Leaf_Spot/Corn_Gray_Spot (189).JPG,Gray_Leaf_Spot,2,256,256,110.18408203125,53.29289245605469,train
archive/data/Gray_Leaf_Spot/Corn_Gray_Spot (190).JPG,Gray_Leaf_Spot,2,256,256,115.983154296875,32.66212463378906,test
archive/data/Gray_Leaf_Spot/Corn_Gray_Spot (191).JPG,Gray_Leaf_Spot,2,256,256,102.618896484375,25.64284896850586,train
archive/data/Gray_Leaf_Spot/Corn_Gray_Spot (192).JPG,Gray_Leaf_Spot,2,256,256,108.017822265625,28.72283744812012,train
archive/data/Gray_Leaf_Spot/Corn_Gray_Spot (193).JPG,Gray_Leaf_Spot,2,256,256,127.7998046875,24.546401977539062,validation
archive/data/Gray_Leaf_Spot/Corn_Gray_Spot (194).JPG,Gray_Leaf_Spot,2,256,256,122.5908203125,22.04538917541504,train
archive/data/Gray_Leaf_Spot/Corn_Gray_Spot (195).JPG,Gray_Leaf_Spot,2,256,256,122.85546875,35.697364807128906,train
archive/data/Gray_Leaf_Spot/Corn_Gray_Spot (196).JPG,Gray_Leaf_Spot,2,256,256,109.185302734375,26.19772720336914,test
archive/data/Gray_Leaf_Spot/Corn_Gray_Spot (197).JPG,Gray_Leaf_Spot,2,256,256,134.739013671875,42.721435546875,train
archive/data/Gray_Leaf_Spot/Corn_Gray_Spot (198).JPG,Gray_Leaf_Spot,2,256,256,120.75,28.081859588623047,test
archive/data/Gray_Leaf_Spot/Corn_Gray_Spot (199).JPG,Gray_Leaf_Spot,2,256,256,116.40576171875,31.623044967651367,train
archive/data/Gray_Leaf_Spot/Corn_Gray_Spot (2).jpg,Gray_Leaf_Spot,2,299,371,116.8720703125,46.3414306640625,train
archive/data/Gray_Leaf_Spot/Corn_Gray_Spot (20).jpg,Gray_Leaf_Spot,2,300,225,131.614990234375,24.184289932250977,validation
archive/data/Gray_Leaf_Spot/Corn_Gray_Spot (200).JPG,Gray_Leaf_Spot,2,256,256,136.763671875,56.455997467041016,train
archive/data/Gray_Leaf_Spot/Corn_Gray_Spot (201).JPG,Gray_Leaf_Spot,2,256,256,91.507080078125,62.97422409057617,train
archive/data/Gray_Leaf_Spot/Corn_Gray_Spot (202).JPG,Gray_Leaf_Spot,2,256,256,115.5927734375,57.61461639404297,train
archive/data/Gray_Leaf_Spot/Corn_Gray_Spot (203).JPG,Gray_Leaf_Spot,2,256,256,118.775634765625,37.50372695922852,validation
archive/data/Gray_Leaf_Spot/Corn_Gray_Spot (204).JPG,Gray_Leaf_Spot,2,256,256,131.132080078125,40.415435791015625,train
archive/data/Gray_Leaf_Spot/Corn_Gray_Spot (205).JPG,Gray_Leaf_Spot,2,256,256,111.32861328125,41.62700653076172,test
archive/data/Gray_Leaf_Spot/Corn_Gray_Spot (206).JPG,Gray_Leaf_Spot,2,256,256,116.80224609375,18.46847152709961,test
archive/data/Gray_Leaf_Spot/Corn_Gray_Spot (207).JPG,Gray_Leaf_Spot,2,256,256,109.653076171875,40.16975784301758,train
archive/data/Gray_Leaf_Spot/Corn_Gray_Spot (208).JPG,Gray_Leaf_Spot,2,256,256,124.90576171875,44.436622619628906,train
archive/data/Gray_Leaf_Spot/Corn_Gray_Spot (209).jpg,Gray_Leaf_Spot,2,256,256,108.94140625,38.30268096923828,train
archive/data/Gray_Leaf_Spot/Corn_Gray_Spot (21).jpg,Gray_Leaf_Spot,2,690,345,179.902587890625,34.559139251708984,test
archive/data/Gray_Leaf_Spot/Corn_Gray_Spot (210).JPG,Gray_Leaf_Spot,2,256,256,123.58203125,24.29147720336914,train
archive/data/Gray_Leaf_Spot/Corn_Gray_Spot (211).JPG,Gray_Leaf_Spot,2,256,256,117.45166015625,20.12095069885254,validation
archive/data/Gray_Leaf_Spot/Corn_Gray_Spot (212).JPG,Gray_Leaf_Spot,2,256,256,111.854736328125,57.857177734375,train
archive/data/Gray_Leaf_Spot/Corn_Gray_Spot (213).jpg,Gray_Leaf_Spot,2,256,256,121.758056640625,29.115766525268555,validation
archive/data/Gray_Leaf_Spot/Corn_Gray_Spot (214).JPG,Gray_Leaf_Spot,2,256,256,126.283203125,18.90464401245117,test
archive/data/Gray_Leaf_Spot/Corn_Gray_Spot (215).jpg,Gray_Leaf_Spot,2,256,256,110.692138671875,20.01270866394043,train
archive/data/Gray_Leaf_Spot/Corn_Gray_Spot (216).jpg,Gray_Leaf_Spot,2,256,256,119.357421875,20.18373107910156,train
archive/data/Gray_Leaf_Spot/Corn_Gray_Spot (217).JPG,Gray_Leaf_Spot,2,256,256,118.967041015625,22.35226249694824,validation
archive/data/Gray_Leaf_Spot/Corn_Gray_Spot (218).JPG,Gray_Leaf_Spot,2,256,256,111.681884765625,54.87629318237305,test
archive/data/Gray_Leaf_Spot/Corn_Gray_Spot (219).JPG,Gray_Leaf_Spot,2,256,256,120.191162109375,36.771785736083984,train
archive/data/Gray_Leaf_Spot/Corn_Gray_Spot (22).jpg,Gray_Leaf_Spot,2,852,639,134.228759765625,31.26593589782715,train
archive/data/Gray_Leaf_Spot/Corn_Gray_Spot (220).JPG,Gray_Leaf_Spot,2,256,256,102.325927734375,52.80515670776367,train
archive/data/Gray_Leaf_Spot/Corn_Gray_Spot (221).JPG,Gray_Leaf_Spot,2,256,256,123.380859375,27.945539474487305,train
archive/data/Gray_Leaf_Spot/Corn_Gray_Spot (222).JPG,Gray_Leaf_Spot,2,256,256,125.081787109375,27.03978157043457,train
archive/data/Gray_Leaf_Spot/Corn_Gray_Spot (223).jpg,Gray_Leaf_Spot,2,256,256,107.810791015625,42.54636764526367,test
archive/data/Gray_Leaf_Spot/Corn_Gray_Spot (224).JPG,Gray_Leaf_Spot,2,256,256,119.565673828125,27.43515396118164,train
archive/data/Gray_Leaf_Spot/Corn_Gray_Spot (225).jpg,Gray_Leaf_Spot,2,256,256,118.474853515625,23.669382095336918,validation
archive/data/Gray_Leaf_Spot/Corn_Gray_Spot (226).JPG,Gray_Leaf_Spot,2,256,256,119.314208984375,37.14275360107422,train
archive/data/Gray_Leaf_Spot/Corn_Gray_Spot (227).JPG,Gray_Leaf_Spot,2,256,256,122.448486328125,24.98778533935547,test
archive/data/Gray_Leaf_Spot/Corn_Gray_Spot (228).JPG,Gray_Leaf_Spot,2,256,256,133.435546875,29.401485443115234,train
archive/data/Gray_Leaf_Spot/Corn_Gray_Spot (229).JPG,Gray_Leaf_Spot,2,256,256,104.6162109375,40.91664123535156,train
archive/data/Gray_Leaf_Spot/Corn_Gray_Spot (23).jpg,Gray_Leaf_Spot,2,1080,614,128.20849609375,27.248218536376957,train
archive/data/Gray_Leaf_Spot/Corn_Gray_Spot (230).JPG,Gray_Leaf_Spot,2,256,256,124.0302734375,45.69665145874024,validation
archive/data/Gray_Leaf_Spot/Corn_Gray_Spot (231).JPG,Gray_Leaf_Spot,2,256,256,118.60791015625,19.64229965209961,train
archive/data/Gray_Leaf_Spot/Corn_Gray_Spot (232).JPG,Gray_Leaf_Spot,2,256,256,128.27685546875,35.15217208862305,test
archive/data/Gray_Leaf_Spot/Corn_Gray_Spot (233).JPG,Gray_Leaf_Spot,2,256,256,133.52001953125,47.86236572265625,train
archive/data/Gray_Leaf_Spot/Corn_Gray_Spot (234).JPG,Gray_Leaf_Spot,2,256,256,113.087890625,37.35666275024414,validation
archive/data/Gray_Leaf_Spot/Corn_Gray_Spot (235).JPG,Gray_Leaf_Spot,2,256,256,108.744873046875,33.248497009277344,train
archive/data/Gray_Leaf_Spot/Corn_Gray_Spot (236).JPG,Gray_Leaf_Spot,2,256,256,111.36767578125,27.80917358398437,train
archive/data/Gray_Leaf_Spot/Corn_Gray_Spot (237).JPG,Gray_Leaf_Spot,2,256,256,114.808349609375,30.05661392211914,test
archive/data/Gray_Leaf_Spot/Corn_Gray_Spot (238).JPG,Gray_Leaf_Spot,2,256,256,116.6103515625,24.204572677612305,train
archive/data/Gray_Leaf_Spot/Corn_Gray_Spot (239).JPG,Gray_Leaf_Spot,2,256,256,111.603515625,30.678651809692383,test
archive/data/Gray_Leaf_Spot/Corn_Gray_Spot (24).jpg,Gray_Leaf_Spot,2,242,195,135.630859375,21.912044525146484,test
archive/data/Gray_Leaf_Spot/Corn_Gray_Spot (240).JPG,Gray_Leaf_Spot,2,256,256,118.27880859375,27.23199462890625,train
archive/data/Gray_Leaf_Spot/Corn_Gray_Spot (241).JPG,Gray_Leaf_Spot,2,256,256,105.002197265625,41.5420036315918,test
archive/data/Gray_Leaf_Spot/Corn_Gray_Spot (242).JPG,Gray_Leaf_Spot,2,256,256,116.12548828125,37.29806137084961,test
archive/data/Gray_Leaf_Spot/Corn_Gray_Spot (243).JPG,Gray_Leaf_Spot,2,256,256,127.038818359375,29.01031494140625,test
archive/data/Gray_Leaf_Spot/Corn_Gray_Spot (244).JPG,Gray_Leaf_Spot,2,256,256,98.20751953125,34.22361373901367,train
archive/data/Gray_Leaf_Spot/Corn_Gray_Spot (245).JPG,Gray_Leaf_Spot,2,256,256,116.135498046875,23.974199295043945,train
archive/data/Gray_Leaf_Spot/Corn_Gray_Spot (246).JPG,Gray_Leaf_Spot,2,256,256,118.04345703125,36.247596740722656,train
archive/data/Gray_Leaf_Spot/Corn_Gray_Spot (247).JPG,Gray_Leaf_Spot,2,256,256,121.165283203125,42.12677383422852,test
archive/data/Gray_Leaf_Spot/Corn_Gray_Spot (248).JPG,Gray_Leaf_Spot,2,256,256,112.947509765625,29.65460968017578,test
archive/data/Gray_Leaf_Spot/Corn_Gray_Spot (249).JPG,Gray_Leaf_Spot,2,256,256,118.8408203125,25.64703941345215,train
archive/data/Gray_Leaf_Spot/Corn_Gray_Spot (25).jpg,Gray_Leaf_Spot,2,300,191,108.8564453125,29.606449127197266,validation
archive/data/Gray_Leaf_Spot/Corn_Gray_Spot (250).JPG,Gray_Leaf_Spot,2,256,256,119.87060546875,28.47014617919922,train
archive/data/Gray_Leaf_Spot/Corn_Gray_Spot (251).jpg,Gray_Leaf_Spot,2,256,256,138.352783203125,41.60263442993164,train
archive/data/Gray_Leaf_Spot/Corn_Gray_Spot (252).JPG,Gray_Leaf_Spot,2,256,256,105.248291015625,26.172143936157227,train
archive/data/Gray_Leaf_Spot/Corn_Gray_Spot (253).JPG,Gray_Leaf_Spot,2,256,256,122.4248046875,19.26447105407715,train
archive/data/Gray_Leaf_Spot/Corn_Gray_Spot (254).JPG,Gray_Leaf_Spot,2,256,256,140.059814453125,34.9554557800293,validation
archive/data/Gray_Leaf_Spot/Corn_Gray_Spot (255).jpg,Gray_Leaf_Spot,2,256,256,126.02294921875,44.50743865966797,test
archive/data/Gray_Leaf_Spot/Corn_Gray_Spot (256).jpg,Gray_Leaf_Spot,2,256,256,168.242919921875,29.99211883544922,train
archive/data/Gray_Leaf_Spot/Corn_Gray_Spot (257).JPG,Gray_Leaf_Spot,2,256,256,121.43603515625,17.67068862915039,train
archive/data/Gray_Leaf_Spot/Corn_Gray_Spot (258).JPG,Gray_Leaf_Spot,2,256,256,117.0595703125,31.148256301879883,train
archive/data/Gray_Leaf_Spot/Corn_Gray_Spot (259).JPG,Gray_Leaf_Spot,2,256,256,107.582763671875,59.206092834472656,train
archive/data/Gray_Leaf_Spot/Corn_Gray_Spot (26).jpg,Gray_Leaf_Spot,2,200,590,121.444580078125,40.5493392944336,validation
archive/data/Gray_Leaf_Spot/Corn_Gray_Spot (260).JPG,Gray_Leaf_Spot,2,256,256,102.983642578125,39.87923049926758,train
archive/data/Gray_Leaf_Spot/Corn_Gray_Spot (261).JPG,Gray_Leaf_Spot,2,256,256,127.733642578125,57.76754760742188,train
archive/data/Gray_Leaf_Spot/Corn_Gray_Spot (262).JPG,Gray_Leaf_Spot,2,256,256,108.917724609375,52.81385040283203,validation
archive/data/Gray_Leaf_Spot/Corn_Gray_Spot (263).JPG,Gray_Leaf_Spot,2,256,256,121.5966796875,31.424753189086918,test
archive/data/Gray_Leaf_Spot/Corn_Gray_Spot (264).JPG,Gray_Leaf_Spot,2,256,256,116.89111328125,35.82847213745117,test
archive/data/Gray_Leaf_Spot/Corn_Gray_Spot (265).jpg,Gray_Leaf_Spot,2,256,256,121.634033203125,32.21698760986328,train
archive/data/Gray_Leaf_Spot/Corn_Gray_Spot (266).JPG,Gray_Leaf_Spot,2,256,256,120.472412109375,32.30158233642578,validation
archive/data/Gray_Leaf_Spot/Corn_Gray_Spot (267).JPG,Gray_Leaf_Spot,2,256,256,126.14306640625,49.54280853271485,train
archive/data/Gray_Leaf_Spot/Corn_Gray_Spot (268).jpg,Gray_Leaf_Spot,2,256,256,129.309814453125,49.09744644165039,train
archive/data/Gray_Leaf_Spot/Corn_Gray_Spot (269).JPG,Gray_Leaf_Spot,2,256,256,120.17041015625,36.82137680053711,test
archive/data/Gray_Leaf_Spot/Corn_Gray_Spot (27).jpg,Gray_Leaf_Spot,2,300,236,130.462158203125,32.50446319580078,train
archive/data/Gray_Leaf_Spot/Corn_Gray_Spot (270).JPG,Gray_Leaf_Spot,2,256,256,121.482177734375,22.63150787353516,train
archive/data/Gray_Leaf_Spot/Corn_Gray_Spot (271).JPG,Gray_Leaf_Spot,2,256,256,111.9755859375,29.293210983276367,validation
archive/data/Gray_Leaf_Spot/Corn_Gray_Spot (272).jpg,Gray_Leaf_Spot,2,256,256,122.970458984375,46.69089126586914,validation
archive/data/Gray_Leaf_Spot/Corn_Gray_Spot (273).JPG,Gray_Leaf_Spot,2,256,256,118.89599609375,41.25847244262695,train
archive/data/Gray_Leaf_Spot/Corn_Gray_Spot (274).JPG,Gray_Leaf_Spot,2,256,256,124.9794921875,42.47200775146485,validation
archive/data/Gray_Leaf_Spot/Corn_Gray_Spot (275).JPG,Gray_Leaf_Spot,2,256,256,122.522705078125,38.187007904052734,train
archive/data/Gray_Leaf_Spot/Corn_Gray_Spot (276).JPG,Gray_Leaf_Spot,2,256,256,104.976318359375,31.867979049682617,train
archive/data/Gray_Leaf_Spot/Corn_Gray_Spot (277).JPG,Gray_Leaf_Spot,2,256,256,124.671875,25.146080017089844,test
archive/data/Gray_Leaf_Spot/Corn_Gray_Spot (278).JPG,Gray_Leaf_Spot,2,256,256,123.43994140625,63.835391998291016,train
archive/data/Gray_Leaf_Spot/Corn_Gray_Spot (279).JPG,Gray_Leaf_Spot,2,256,256,126.025390625,41.037071228027344,train
archive/data/Gray_Leaf_Spot/Corn_Gray_Spot (28).jpg,Gray_Leaf_Spot,2,267,350,150.168701171875,52.4614486694336,train
archive/data/Gray_Leaf_Spot/Corn_Gray_Spot (280).jpg,Gray_Leaf_Spot,2,256,256,111.879638671875,24.67646026611328,train
archive/data/Gray_Leaf_Spot/Corn_Gray_Spot (281).JPG,Gray_Leaf_Spot,2,256,256,105.985107421875,22.35587501525879,validation
archive/data/Gray_Leaf_Spot/Corn_Gray_Spot (282).JPG,Gray_Leaf_Spot,2,256,256,119.861083984375,29.03336906433105,train
archive/data/Gray_Leaf_Spot/Corn_Gray_Spot (283).JPG,Gray_Leaf_Spot,2,256,256,137.07177734375,33.651573181152344,train
archive/data/Gray_Leaf_Spot/Corn_Gray_Spot (284).JPG,Gray_Leaf_Spot,2,256,256,131.449951171875,43.18879318237305,train
archive/data/Gray_Leaf_Spot/Corn_Gray_Spot (285).JPG,Gray_Leaf_Spot,2,256,256,117.556884765625,49.38741683959961,train
archive/data/Gray_Leaf_Spot/Corn_Gray_Spot (286).JPG,Gray_Leaf_Spot,2,256,256,118.620361328125,28.4914608001709,test
archive/data/Gray_Leaf_Spot/Corn_Gray_Spot (287).jpg,Gray_Leaf_Spot,2,256,256,163.844970703125,25.959367752075195,train
archive/data/Gray_Leaf_Spot/Corn_Gray_Spot (288).JPG,Gray_Leaf_Spot,2,256,256,117.99169921875,38.251564025878906,train
archive/data/Gray_Leaf_Spot/Corn_Gray_Spot (289).JPG,Gray_Leaf_Spot,2,256,256,118.046875,23.101099014282227,train
archive/data/Gray_Leaf_Spot/Corn_Gray_Spot (29).jpg,Gray_Leaf_Spot,2,430,359,100.6865234375,47.06321716308594,validation
archive/data/Gray_Leaf_Spot/Corn_Gray_Spot (290).JPG,Gray_Leaf_Spot,2,256,256,142.493408203125,45.5147819519043,train
archive/data/Gray_Leaf_Spot/Corn_Gray_Spot (291).JPG,Gray_Leaf_Spot,2,256,256,120.62548828125,22.60060691833496,test
archive/data/Gray_Leaf_Spot/Corn_Gray_Spot (292).jpg,Gray_Leaf_Spot,2,256,256,114.63671875,34.07248306274414,train
archive/data/Gray_Leaf_Spot/Corn_Gray_Spot (293).JPG,Gray_Leaf_Spot,2,256,256,117.59375,24.384634017944336,validation
archive/data/Gray_Leaf_Spot/Corn_Gray_Spot (294).JPG,Gray_Leaf_Spot,2,256,256,111.76513671875,21.40176773071289,train
archive/data/Gray_Leaf_Spot/Corn_Gray_Spot (295).JPG,Gray_Leaf_Spot,2,256,256,101.405517578125,22.488710403442383,train
archive/data/Gray_Leaf_Spot/Corn_Gray_Spot (296).JPG,Gray_Leaf_Spot,2,256,256,109.44482421875,19.643213272094727,validation
archive/data/Gray_Leaf_Spot/Corn_Gray_Spot (297).JPG,Gray_Leaf_Spot,2,256,256,131.79052734375,36.182838439941406,test
archive/data/Gray_Leaf_Spot/Corn_Gray_Spot (298).JPG,Gray_Leaf_Spot,2,256,256,107.9658203125,21.225669860839844,validation
archive/data/Gray_Leaf_Spot/Corn_Gray_Spot (299).JPG,Gray_Leaf_Spot,2,256,256,107.6650390625,28.162511825561523,train
archive/data/Gray_Leaf_Spot/Corn_Gray_Spot (3).jpg,Gray_Leaf_Spot,2,298,372,131.375,40.48353958129883,train
archive/data/Gray_Leaf_Spot/Corn_Gray_Spot (30).jpg,Gray_Leaf_Spot,2,482,378,109.419189453125,40.19734191894531,validation
archive/data/Gray_Leaf_Spot/Corn_Gray_Spot (300).JPG,Gray_Leaf_Spot,2,256,256,122.33251953125,29.62260627746582,train
archive/data/Gray_Leaf_Spot/Corn_Gray_Spot (301).JPG,Gray_Leaf_Spot,2,256,256,112.23828125,25.442554473876957,train
archive/data/Gray_Leaf_Spot/Corn_Gray_Spot (302).JPG,Gray_Leaf_Spot,2,256,256,128.582275390625,34.78743362426758,validation
archive/data/Gray_Leaf_Spot/Corn_Gray_Spot (303).JPG,Gray_Leaf_Spot,2,256,256,119.84912109375,28.604576110839844,validation
archive/data/Gray_Leaf_Spot/Corn_Gray_Spot (304).JPG,Gray_Leaf_Spot,2,256,256,101.0400390625,42.50115966796875,train
archive/data/Gray_Leaf_Spot/Corn_Gray_Spot (305).JPG,Gray_Leaf_Spot,2,256,256,104.4404296875,23.41637420654297,test
archive/data/Gray_Leaf_Spot/Corn_Gray_Spot (306).JPG,Gray_Leaf_Spot,2,256,256,122.901611328125,25.58803367614746,train
archive/data/Gray_Leaf_Spot/Corn_Gray_Spot (307).JPG,Gray_Leaf_Spot,2,256,256,122.15478515625,22.866172790527344,train
archive/data/Gray_Leaf_Spot/Corn_Gray_Spot (308).JPG,Gray_Leaf_Spot,2,256,256,147.314208984375,58.75891876220703,validation
archive/data/Gray_Leaf_Spot/Corn_Gray_Spot (309).JPG,Gray_Leaf_Spot,2,256,256,114.67236328125,38.45703887939453,validation
archive/data/Gray_Leaf_Spot/Corn_Gray_Spot (31).jpg,Gray_Leaf_Spot,2,400,267,114.126708984375,41.89574813842773,validation
archive/data/Gray_Leaf_Spot/Corn_Gray_Spot (310).JPG,Gray_Leaf_Spot,2,256,256,118.849609375,24.051240921020508,train
archive/data/Gray_Leaf_Spot/Corn_Gray_Spot (311).jpg,Gray_Leaf_Spot,2,256,256,116.648681640625,16.811174392700195,train
archive/data/Gray_Leaf_Spot/Corn_Gray_Spot (312).JPG,Gray_Leaf_Spot,2,256,256,118.56640625,45.71387100219727,validation
archive/data/Gray_Leaf_Spot/Corn_Gray_Spot (313).JPG,Gray_Leaf_Spot,2,256,256,107.584716796875,23.12186622619629,test
archive/data/Gray_Leaf_Spot/Corn_Gray_Spot (314).JPG,Gray_Leaf_Spot,2,256,256,99.2421875,32.62778854370117,train
archive/data/Gray_Leaf_Spot/Corn_Gray_Spot (315).JPG,Gray_Leaf_Spot,2,256,256,97.036865234375,31.775894165039062,train
archive/data/Gray_Leaf_Spot/Corn_Gray_Spot (316).JPG,Gray_Leaf_Spot,2,256,256,130.638427734375,46.908451080322266,train
archive/data/Gray_Leaf_Spot/Corn_Gray_Spot (317).JPG,Gray_Leaf_Spot,2,256,256,127.846923828125,29.668359756469727,validation
archive/data/Gray_Leaf_Spot/Corn_Gray_Spot (318).JPG,Gray_Leaf_Spot,2,256,256,125.170166015625,22.0418758392334,validation
archive/data/Gray_Leaf_Spot/Corn_Gray_Spot (319).JPG,Gray_Leaf_Spot,2,256,256,113.49072265625,25.94164085388184,test
archive/data/Gray_Leaf_Spot/Corn_Gray_Spot (32).jpg,Gray_Leaf_Spot,2,349,540,100.990966796875,51.35825347900391,train
archive/data/Gray_Leaf_Spot/Corn_Gray_Spot (320).JPG,Gray_Leaf_Spot,2,256,256,119.879638671875,27.633543014526367,train
archive/data/Gray_Leaf_Spot/Corn_Gray_Spot (321).JPG,Gray_Leaf_Spot,2,256,256,134.053955078125,36.31954956054688,train
archive/data/Gray_Leaf_Spot/Corn_Gray_Spot (322).JPG,Gray_Leaf_Spot,2,256,256,112.63232421875,47.55731964111328,train
archive/data/Gray_Leaf_Spot/Corn_Gray_Spot (323).JPG,Gray_Leaf_Spot,2,256,256,112.4921875,47.64563751220703,train
archive/data/Gray_Leaf_Spot/Corn_Gray_Spot (324).JPG,Gray_Leaf_Spot,2,256,256,115.0986328125,45.15758895874024,train
archive/data/Gray_Leaf_Spot/Corn_Gray_Spot (325).jpg,Gray_Leaf_Spot,2,256,256,115.662353515625,28.3021240234375,train
archive/data/Gray_Leaf_Spot/Corn_Gray_Spot (326).JPG,Gray_Leaf_Spot,2,256,256,110.43359375,27.272031784057617,train
archive/data/Gray_Leaf_Spot/Corn_Gray_Spot (327).JPG,Gray_Leaf_Spot,2,256,256,120.8740234375,40.23346328735352,validation
archive/data/Gray_Leaf_Spot/Corn_Gray_Spot (328).JPG,Gray_Leaf_Spot,2,256,256,93.598388671875,27.22089385986328,train
archive/data/Gray_Leaf_Spot/Corn_Gray_Spot (329).JPG,Gray_Leaf_Spot,2,256,256,115.999755859375,24.51727867126465,train
archive/data/Gray_Leaf_Spot/Corn_Gray_Spot (33).jpg,Gray_Leaf_Spot,2,1500,1048,149.927734375,63.90406036376953,train
archive/data/Gray_Leaf_Spot/Corn_Gray_Spot (330).JPG,Gray_Leaf_Spot,2,256,256,132.234130859375,33.33334732055664,train
archive/data/Gray_Leaf_Spot/Corn_Gray_Spot (331).JPG,Gray_Leaf_Spot,2,256,256,124.35986328125,41.15464782714844,train
archive/data/Gray_Leaf_Spot/Corn_Gray_Spot (332).jpg,Gray_Leaf_Spot,2,256,256,96.545166015625,28.4146785736084,validation
archive/data/Gray_Leaf_Spot/Corn_Gray_Spot (333).JPG,Gray_Leaf_Spot,2,256,256,118.600830078125,40.27463150024414,train
archive/data/Gray_Leaf_Spot/Corn_Gray_Spot (334).JPG,Gray_Leaf_Spot,2,256,256,109.650390625,35.117530822753906,validation
archive/data/Gray_Leaf_Spot/Corn_Gray_Spot (335).jpg,Gray_Leaf_Spot,2,256,256,135.815185546875,43.73941802978516,validation
archive/data/Gray_Leaf_Spot/Corn_Gray_Spot (336).JPG,Gray_Leaf_Spot,2,256,256,95.07080078125,24.2978515625,validation
archive/data/Gray_Leaf_Spot/Corn_Gray_Spot (337).jpg,Gray_Leaf_Spot,2,256,256,99.163330078125,19.863534927368164,validation
archive/data/Gray_Leaf_Spot/Corn_Gray_Spot (338).JPG,Gray_Leaf_Spot,2,256,256,125.7158203125,21.10622978210449,test
archive/data/Gray_Leaf_Spot/Corn_Gray_Spot (339).JPG,Gray_Leaf_Spot,2,256,256,114.29052734375,28.34971046447754,train
archive/data/Gray_Leaf_Spot/Corn_Gray_Spot (34).jpg,Gray_Leaf_Spot,2,550,413,86.757568359375,55.97098159790039,test
archive/data/Gray_Leaf_Spot/Corn_Gray_Spot (340).JPG,Gray_Leaf_Spot,2,256,256,124.51904296875,26.58193588256836,train
archive/data/Gray_Leaf_Spot/Corn_Gray_Spot (341).JPG,Gray_Leaf_Spot,2,256,256,128.408203125,23.56501579284668,test
archive/data/Gray_Leaf_Spot/Corn_Gray_Spot (342).JPG,Gray_Leaf_Spot,2,256,256,121.45947265625,28.16756820678711,validation
archive/data/Gray_Leaf_Spot/Corn_Gray_Spot (343).JPG,Gray_Leaf_Spot,2,256,256,121.132568359375,28.413911819458008,train
archive/data/Gray_Leaf_Spot/Corn_Gray_Spot (344).JPG,Gray_Leaf_Spot,2,256,256,130.091796875,45.20528411865234,validation
archive/data/Gray_Leaf_Spot/Corn_Gray_Spot (345).JPG,Gray_Leaf_Spot,2,256,256,130.214599609375,38.54390335083008,validation
archive/data/Gray_Leaf_Spot/Corn_Gray_Spot (346).JPG,Gray_Leaf_Spot,2,256,256,114.05615234375,24.782663345336918,train
archive/data/Gray_Leaf_Spot/Corn_Gray_Spot (347).JPG,Gray_Leaf_Spot,2,256,256,125.237548828125,26.79229736328125,train
archive/data/Gray_Leaf_Spot/Corn_Gray_Spot (348).jpg,Gray_Leaf_Spot,2,256,256,119.505126953125,19.48618507385254,validation
archive/data/Gray_Leaf_Spot/Corn_Gray_Spot (349).JPG,Gray_Leaf_Spot,2,256,256,120.218017578125,21.754547119140625,train
archive/data/Gray_Leaf_Spot/Corn_Gray_Spot (35).jpg,Gray_Leaf_Spot,2,616,331,117.926025390625,38.4914665222168,train
archive/data/Gray_Leaf_Spot/Corn_Gray_Spot (350).JPG,Gray_Leaf_Spot,2,256,256,112.08203125,49.05448532104492,test
archive/data/Gray_Leaf_Spot/Corn_Gray_Spot (351).JPG,Gray_Leaf_Spot,2,256,256,128.88134765625,30.28253173828125,validation
archive/data/Gray_Leaf_Spot/Corn_Gray_Spot (352).JPG,Gray_Leaf_Spot,2,256,256,127.948974609375,48.55487823486328,train
archive/data/Gray_Leaf_Spot/Corn_Gray_Spot (353).jpg,Gray_Leaf_Spot,2,256,256,90.17919921875,54.12627029418945,validation
archive/data/Gray_Leaf_Spot/Corn_Gray_Spot (354).JPG,Gray_Leaf_Spot,2,256,256,109.797607421875,38.00721740722656,validation
archive/data/Gray_Leaf_Spot/Corn_Gray_Spot (355).JPG,Gray_Leaf_Spot,2,256,256,112.250732421875,45.07102584838867,train
archive/data/Gray_Leaf_Spot/Corn_Gray_Spot (356).JPG,Gray_Leaf_Spot,2,256,256,116.32958984375,33.81300735473633,test
archive/data/Gray_Leaf_Spot/Corn_Gray_Spot (357).jpg,Gray_Leaf_Spot,2,256,256,126.554443359375,33.63374710083008,test
archive/data/Gray_Leaf_Spot/Corn_Gray_Spot (358).JPG,Gray_Leaf_Spot,2,256,256,138.0556640625,52.30949401855469,train
archive/data/Gray_Leaf_Spot/Corn_Gray_Spot (359).JPG,Gray_Leaf_Spot,2,256,256,117.879150390625,57.97124481201172,test
archive/data/Gray_Leaf_Spot/Corn_Gray_Spot (36).jpg,Gray_Leaf_Spot,2,550,362,105.852294921875,42.5684814453125,train
archive/data/Gray_Leaf_Spot/Corn_Gray_Spot (360).JPG,Gray_Leaf_Spot,2,256,256,121.987548828125,42.87940216064453,train
archive/data/Gray_Leaf_Spot/Corn_Gray_Spot (361).JPG,Gray_Leaf_Spot,2,256,256,115.04638671875,25.145906448364254,train
archive/data/Gray_Leaf_Spot/Corn_Gray_Spot (362).jpg,Gray_Leaf_Spot,2,256,256,109.953125,26.43585777282715,train
archive/data/Gray_Leaf_Spot/Corn_Gray_Spot (363).jpg,Gray_Leaf_Spot,2,256,256,127.399658203125,31.17925262451172,train
archive/data/Gray_Leaf_Spot/Corn_Gray_Spot (364).JPG,Gray_Leaf_Spot,2,256,256,120.947998046875,19.70469284057617,train
archive/data/Gray_Leaf_Spot/Corn_Gray_Spot (365).JPG,Gray_Leaf_Spot,2,256,256,124.38525390625,50.67152404785156,validation
archive/data/Gray_Leaf_Spot/Corn_Gray_Spot (366).JPG,Gray_Leaf_Spot,2,256,256,113.79638671875,32.89580154418945,train
archive/data/Gray_Leaf_Spot/Corn_Gray_Spot (367).JPG,Gray_Leaf_Spot,2,256,256,134.76513671875,45.874961853027344,test
archive/data/Gray_Leaf_Spot/Corn_Gray_Spot (368).jpg,Gray_Leaf_Spot,2,256,256,105.632568359375,25.81608390808105,validation
archive/data/Gray_Leaf_Spot/Corn_Gray_Spot (369).JPG,Gray_Leaf_Spot,2,256,256,120.82470703125,30.542537689208984,train
archive/data/Gray_Leaf_Spot/Corn_Gray_Spot (37).jpg,Gray_Leaf_Spot,2,508,337,132.698974609375,61.954288482666016,validation
archive/data/Gray_Leaf_Spot/Corn_Gray_Spot (370).JPG,Gray_Leaf_Spot,2,256,256,127.139892578125,26.116079330444336,train
archive/data/Gray_Leaf_Spot/Corn_Gray_Spot (371).JPG,Gray_Leaf_Spot,2,256,256,92.411865234375,41.89272689819336,train
archive/data/Gray_Leaf_Spot/Corn_Gray_Spot (372).JPG,Gray_Leaf_Spot,2,256,256,119.968017578125,32.06184768676758,train
archive/data/Gray_Leaf_Spot/Corn_Gray_Spot (373).JPG,Gray_Leaf_Spot,2,256,256,115.627685546875,23.4703369140625,train
archive/data/Gray_Leaf_Spot/Corn_Gray_Spot (374).JPG,Gray_Leaf_Spot,2,256,256,123.900634765625,36.688720703125,train
archive/data/Gray_Leaf_Spot/Corn_Gray_Spot (375).JPG,Gray_Leaf_Spot,2,256,256,106.46826171875,44.06834030151367,test
archive/data/Gray_Leaf_Spot/Corn_Gray_Spot (376).jpg,Gray_Leaf_Spot,2,256,256,129.006103515625,37.25168228149414,train
archive/data/Gray_Leaf_Spot/Corn_Gray_Spot (377).jpg,Gray_Leaf_Spot,2,256,256,125.732666015625,27.90240859985352,validation
archive/data/Gray_Leaf_Spot/Corn_Gray_Spot (378).JPG,Gray_Leaf_Spot,2,256,256,120.402099609375,32.28923034667969,train
archive/data/Gray_Leaf_Spot/Corn_Gray_Spot (379).JPG,Gray_Leaf_Spot,2,256,256,128.197021484375,26.78411293029785,train
archive/data/Gray_Leaf_Spot/Corn_Gray_Spot (38).jpg,Gray_Leaf_Spot,2,400,487,108.49755859375,40.59489822387695,test
archive/data/Gray_Leaf_Spot/Corn_Gray_Spot (380).JPG,Gray_Leaf_Spot,2,256,256,166.70556640625,29.25417900085449,test
archive/data/Gray_Leaf_Spot/Corn_Gray_Spot (381).jpg,Gray_Leaf_Spot,2,256,256,114.78369140625,27.731054306030277,train
archive/data/Gray_Leaf_Spot/Corn_Gray_Spot (382).JPG,Gray_Leaf_Spot,2,256,256,122.721435546875,27.29535675048828,validation
archive/data/Gray_Leaf_Spot/Corn_Gray_Spot (383).JPG,Gray_Leaf_Spot,2,256,256,126.3974609375,39.74322891235352,validation
archive/data/Gray_Leaf_Spot/Corn_Gray_Spot (384).JPG,Gray_Leaf_Spot,2,256,256,132.833740234375,38.87190246582031,train
archive/data/Gray_Leaf_Spot/Corn_Gray_Spot (385).JPG,Gray_Leaf_Spot,2,256,256,111.385009765625,37.60115814208984,train
archive/data/Gray_Leaf_Spot/Corn_Gray_Spot (386).JPG,Gray_Leaf_Spot,2,256,256,146.2958984375,42.51890182495117,validation
archive/data/Gray_Leaf_Spot/Corn_Gray_Spot (387).JPG,Gray_Leaf_Spot,2,256,256,120.5751953125,25.398212432861328,train
archive/data/Gray_Leaf_Spot/Corn_Gray_Spot (388).JPG,Gray_Leaf_Spot,2,256,256,112.952392578125,32.54598617553711,train
archive/data/Gray_Leaf_Spot/Corn_Gray_Spot (389).JPG,Gray_Leaf_Spot,2,256,256,133.940185546875,50.70520782470703,test
archive/data/Gray_Leaf_Spot/Corn_Gray_Spot (39).jpg,Gray_Leaf_Spot,2,432,679,114.490966796875,46.9077033996582,test
archive/data/Gray_Leaf_Spot/Corn_Gray_Spot (390).JPG,Gray_Leaf_Spot,2,256,256,109.830810546875,50.240379333496094,validation
archive/data/Gray_Leaf_Spot/Corn_Gray_Spot (391).JPG,Gray_Leaf_Spot,2,256,256,102.2353515625,31.802404403686523,train
archive/data/Gray_Leaf_Spot/Corn_Gray_Spot (392).JPG,Gray_Leaf_Spot,2,256,256,91.31982421875,37.261497497558594,train
archive/data/Gray_Leaf_Spot/Corn_Gray_Spot (393).jpg,Gray_Leaf_Spot,2,256,256,124.889892578125,19.90593910217285,train
archive/data/Gray_Leaf_Spot/Corn_Gray_Spot (394).JPG,Gray_Leaf_Spot,2,256,256,114.489013671875,38.177547454833984,train
archive/data/Gray_Leaf_Spot/Corn_Gray_Spot (395).JPG,Gray_Leaf_Spot,2,256,256,116.460693359375,27.209444046020508,validation
archive/data/Gray_Leaf_Spot/Corn_Gray_Spot (396).JPG,Gray_Leaf_Spot,2,256,256,118.58642578125,30.604341506958008,train
archive/data/Gray_Leaf_Spot/Corn_Gray_Spot (397).jpg,Gray_Leaf_Spot,2,256,256,109.5625,28.124313354492188,train
archive/data/Gray_Leaf_Spot/Corn_Gray_Spot (398).JPG,Gray_Leaf_Spot,2,256,256,106.086669921875,27.855024337768555,train
archive/data/Gray_Leaf_Spot/Corn_Gray_Spot (399).JPG,Gray_Leaf_Spot,2,256,256,118.3056640625,40.57505798339844,train
archive/data/Gray_Leaf_Spot/Corn_Gray_Spot (4).jpg,Gray_Leaf_Spot,2,432,329,134.59423828125,43.374778747558594,train
archive/data/Gray_Leaf_Spot/Corn_Gray_Spot (40).jpg,Gray_Leaf_Spot,2,432,324,144.093994140625,53.5949821472168,train
archive/data/Gray_Leaf_Spot/Corn_Gray_Spot (400).JPG,Gray_Leaf_Spot,2,256,256,100.50439453125,37.98061752319336,train
archive/data/Gray_Leaf_Spot/Corn_Gray_Spot (401).JPG,Gray_Leaf_Spot,2,256,256,121.441162109375,19.42119026184082,validation
archive/data/Gray_Leaf_Spot/Corn_Gray_Spot (402).JPG,Gray_Leaf_Spot,2,256,256,118.252197265625,27.46631622314453,train
archive/data/Gray_Leaf_Spot/Corn_Gray_Spot (403).JPG,Gray_Leaf_Spot,2,256,256,121.1923828125,23.6303653717041,train
archive/data/Gray_Leaf_Spot/Corn_Gray_Spot (404).JPG,Gray_Leaf_Spot,2,256,256,121.775634765625,33.157188415527344,train
archive/data/Gray_Leaf_Spot/Corn_Gray_Spot (405).JPG,Gray_Leaf_Spot,2,256,256,122.600830078125,31.390769958496094,test
archive/data/Gray_Leaf_Spot/Corn_Gray_Spot (406).JPG,Gray_Leaf_Spot,2,256,256,136.64697265625,21.948978424072266,validation
archive/data/Gray_Leaf_Spot/Corn_Gray_Spot (407).JPG,Gray_Leaf_Spot,2,256,256,162.763671875,60.18943786621094,test
archive/data/Gray_Leaf_Spot/Corn_Gray_Spot (408).JPG,Gray_Leaf_Spot,2,256,256,118.279296875,21.171804428100582,test
archive/data/Gray_Leaf_Spot/Corn_Gray_Spot (409).jpg,Gray_Leaf_Spot,2,256,256,161.16357421875,27.45716667175293,test
archive/data/Gray_Leaf_Spot/Corn_Gray_Spot (41).jpg,Gray_Leaf_Spot,2,5184,3456,164.706298828125,46.63113021850586,validation
archive/data/Gray_Leaf_Spot/Corn_Gray_Spot (410).JPG,Gray_Leaf_Spot,2,256,256,140.796875,41.0397834777832,train
archive/data/Gray_Leaf_Spot/Corn_Gray_Spot (411).jpg,Gray_Leaf_Spot,2,256,256,120.97314453125,49.90933990478516,validation
archive/data/Gray_Leaf_Spot/Corn_Gray_Spot (412).JPG,Gray_Leaf_Spot,2,256,256,118.95849609375,28.836061477661133,train
archive/data/Gray_Leaf_Spot/Corn_Gray_Spot (413).JPG,Gray_Leaf_Spot,2,256,256,122.61962890625,42.52116775512695,train
archive/data/Gray_Leaf_Spot/Corn_Gray_Spot (414).JPG,Gray_Leaf_Spot,2,256,256,107.485595703125,29.52764129638672,test
archive/data/Gray_Leaf_Spot/Corn_Gray_Spot (415).JPG,Gray_Leaf_Spot,2,256,256,125.864501953125,14.877279281616213,train
archive/data/Gray_Leaf_Spot/Corn_Gray_Spot (416).JPG,Gray_Leaf_Spot,2,256,256,105.587890625,56.42936325073242,train
archive/data/Gray_Leaf_Spot/Corn_Gray_Spot (417).JPG,Gray_Leaf_Spot,2,256,256,116.080322265625,38.03291702270508,train
archive/data/Gray_Leaf_Spot/Corn_Gray_Spot (418).JPG,Gray_Leaf_Spot,2,256,256,117.78125,23.66596031188965,validation
archive/data/Gray_Leaf_Spot/Corn_Gray_Spot (419).JPG,Gray_Leaf_Spot,2,256,256,134.44091796875,62.92770767211914,validation
archive/data/Gray_Leaf_Spot/Corn_Gray_Spot (42).jpg,Gray_Leaf_Spot,2,432,273,116.79638671875,55.71962356567383,validation
archive/data/Gray_Leaf_Spot/Corn_Gray_Spot (420).JPG,Gray_Leaf_Spot,2,256,256,123.059814453125,59.54174423217773,train
archive/data/Gray_Leaf_Spot/Corn_Gray_Spot (421).JPG,Gray_Leaf_Spot,2,256,256,114.09375,29.309350967407227,train
archive/data/Gray_Leaf_Spot/Corn_Gray_Spot (422).JPG,Gray_Leaf_Spot,2,256,256,119.638427734375,48.95170211791992,train
archive/data/Gray_Leaf_Spot/Corn_Gray_Spot (423).JPG,Gray_Leaf_Spot,2,256,256,112.223876953125,32.64762878417969,train
archive/data/Gray_Leaf_Spot/Corn_Gray_Spot (424).JPG,Gray_Leaf_Spot,2,256,256,111.624755859375,31.803611755371094,validation
archive/data/Gray_Leaf_Spot/Corn_Gray_Spot (425).JPG,Gray_Leaf_Spot,2,256,256,132.846435546875,35.0618896484375,train
archive/data/Gray_Leaf_Spot/Corn_Gray_Spot (426).JPG,Gray_Leaf_Spot,2,256,256,116.010009765625,56.091041564941406,validation
archive/data/Gray_Leaf_Spot/Corn_Gray_Spot (427).JPG,Gray_Leaf_Spot,2,256,256,120.078125,31.48985481262207,train
archive/data/Gray_Leaf_Spot/Corn_Gray_Spot (428).JPG,Gray_Leaf_Spot,2,256,256,113.3076171875,37.66523361206055,train
archive/data/Gray_Leaf_Spot/Corn_Gray_Spot (429).JPG,Gray_Leaf_Spot,2,256,256,125.58837890625,26.15546417236328,train
archive/data/Gray_Leaf_Spot/Corn_Gray_Spot (43).jpg,Gray_Leaf_Spot,2,432,324,142.21728515625,52.0087776184082,train
archive/data/Gray_Leaf_Spot/Corn_Gray_Spot (430).jpg,Gray_Leaf_Spot,2,256,256,105.779296875,19.47889709472656,test
archive/data/Gray_Leaf_Spot/Corn_Gray_Spot (431).JPG,Gray_Leaf_Spot,2,256,256,128.1494140625,55.8006591796875,test
archive/data/Gray_Leaf_Spot/Corn_Gray_Spot (432).JPG,Gray_Leaf_Spot,2,256,256,119.915771484375,41.9909553527832,train
archive/data/Gray_Leaf_Spot/Corn_Gray_Spot (433).JPG,Gray_Leaf_Spot,2,256,256,126.167724609375,37.40281677246094,train
archive/data/Gray_Leaf_Spot/Corn_Gray_Spot (434).JPG,Gray_Leaf_Spot,2,256,256,119.373779296875,46.286720275878906,test
archive/data/Gray_Leaf_Spot/Corn_Gray_Spot (435).JPG,Gray_Leaf_Spot,2,256,256,131.6943359375,36.856536865234375,train
archive/data/Gray_Leaf_Spot/Corn_Gray_Spot (436).JPG,Gray_Leaf_Spot,2,256,256,118.5009765625,25.599824905395508,train
archive/data/Gray_Leaf_Spot/Corn_Gray_Spot (437).JPG,Gray_Leaf_Spot,2,256,256,96.447998046875,18.34785461425781,train
archive/data/Gray_Leaf_Spot/Corn_Gray_Spot (438).JPG,Gray_Leaf_Spot,2,256,256,121.8486328125,44.00794219970703,test
archive/data/Gray_Leaf_Spot/Corn_Gray_Spot (439).JPG,Gray_Leaf_Spot,2,256,256,117.3349609375,35.72810745239258,train
archive/data/Gray_Leaf_Spot/Corn_Gray_Spot (44).jpg,Gray_Leaf_Spot,2,1368,840,130.87158203125,37.823204040527344,train
archive/data/Gray_Leaf_Spot/Corn_Gray_Spot (440).jpg,Gray_Leaf_Spot,2,256,256,110.07080078125,20.39777565002441,train
archive/data/Gray_Leaf_Spot/Corn_Gray_Spot (441).JPG,Gray_Leaf_Spot,2,256,256,108.62109375,33.730072021484375,validation
archive/data/Gray_Leaf_Spot/Corn_Gray_Spot (442).JPG,Gray_Leaf_Spot,2,256,256,123.67919921875,21.78074836730957,train
archive/data/Gray_Leaf_Spot/Corn_Gray_Spot (443).JPG,Gray_Leaf_Spot,2,256,256,118.793701171875,44.71817779541016,validation
archive/data/Gray_Leaf_Spot/Corn_Gray_Spot (444).JPG,Gray_Leaf_Spot,2,256,256,119.41650390625,50.31980895996094,train
archive/data/Gray_Leaf_Spot/Corn_Gray_Spot (445).JPG,Gray_Leaf_Spot,2,256,256,101.66552734375,23.55674743652344,train
archive/data/Gray_Leaf_Spot/Corn_Gray_Spot (446).JPG,Gray_Leaf_Spot,2,256,256,108.51953125,24.81094741821289,validation
archive/data/Gray_Leaf_Spot/Corn_Gray_Spot (447).JPG,Gray_Leaf_Spot,2,256,256,118.295166015625,30.941879272460938,validation
archive/data/Gray_Leaf_Spot/Corn_Gray_Spot (448).JPG,Gray_Leaf_Spot,2,256,256,118.5693359375,42.415374755859375,train
archive/data/Gray_Leaf_Spot/Corn_Gray_Spot (449).JPG,Gray_Leaf_Spot,2,256,256,120.16748046875,21.323041915893555,train
archive/data/Gray_Leaf_Spot/Corn_Gray_Spot (45).jpg,Gray_Leaf_Spot,2,227,300,127.878173828125,46.06088638305664,train
archive/data/Gray_Leaf_Spot/Corn_Gray_Spot (450).JPG,Gray_Leaf_Spot,2,256,256,126.953857421875,23.72296905517578,train
archive/data/Gray_Leaf_Spot/Corn_Gray_Spot (451).jpg,Gray_Leaf_Spot,2,256,256,148.814697265625,37.06328582763672,test
archive/data/Gray_Leaf_Spot/Corn_Gray_Spot (452).JPG,Gray_Leaf_Spot,2,256,256,112.046142578125,27.78282356262207,train
archive/data/Gray_Leaf_Spot/Corn_Gray_Spot (453).JPG,Gray_Leaf_Spot,2,256,256,120.45361328125,13.631979942321776,train
archive/data/Gray_Leaf_Spot/Corn_Gray_Spot (454).JPG,Gray_Leaf_Spot,2,256,256,104.43701171875,18.12443351745605,validation
archive/data/Gray_Leaf_Spot/Corn_Gray_Spot (455).JPG,Gray_Leaf_Spot,2,256,256,135.58349609375,41.85230255126953,train
archive/data/Gray_Leaf_Spot/Corn_Gray_Spot (456).JPG,Gray_Leaf_Spot,2,256,256,122.81640625,41.92532730102539,test
archive/data/Gray_Leaf_Spot/Corn_Gray_Spot (457).JPG,Gray_Leaf_Spot,2,256,256,123.318603515625,54.50067138671875,train
archive/data/Gray_Leaf_Spot/Corn_Gray_Spot (458).JPG,Gray_Leaf_Spot,2,256,256,125.695068359375,17.141515731811523,train
archive/data/Gray_Leaf_Spot/Corn_Gray_Spot (459).JPG,Gray_Leaf_Spot,2,256,256,115.052734375,48.84447860717773,train
archive/data/Gray_Leaf_Spot/Corn_Gray_Spot (46).jpg,Gray_Leaf_Spot,2,550,413,113.4609375,27.15090751647949,train
archive/data/Gray_Leaf_Spot/Corn_Gray_Spot (460).JPG,Gray_Leaf_Spot,2,256,256,142.81591796875,46.51682662963867,train
archive/data/Gray_Leaf_Spot/Corn_Gray_Spot (461).JPG,Gray_Leaf_Spot,2,256,256,117.268798828125,41.24851608276367,train
archive/data/Gray_Leaf_Spot/Corn_Gray_Spot (462).JPG,Gray_Leaf_Spot,2,256,256,120.494384765625,26.483217239379883,test
archive/data/Gray_Leaf_Spot/Corn_Gray_Spot (463).JPG,Gray_Leaf_Spot,2,256,256,120.00927734375,21.54296875,train
archive/data/Gray_Leaf_Spot/Corn_Gray_Spot (464).JPG,Gray_Leaf_Spot,2,256,256,145.001708984375,44.36347961425781,train
archive/data/Gray_Leaf_Spot/Corn_Gray_Spot (465).JPG,Gray_Leaf_Spot,2,256,256,119.42041015625,44.15615463256836,train
archive/data/Gray_Leaf_Spot/Corn_Gray_Spot (466).JPG,Gray_Leaf_Spot,2,256,256,121.1279296875,35.64640426635742,test
archive/data/Gray_Leaf_Spot/Corn_Gray_Spot (467).JPG,Gray_Leaf_Spot,2,256,256,106.489501953125,56.445682525634766,validation
archive/data/Gray_Leaf_Spot/Corn_Gray_Spot (468).JPG,Gray_Leaf_Spot,2,256,256,119.749267578125,21.737096786499023,validation
archive/data/Gray_Leaf_Spot/Corn_Gray_Spot (469).JPG,Gray_Leaf_Spot,2,256,256,115.754150390625,20.10345268249512,train
archive/data/Gray_Leaf_Spot/Corn_Gray_Spot (47).jpg,Gray_Leaf_Spot,2,778,437,121.341064453125,27.809553146362305,train
archive/data/Gray_Leaf_Spot/Corn_Gray_Spot (470).JPG,Gray_Leaf_Spot,2,256,256,122.460205078125,32.40504837036133,train
archive/data/Gray_Leaf_Spot/Corn_Gray_Spot (471).JPG,Gray_Leaf_Spot,2,256,256,111.974609375,29.95089340209961,train
archive/data/Gray_Leaf_Spot/Corn_Gray_Spot (472).JPG,Gray_Leaf_Spot,2,256,256,100.640869140625,47.773475646972656,validation
archive/data/Gray_Leaf_Spot/Corn_Gray_Spot (473).jpg,Gray_Leaf_Spot,2,256,256,116.81298828125,29.79428482055664,train
archive/data/Gray_Leaf_Spot/Corn_Gray_Spot (474).jpg,Gray_Leaf_Spot,2,256,256,122.052490234375,30.6063232421875,test
archive/data/Gray_Leaf_Spot/Corn_Gray_Spot (475).JPG,Gray_Leaf_Spot,2,256,256,116.394775390625,20.21110725402832,test
archive/data/Gray_Leaf_Spot/Corn_Gray_Spot (476).JPG,Gray_Leaf_Spot,2,256,256,99.709716796875,22.322969436645508,train
archive/data/Gray_Leaf_Spot/Corn_Gray_Spot (477).JPG,Gray_Leaf_Spot,2,256,256,140.85888671875,75.11736297607422,train
archive/data/Gray_Leaf_Spot/Corn_Gray_Spot (478).JPG,Gray_Leaf_Spot,2,256,256,112.95166015625,19.793764114379883,train
archive/data/Gray_Leaf_Spot/Corn_Gray_Spot (479).JPG,Gray_Leaf_Spot,2,256,256,88.78125,68.7523422241211,train
archive/data/Gray_Leaf_Spot/Corn_Gray_Spot (48).jpg,Gray_Leaf_Spot,2,651,488,114.580322265625,46.17805480957031,train
archive/data/Gray_Leaf_Spot/Corn_Gray_Spot (480).jpg,Gray_Leaf_Spot,2,256,256,96.890869140625,27.585777282714844,test
archive/data/Gray_Leaf_Spot/Corn_Gray_Spot (481).JPG,Gray_Leaf_Spot,2,256,256,114.119384765625,46.3647575378418,train
archive/data/Gray_Leaf_Spot/Corn_Gray_Spot (482).JPG,Gray_Leaf_Spot,2,256,256,114.175048828125,22.340612411499023,test
archive/data/Gray_Leaf_Spot/Corn_Gray_Spot (483).JPG,Gray_Leaf_Spot,2,256,256,101.858642578125,20.71155548095703,validation
archive/data/Gray_Leaf_Spot/Corn_Gray_Spot (484).JPG,Gray_Leaf_Spot,2,256,256,154.89306640625,24.76573371887207,train
archive/data/Gray_Leaf_Spot/Corn_Gray_Spot (485).JPG,Gray_Leaf_Spot,2,256,256,121.701904296875,25.11864852905273,train
archive/data/Gray_Leaf_Spot/Corn_Gray_Spot (486).JPG,Gray_Leaf_Spot,2,256,256,120.0029296875,25.563701629638672,train
archive/data/Gray_Leaf_Spot/Corn_Gray_Spot (487).JPG,Gray_Leaf_Spot,2,256,256,113.632080078125,28.81200218200684,validation
archive/data/Gray_Leaf_Spot/Corn_Gray_Spot (488).JPG,Gray_Leaf_Spot,2,256,256,121.34912109375,40.16569900512695,test
archive/data/Gray_Leaf_Spot/Corn_Gray_Spot (489).JPG,Gray_Leaf_Spot,2,256,256,125.94287109375,25.02129173278809,train
archive/data/Gray_Leaf_Spot/Corn_Gray_Spot (49).JPG,Gray_Leaf_Spot,2,256,256,115.68505859375,22.115684509277344,validation
archive/data/Gray_Leaf_Spot/Corn_Gray_Spot (490).JPG,Gray_Leaf_Spot,2,256,256,117.146240234375,27.626827239990234,train
archive/data/Gray_Leaf_Spot/Corn_Gray_Spot (491).JPG,Gray_Leaf_Spot,2,256,256,107.730224609375,28.312089920043945,train
archive/data/Gray_Leaf_Spot/Corn_Gray_Spot (492).JPG,Gray_Leaf_Spot,2,256,256,114.22998046875,30.37966537475586,train
archive/data/Gray_Leaf_Spot/Corn_Gray_Spot (493).JPG,Gray_Leaf_Spot,2,256,256,123.642822265625,30.72531509399414,test
archive/data/Gray_Leaf_Spot/Corn_Gray_Spot (494).JPG,Gray_Leaf_Spot,2,256,256,120.340087890625,44.86759948730469,train
archive/data/Gray_Leaf_Spot/Corn_Gray_Spot (495).jpg,Gray_Leaf_Spot,2,256,256,132.44970703125,22.156455993652344,train
archive/data/Gray_Leaf_Spot/Corn_Gray_Spot (496).JPG,Gray_Leaf_Spot,2,256,256,121.078857421875,26.625831604003903,train
archive/data/Gray_Leaf_Spot/Corn_Gray_Spot (497).jpg,Gray_Leaf_Spot,2,256,256,109.122802734375,20.084413528442383,train
archive/data/Gray_Leaf_Spot/Corn_Gray_Spot (498).JPG,Gray_Leaf_Spot,2,256,256,128.8525390625,39.39929962158203,test
archive/data/Gray_Leaf_Spot/Corn_Gray_Spot (499).JPG,Gray_Leaf_Spot,2,256,256,117.2841796875,44.24628829956055,validation
archive/data/Gray_Leaf_Spot/Corn_Gray_Spot (5).jpg,Gray_Leaf_Spot,2,640,480,128.13720703125,24.668262481689453,test
archive/data/Gray_Leaf_Spot/Corn_Gray_Spot (50).JPG,Gray_Leaf_Spot,2,256,256,129.80712890625,46.171119689941406,test
archive/data/Gray_Leaf_Spot/Corn_Gray_Spot (500).JPG,Gray_Leaf_Spot,2,256,256,118.348876953125,20.80348014831543,test
archive/data/Gray_Leaf_Spot/Corn_Gray_Spot (501).JPG,Gray_Leaf_Spot,2,256,256,119.226318359375,46.50474166870117,validation
archive/data/Gray_Leaf_Spot/Corn_Gray_Spot (502).JPG,Gray_Leaf_Spot,2,256,256,126.63525390625,51.91719436645508,train
archive/data/Gray_Leaf_Spot/Corn_Gray_Spot (503).JPG,Gray_Leaf_Spot,2,256,256,128.348388671875,24.16550636291504,validation
archive/data/Gray_Leaf_Spot/Corn_Gray_Spot (504).JPG,Gray_Leaf_Spot,2,256,256,117.83642578125,19.947650909423828,test
archive/data/Gray_Leaf_Spot/Corn_Gray_Spot (505).JPG,Gray_Leaf_Spot,2,256,256,126.455322265625,39.148231506347656,train
archive/data/Gray_Leaf_Spot/Corn_Gray_Spot (506).JPG,Gray_Leaf_Spot,2,256,256,157.01904296875,29.37811851501465,train
archive/data/Gray_Leaf_Spot/Corn_Gray_Spot (507).JPG,Gray_Leaf_Spot,2,256,256,128.930419921875,48.22079849243164,train
archive/data/Gray_Leaf_Spot/Corn_Gray_Spot (508).jpg,Gray_Leaf_Spot,2,256,256,116.978271484375,25.11359405517578,train
archive/data/Gray_Leaf_Spot/Corn_Gray_Spot (509).jpg,Gray_Leaf_Spot,2,256,256,102.246337890625,22.962129592895508,validation
archive/data/Gray_Leaf_Spot/Corn_Gray_Spot (51).JPG,Gray_Leaf_Spot,2,256,256,102.64794921875,28.506460189819336,train
archive/data/Gray_Leaf_Spot/Corn_Gray_Spot (510).JPG,Gray_Leaf_Spot,2,256,256,133.9306640625,34.75455856323242,train
archive/data/Gray_Leaf_Spot/Corn_Gray_Spot (511).JPG,Gray_Leaf_Spot,2,256,256,130.73974609375,33.283687591552734,test
archive/data/Gray_Leaf_Spot/Corn_Gray_Spot (512).JPG,Gray_Leaf_Spot,2,256,256,101.173828125,47.51971054077149,train
archive/data/Gray_Leaf_Spot/Corn_Gray_Spot (513).JPG,Gray_Leaf_Spot,2,256,256,115.273681640625,25.65226173400879,train
archive/data/Gray_Leaf_Spot/Corn_Gray_Spot (514).JPG,Gray_Leaf_Spot,2,256,256,117.719970703125,41.04345703125,test
archive/data/Gray_Leaf_Spot/Corn_Gray_Spot (515).JPG,Gray_Leaf_Spot,2,256,256,107.26025390625,30.723011016845703,train
archive/data/Gray_Leaf_Spot/Corn_Gray_Spot (516).JPG,Gray_Leaf_Spot,2,256,256,117.95166015625,31.920318603515625,train
archive/data/Gray_Leaf_Spot/Corn_Gray_Spot (517).JPG,Gray_Leaf_Spot,2,256,256,122.173095703125,40.21810150146485,test
archive/data/Gray_Leaf_Spot/Corn_Gray_Spot (518).jpg,Gray_Leaf_Spot,2,256,256,128.730712890625,29.889976501464844,train
archive/data/Gray_Leaf_Spot/Corn_Gray_Spot (519).JPG,Gray_Leaf_Spot,2,256,256,120.90771484375,47.5384635925293,train
archive/data/Gray_Leaf_Spot/Corn_Gray_Spot (52).jpg,Gray_Leaf_Spot,2,256,256,116.4677734375,33.354583740234375,validation
archive/data/Gray_Leaf_Spot/Corn_Gray_Spot (520).JPG,Gray_Leaf_Spot,2,256,256,135.28515625,33.03675079345703,validation
archive/data/Gray_Leaf_Spot/Corn_Gray_Spot (521).JPG,Gray_Leaf_Spot,2,256,256,116.1162109375,23.803152084350582,test
archive/data/Gray_Leaf_Spot/Corn_Gray_Spot (522).jpg,Gray_Leaf_Spot,2,256,256,113.894775390625,43.45038604736328,train
archive/data/Gray_Leaf_Spot/Corn_Gray_Spot (523).jpg,Gray_Leaf_Spot,2,256,256,103.42041015625,32.8914909362793,test
archive/data/Gray_Leaf_Spot/Corn_Gray_Spot (524).JPG,Gray_Leaf_Spot,2,256,256,109.501220703125,36.20839309692383,test
archive/data/Gray_Leaf_Spot/Corn_Gray_Spot (525).JPG,Gray_Leaf_Spot,2,256,256,127.349853515625,30.5904598236084,train
archive/data/Gray_Leaf_Spot/Corn_Gray_Spot (526).JPG,Gray_Leaf_Spot,2,256,256,123.469482421875,23.88057327270508,validation
archive/data/Gray_Leaf_Spot/Corn_Gray_Spot (527).JPG,Gray_Leaf_Spot,2,256,256,104.639892578125,23.842798233032227,validation
archive/data/Gray_Leaf_Spot/Corn_Gray_Spot (528).JPG,Gray_Leaf_Spot,2,256,256,130.060302734375,34.42539596557617,train
archive/data/Gray_Leaf_Spot/Corn_Gray_Spot (529).jpg,Gray_Leaf_Spot,2,256,256,107.571044921875,30.957368850708008,train
archive/data/Gray_Leaf_Spot/Corn_Gray_Spot (53).JPG,Gray_Leaf_Spot,2,256,256,119.921875,28.389625549316406,train
archive/data/Gray_Leaf_Spot/Corn_Gray_Spot (530).JPG,Gray_Leaf_Spot,2,256,256,123.52197265625,32.6382942199707,train
archive/data/Gray_Leaf_Spot/Corn_Gray_Spot (531).JPG,Gray_Leaf_Spot,2,256,256,115.8369140625,25.58915328979492,train
archive/data/Gray_Leaf_Spot/Corn_Gray_Spot (532).JPG,Gray_Leaf_Spot,2,256,256,115.11669921875,19.492300033569336,test
archive/data/Gray_Leaf_Spot/Corn_Gray_Spot (533).JPG,Gray_Leaf_Spot,2,256,256,120.078369140625,24.685482025146484,train
archive/data/Gray_Leaf_Spot/Corn_Gray_Spot (534).JPG,Gray_Leaf_Spot,2,256,256,122.870849609375,21.406150817871094,train
archive/data/Gray_Leaf_Spot/Corn_Gray_Spot (535).JPG,Gray_Leaf_Spot,2,256,256,111.28125,30.301898956298828,validation
archive/data/Gray_Leaf_Spot/Corn_Gray_Spot (536).JPG,Gray_Leaf_Spot,2,256,256,123.5048828125,51.62520217895508,validation
archive/data/Gray_Leaf_Spot/Corn_Gray_Spot (537).JPG,Gray_Leaf_Spot,2,256,256,115.85595703125,43.262916564941406,train
archive/data/Gray_Leaf_Spot/Corn_Gray_Spot (538).JPG,Gray_Leaf_Spot,2,256,256,118.595458984375,22.34657287597656,test
archive/data/Gray_Leaf_Spot/Corn_Gray_Spot (539).JPG,Gray_Leaf_Spot,2,256,256,106.95263671875,38.72425079345703,train
archive/data/Gray_Leaf_Spot/Corn_Gray_Spot (54).JPG,Gray_Leaf_Spot,2,256,256,121.38623046875,36.41999053955078,train
archive/data/Gray_Leaf_Spot/Corn_Gray_Spot (540).jpg,Gray_Leaf_Spot,2,256,256,111.15673828125,32.17404556274414,train
archive/data/Gray_Leaf_Spot/Corn_Gray_Spot (541).JPG,Gray_Leaf_Spot,2,256,256,121.479736328125,30.109834671020508,train
archive/data/Gray_Leaf_Spot/Corn_Gray_Spot (542).jpg,Gray_Leaf_Spot,2,256,256,120.33740234375,17.694686889648438,validation
archive/data/Gray_Leaf_Spot/Corn_Gray_Spot (543).JPG,Gray_Leaf_Spot,2,256,256,121.316162109375,27.014986038208008,validation
archive/data/Gray_Leaf_Spot/Corn_Gray_Spot (544).JPG,Gray_Leaf_Spot,2,256,256,107.05322265625,28.84037399291992,validation
archive/data/Gray_Leaf_Spot/Corn_Gray_Spot (545).JPG,Gray_Leaf_Spot,2,256,256,123.01953125,24.070770263671875,train
archive/data/Gray_Leaf_Spot/Corn_Gray_Spot (546).jpg,Gray_Leaf_Spot,2,256,256,115.73095703125,18.038230895996094,validation
archive/data/Gray_Leaf_Spot/Corn_Gray_Spot (547).JPG,Gray_Leaf_Spot,2,256,256,116.36767578125,21.56825256347656,train
archive/data/Gray_Leaf_Spot/Corn_Gray_Spot (548).JPG,Gray_Leaf_Spot,2,256,256,108.914306640625,24.4495906829834,test
archive/data/Gray_Leaf_Spot/Corn_Gray_Spot (549).JPG,Gray_Leaf_Spot,2,256,256,119.33447265625,23.839622497558597,validation
archive/data/Gray_Leaf_Spot/Corn_Gray_Spot (55).jpg,Gray_Leaf_Spot,2,256,256,131.167724609375,26.717470169067383,train
archive/data/Gray_Leaf_Spot/Corn_Gray_Spot (550).JPG,Gray_Leaf_Spot,2,256,256,123.66845703125,23.70079040527344,train
archive/data/Gray_Leaf_Spot/Corn_Gray_Spot (551).JPG,Gray_Leaf_Spot,2,256,256,118.69091796875,23.303674697875977,train
archive/data/Gray_Leaf_Spot/Corn_Gray_Spot (552).JPG,Gray_Leaf_Spot,2,256,256,115.677001953125,26.340208053588867,train
archive/data/Gray_Leaf_Spot/Corn_Gray_Spot (553).JPG,Gray_Leaf_Spot,2,256,256,126.230224609375,23.43097877502441,train
archive/data/Gray_Leaf_Spot/Corn_Gray_Spot (554).JPG,Gray_Leaf_Spot,2,256,256,101.827880859375,20.7684268951416,validation
archive/data/Gray_Leaf_Spot/Corn_Gray_Spot (555).JPG,Gray_Leaf_Spot,2,256,256,123.806884765625,30.673830032348636,train
archive/data/Gray_Leaf_Spot/Corn_Gray_Spot (556).jpg,Gray_Leaf_Spot,2,256,256,134.353515625,39.011329650878906,train
archive/data/Gray_Leaf_Spot/Corn_Gray_Spot (557).jpg,Gray_Leaf_Spot,2,256,256,94.892822265625,26.8254451751709,train
archive/data/Gray_Leaf_Spot/Corn_Gray_Spot (558).JPG,Gray_Leaf_Spot,2,256,256,110.8779296875,32.67540740966797,test
archive/data/Gray_Leaf_Spot/Corn_Gray_Spot (559).JPG,Gray_Leaf_Spot,2,256,256,115.004638671875,21.2374210357666,test
archive/data/Gray_Leaf_Spot/Corn_Gray_Spot (56).JPG,Gray_Leaf_Spot,2,256,256,96.549560546875,54.7404670715332,train
archive/data/Gray_Leaf_Spot/Corn_Gray_Spot (560).JPG,Gray_Leaf_Spot,2,256,256,120.17431640625,34.28499984741211,test
archive/data/Gray_Leaf_Spot/Corn_Gray_Spot (561).JPG,Gray_Leaf_Spot,2,256,256,104.53857421875,28.97698211669922,train
archive/data/Gray_Leaf_Spot/Corn_Gray_Spot (562).jpg,Gray_Leaf_Spot,2,1200,630,129.915771484375,40.33173751831055,train
archive/data/Gray_Leaf_Spot/Corn_Gray_Spot (563).jpg,Gray_Leaf_Spot,2,3264,2448,82.236083984375,50.072715759277344,test
archive/data/Gray_Leaf_Spot/Corn_Gray_Spot (565).jpg,Gray_Leaf_Spot,2,350,260,124.10888671875,42.20166397094727,train
archive/data/Gray_Leaf_Spot/Corn_Gray_Spot (566).jpg,Gray_Leaf_Spot,2,480,320,123.56494140625,51.76226806640625,train
archive/data/Gray_Leaf_Spot/Corn_Gray_Spot (567).jpg,Gray_Leaf_Spot,2,480,320,110.160400390625,50.99452590942383,test
archive/data/Gray_Leaf_Spot/Corn_Gray_Spot (568).jpg,Gray_Leaf_Spot,2,1024,681,122.387451171875,30.64275550842285,train
archive/data/Gray_Leaf_Spot/Corn_Gray_Spot (569).jpg,Gray_Leaf_Spot,2,390,259,88.60107421875,45.59309005737305,train
archive/data/Gray_Leaf_Spot/Corn_Gray_Spot (57).JPG,Gray_Leaf_Spot,2,256,256,114.18896484375,30.903018951416016,validation
archive/data/Gray_Leaf_Spot/Corn_Gray_Spot (570).jpg,Gray_Leaf_Spot,2,360,242,123.350830078125,27.317707061767575,validation
archive/data/Gray_Leaf_Spot/Corn_Gray_Spot (571).jpg,Gray_Leaf_Spot,2,350,230,118.113037109375,20.013208389282227,train
archive/data/Gray_Leaf_Spot/Corn_Gray_Spot (572).jpg,Gray_Leaf_Spot,2,420,378,120.254638671875,38.72641754150391,train
archive/data/Gray_Leaf_Spot/Corn_Gray_Spot (573).jpg,Gray_Leaf_Spot,2,480,320,142.0810546875,42.8795166015625,train
archive/data/Gray_Leaf_Spot/Corn_Gray_Spot (574).jpg,Gray_Leaf_Spot,2,320,228,153.384765625,52.593658447265625,train
archive/data/Gray_Leaf_Spot/Corn_Gray_Spot (58).JPG,Gray_Leaf_Spot,2,256,256,121.252685546875,31.36787796020508,train
archive/data/Gray_Leaf_Spot/Corn_Gray_Spot (59).JPG,Gray_Leaf_Spot,2,256,256,103.63427734375,30.388452529907227,train
archive/data/Gray_Leaf_Spot/Corn_Gray_Spot (6).jpg,Gray_Leaf_Spot,2,527,433,132.8759765625,29.78982925415039,train
archive/data/Gray_Leaf_Spot/Corn_Gray_Spot (60).JPG,Gray_Leaf_Spot,2,256,256,125.519775390625,39.21901321411133,train
archive/data/Gray_Leaf_Spot/Corn_Gray_Spot (61).JPG,Gray_Leaf_Spot,2,256,256,94.735595703125,68.9637680053711,train
archive/data/Gray_Leaf_Spot/Corn_Gray_Spot (62).JPG,Gray_Leaf_Spot,2,256,256,115.750732421875,49.09369659423828,train
archive/data/Gray_Leaf_Spot/Corn_Gray_Spot (63).JPG,Gray_Leaf_Spot,2,256,256,110.642578125,38.31477737426758,validation
archive/data/Gray_Leaf_Spot/Corn_Gray_Spot (64).JPG,Gray_Leaf_Spot,2,256,256,108.798828125,30.89805221557617,validation
archive/data/Gray_Leaf_Spot/Corn_Gray_Spot (65).JPG,Gray_Leaf_Spot,2,256,256,126.091796875,29.042068481445312,test
archive/data/Gray_Leaf_Spot/Corn_Gray_Spot (66).JPG,Gray_Leaf_Spot,2,256,256,124.15283203125,24.83208465576172,train
archive/data/Gray_Leaf_Spot/Corn_Gray_Spot (67).JPG,Gray_Leaf_Spot,2,256,256,117.421630859375,62.65813446044922,validation
archive/data/Gray_Leaf_Spot/Corn_Gray_Spot (68).jpg,Gray_Leaf_Spot,2,256,256,110.9072265625,31.11780166625977,test
archive/data/Gray_Leaf_Spot/Corn_Gray_Spot (69).JPG,Gray_Leaf_Spot,2,256,256,116.245361328125,27.03505516052246,train
archive/data/Gray_Leaf_Spot/Corn_Gray_Spot (7).jpg,Gray_Leaf_Spot,2,432,271,108.0185546875,36.77096176147461,train
archive/data/Gray_Leaf_Spot/Corn_Gray_Spot (70).JPG,Gray_Leaf_Spot,2,256,256,111.637939453125,26.591169357299805,train
archive/data/Gray_Leaf_Spot/Corn_Gray_Spot (71).JPG,Gray_Leaf_Spot,2,256,256,122.920166015625,17.968429565429688,train
archive/data/Gray_Leaf_Spot/Corn_Gray_Spot (72).JPG,Gray_Leaf_Spot,2,256,256,132.343505859375,50.39035034179688,train
archive/data/Gray_Leaf_Spot/Corn_Gray_Spot (73).JPG,Gray_Leaf_Spot,2,256,256,139.688232421875,34.0212516784668,train
archive/data/Gray_Leaf_Spot/Corn_Gray_Spot (74).JPG,Gray_Leaf_Spot,2,256,256,196.42578125,28.99858283996582,train
archive/data/Gray_Leaf_Spot/Corn_Gray_Spot (75).jpg,Gray_Leaf_Spot,2,256,256,122.99658203125,36.84602355957031,train
archive/data/Gray_Leaf_Spot/Corn_Gray_Spot (76).JPG,Gray_Leaf_Spot,2,256,256,119.141357421875,20.253515243530277,test
archive/data/Gray_Leaf_Spot/Corn_Gray_Spot (77).JPG,Gray_Leaf_Spot,2,256,256,115.02587890625,29.24531555175781,test
archive/data/Gray_Leaf_Spot/Corn_Gray_Spot (78).JPG,Gray_Leaf_Spot,2,256,256,117.941650390625,27.291034698486328,train
archive/data/Gray_Leaf_Spot/Corn_Gray_Spot (79).jpg,Gray_Leaf_Spot,2,256,256,111.893798828125,22.839221954345703,train
archive/data/Gray_Leaf_Spot/Corn_Gray_Spot (8).jpg,Gray_Leaf_Spot,2,1600,1200,87.783447265625,57.56135177612305,train
archive/data/Gray_Leaf_Spot/Corn_Gray_Spot (80).JPG,Gray_Leaf_Spot,2,256,256,118.3798828125,17.56638526916504,train
archive/data/Gray_Leaf_Spot/Corn_Gray_Spot (81).JPG,Gray_Leaf_Spot,2,256,256,118.388427734375,35.24042510986328,train
archive/data/Gray_Leaf_Spot/Corn_Gray_Spot (82).JPG,Gray_Leaf_Spot,2,256,256,109.660888671875,26.632362365722656,train
archive/data/Gray_Leaf_Spot/Corn_Gray_Spot (83).JPG,Gray_Leaf_Spot,2,256,256,114.777099609375,40.97748565673828,validation
archive/data/Gray_Leaf_Spot/Corn_Gray_Spot (84).JPG,Gray_Leaf_Spot,2,256,256,60.99169921875,30.82569694519043,train
archive/data/Gray_Leaf_Spot/Corn_Gray_Spot (85).JPG,Gray_Leaf_Spot,2,256,256,120.7119140625,56.39534759521485,train
archive/data/Gray_Leaf_Spot/Corn_Gray_Spot (86).JPG,Gray_Leaf_Spot,2,256,256,101.216796875,49.6526985168457,train
archive/data/Gray_Leaf_Spot/Corn_Gray_Spot (87).JPG,Gray_Leaf_Spot,2,256,256,135.724853515625,38.78059387207031,train
archive/data/Gray_Leaf_Spot/Corn_Gray_Spot (88).JPG,Gray_Leaf_Spot,2,256,256,106.89013671875,23.62544631958008,validation
archive/data/Gray_Leaf_Spot/Corn_Gray_Spot (89).JPG,Gray_Leaf_Spot,2,256,256,119.223876953125,47.25309371948242,validation
archive/data/Gray_Leaf_Spot/Corn_Gray_Spot (9).jpg,Gray_Leaf_Spot,2,1200,630,124.54345703125,40.548606872558594,train
archive/data/Gray_Leaf_Spot/Corn_Gray_Spot (90).JPG,Gray_Leaf_Spot,2,256,256,127.604736328125,28.843381881713867,train
archive/data/Gray_Leaf_Spot/Corn_Gray_Spot (91).JPG,Gray_Leaf_Spot,2,256,256,121.1435546875,25.115083694458008,train
archive/data/Gray_Leaf_Spot/Corn_Gray_Spot (92).JPG,Gray_Leaf_Spot,2,256,256,107.375244140625,20.33824157714844,validation
archive/data/Gray_Leaf_Spot/Corn_Gray_Spot (93).JPG,Gray_Leaf_Spot,2,256,256,119.52734375,25.957706451416016,train
archive/data/Gray_Leaf_Spot/Corn_Gray_Spot (94).JPG,Gray_Leaf_Spot,2,256,256,121.299560546875,43.69916534423828,validation
archive/data/Gray_Leaf_Spot/Corn_Gray_Spot (95).JPG,Gray_Leaf_Spot,2,256,256,123.614013671875,37.24554443359375,test
archive/data/Gray_Leaf_Spot/Corn_Gray_Spot (96).JPG,Gray_Leaf_Spot,2,256,256,115.185546875,40.69447326660156,train
archive/data/Gray_Leaf_Spot/Corn_Gray_Spot (97).JPG,Gray_Leaf_Spot,2,256,256,113.8671875,51.75301361083984,train
archive/data/Gray_Leaf_Spot/Corn_Gray_Spot (98).jpg,Gray_Leaf_Spot,2,256,256,92.138427734375,21.73129272460937,train
archive/data/Gray_Leaf_Spot/Corn_Gray_Spot (99).JPG,Gray_Leaf_Spot,2,256,256,126.160400390625,37.50992584228516,test
archive/data/Healthy/Corn_Health (1).jpg,Healthy,3,256,256,143.958251953125,40.38683319091797,test
archive/data/Healthy/Corn_Health (10).jpg,Healthy,3,256,256,170.690185546875,37.22148513793945,train
archive/data/Healthy/Corn_Health (100).jpg,Healthy,3,256,256,160.682861328125,25.241060256958008,train
archive/data/Healthy/Corn_Health (1000).jpg,Healthy,3,256,256,147.985107421875,20.99062728881836,test
archive/data/Healthy/Corn_Health (1001).jpg,Healthy,3,256,256,148.933837890625,23.99349403381348,train
archive/data/Healthy/Corn_Health (1002).jpg,Healthy,3,256,256,156.08056640625,33.1850471496582,train
archive/data/Healthy/Corn_Health (1003).jpg,Healthy,3,256,256,155.517822265625,41.59895324707031,train
archive/data/Healthy/Corn_Health (1004).jpg,Healthy,3,256,256,128.704345703125,35.60664749145508,test
archive/data/Healthy/Corn_Health (1005).jpg,Healthy,3,256,256,153.668212890625,60.10104751586914,train
archive/data/Healthy/Corn_Health (1006).jpg,Healthy,3,256,256,163.549072265625,32.84016799926758,train
archive/data/Healthy/Corn_Health (1007).jpg,Healthy,3,256,256,162.091064453125,37.02372360229492,train
archive/data/Healthy/Corn_Health (1008).jpg,Healthy,3,256,256,150.695556640625,20.12745857238769,validation
archive/data/Healthy/Corn_Health (1009).jpg,Healthy,3,256,256,182.18359375,40.24013519287109,train
archive/data/Healthy/Corn_Health (101).jpg,Healthy,3,256,256,134.555419921875,24.013696670532227,train
archive/data/Healthy/Corn_Health (1010).jpg,Healthy,3,256,256,133.513916015625,26.831056594848636,validation
archive/data/Healthy/Corn_Health (1011).jpg,Healthy,3,256,256,137.365966796875,27.2956657409668,train
archive/data/Healthy/Corn_Health (1012).JPG,Healthy,3,256,256,100.10498046875,27.443321228027344,train
archive/data/Healthy/Corn_Health (1013).jpg,Healthy,3,256,256,132.857421875,23.328134536743164,train
archive/data/Healthy/Corn_Health (1014).jpg,Healthy,3,256,256,132.970947265625,25.45930290222168,train
archive/data/Healthy/Corn_Health (1015).jpg,Healthy,3,256,256,139.7490234375,32.57686996459961,test
archive/data/Healthy/Corn_Health (1016).jpg,Healthy,3,256,256,98.336181640625,33.78224563598633,train
archive/data/Healthy/Corn_Health (1017).jpg,Healthy,3,256,256,143.03369140625,31.013988494873047,train
archive/data/Healthy/Corn_Health (1018).jpg,Healthy,3,256,256,169.41162109375,27.92588424682617,train
archive/data/Healthy/Corn_Health (1019).jpg,Healthy,3,256,256,163.408203125,41.27703475952149,train
archive/data/Healthy/Corn_Health (102).jpg,Healthy,3,256,256,174.9619140625,25.220260620117188,test
archive/data/Healthy/Corn_Health (1020).jpg,Healthy,3,256,256,179.209228515625,27.06322860717773,test
archive/data/Healthy/Corn_Health (1021).jpg,Healthy,3,256,256,103.312255859375,34.947105407714844,train
archive/data/Healthy/Corn_Health (1022).jpg,Healthy,3,256,256,112.0966796875,40.76082992553711,validation
archive/data/Healthy/Corn_Health (1023).jpg,Healthy,3,256,256,151.879150390625,21.8890323638916,train
archive/data/Healthy/Corn_Health (1024).jpg,Healthy,3,256,256,145.3134765625,33.32849884033203,train
archive/data/Healthy/Corn_Health (1025).jpg,Healthy,3,256,256,104.360595703125,18.29945945739746,train
archive/data/Healthy/Corn_Health (1026).jpg,Healthy,3,256,256,156.8857421875,23.44093894958496,test
archive/data/Healthy/Corn_Health (1027).jpg,Healthy,3,256,256,185.13525390625,19.481630325317383,validation
archive/data/Healthy/Corn_Health (1028).JPG,Healthy,3,256,256,105.38134765625,29.85806655883789,train
archive/data/Healthy/Corn_Health (1029).jpg,Healthy,3,256,256,157.295654296875,17.262117385864258,train
archive/data/Healthy/Corn_Health (103).jpg,Healthy,3,256,256,160.789306640625,22.45429992675781,train
archive/data/Healthy/Corn_Health (1030).jpg,Healthy,3,256,256,173.945068359375,29.118799209594727,test
archive/data/Healthy/Corn_Health (1031).jpg,Healthy,3,256,256,153.333251953125,26.262664794921875,train
archive/data/Healthy/Corn_Health (1032).jpg,Healthy,3,256,256,169.76513671875,34.65621566772461,train
archive/data/Healthy/Corn_Health (1033).jpg,Healthy,3,256,256,170.56884765625,27.060148239135746,train
archive/data/Healthy/Corn_Health (1034).jpg,Healthy,3,256,256,126.123291015625,26.04925537109375,train
archive/data/Healthy/Corn_Health (1035).jpg,Healthy,3,256,256,134.24072265625,26.82918739318848,train
archive/data/Healthy/Corn_Health (1036).jpg,Healthy,3,256,256,150.826416015625,52.89313507080078,train
archive/data/Healthy/Corn_Health (1037).jpg,Healthy,3,256,256,121.963134765625,45.776634216308594,train
archive/data/Healthy/Corn_Health (1038).jpg,Healthy,3,256,256,158.355224609375,26.64259910583496,test
archive/data/Healthy/Corn_Health (1039).jpg,Healthy,3,256,256,180.14599609375,30.42205047607422,train
archive/data/Healthy/Corn_Health (104).jpg,Healthy,3,256,256,161.13623046875,31.39090156555176,test
archive/data/Healthy/Corn_Health (1040).jpg,Healthy,3,256,256,147.72265625,24.83784866333008,validation
archive/data/Healthy/Corn_Health (1041).jpg,Healthy,3,256,256,114.6357421875,16.735727310180664,train
archive/data/Healthy/Corn_Health (1042).jpg,Healthy,3,256,256,146.32275390625,20.523740768432617,train
archive/data/Healthy/Corn_Health (1043).jpg,Healthy,3,256,256,130.894775390625,22.745704650878903,train
archive/data/Healthy/Corn_Health (1044).jpg,Healthy,3,256,256,95.703857421875,46.86663055419922,validation
archive/data/Healthy/Corn_Health (1045).jpg,Healthy,3,256,256,136.52783203125,13.852113723754885,train
archive/data/Healthy/Corn_Health (1046).jpg,Healthy,3,256,256,128.4609375,29.84986114501953,test
archive/data/Healthy/Corn_Health (1047).JPG,Healthy,3,256,256,151.7197265625,20.224702835083008,validation
archive/data/Healthy/Corn_Health (1048).jpg,Healthy,3,256,256,145.785888671875,27.640661239624023,test
archive/data/Healthy/Corn_Health (1049).jpg,Healthy,3,256,256,144.8291015625,21.39122772216797,train
archive/data/Healthy/Corn_Health (105).jpg,Healthy,3,256,256,173.388671875,20.06852912902832,train
archive/data/Healthy/Corn_Health (1050).jpg,Healthy,3,256,256,172.490966796875,34.2589225769043,test
archive/data/Healthy/Corn_Health (1051).jpg,Healthy,3,256,256,146.559326171875,37.17683410644531,train
archive/data/Healthy/Corn_Health (1052).jpg,Healthy,3,256,256,166.09228515625,21.124103546142575,train
archive/data/Healthy/Corn_Health (1053).jpg,Healthy,3,256,256,152.484375,18.11661148071289,validation
archive/data/Healthy/Corn_Health (1054).jpg,Healthy,3,256,256,137.359130859375,59.53776931762695,test
archive/data/Healthy/Corn_Health (1055).jpg,Healthy,3,256,256,181.956298828125,14.175408363342283,validation
archive/data/Healthy/Corn_Health (1056).jpg,Healthy,3,256,256,118.622802734375,39.11266326904297,test
archive/data/Healthy/Corn_Health (1057).jpg,Healthy,3,256,256,125.600341796875,21.522600173950195,train
archive/data/Healthy/Corn_Health (1058).jpg,Healthy,3,256,256,107.77587890625,16.255199432373047,train
archive/data/Healthy/Corn_Health (1059).jpg,Healthy,3,256,256,93.849609375,23.71191024780273,train
archive/data/Healthy/Corn_Health (106).jpg,Healthy,3,256,256,120.82421875,22.85988044738769,train
archive/data/Healthy/Corn_Health (1060).jpg,Healthy,3,256,256,173.31396484375,35.563751220703125,train
archive/data/Healthy/Corn_Health (1061).jpg,Healthy,3,256,256,158.68994140625,24.55990600585937,validation
archive/data/Healthy/Corn_Health (1062).jpg,Healthy,3,256,256,154.79443359375,33.33225631713867,validation
archive/data/Healthy/Corn_Health (1063).jpg,Healthy,3,256,256,118.61474609375,22.686338424682617,train
archive/data/Healthy/Corn_Health (1064).jpg,Healthy,3,256,256,159.8134765625,13.185921669006348,train
archive/data/Healthy/Corn_Health (1065).jpg,Healthy,3,256,256,176.43359375,51.44936752319336,train
archive/data/Healthy/Corn_Health (1066).jpg,Healthy,3,256,256,115.26611328125,35.33888626098633,validation
archive/data/Healthy/Corn_Health (1067).jpg,Healthy,3,256,256,164.139892578125,23.86438751220703,validation
archive/data/Healthy/Corn_Health (1068).jpg,Healthy,3,256,256,112.0830078125,20.18915367126465,train
archive/data/Healthy/Corn_Health (1069).jpg,Healthy,3,256,256,145.911865234375,37.313270568847656,train
archive/data/Healthy/Corn_Health (107).JPG,Healthy,3,256,256,126.121337890625,34.73866271972656,train
archive/data/Healthy/Corn_Health (1070).jpg,Healthy,3,256,256,196.67626953125,22.972400665283203,test
archive/data/Healthy/Corn_Health (1071).jpg,Healthy,3,256,256,175.021484375,21.45355224609375,validation
archive/data/Healthy/Corn_Health (1072).jpg,Healthy,3,256,256,154.77099609375,29.681230545043945,test
archive/data/Healthy/Corn_Health (1073).jpg,Healthy,3,256,256,112.607177734375,33.46979522705078,validation
archive/data/Healthy/Corn_Health (1074).jpg,Healthy,3,256,256,129.347900390625,25.422748565673828,train
archive/data/Healthy/Corn_Health (1075).jpg,Healthy,3,256,256,159.1708984375,22.874446868896484,test
archive/data/Healthy/Corn_Health (1076).jpg,Healthy,3,256,256,168.24853515625,18.120548248291016,train
archive/data/Healthy/Corn_Health (1077).jpg,Healthy,3,256,256,188.111083984375,18.173133850097656,train
archive/data/Healthy/Corn_Health (1078).jpg,Healthy,3,256,256,176.276611328125,13.26645851135254,train
archive/data/Healthy/Corn_Health (1079).jpg,Healthy,3,256,256,117.56201171875,27.135881423950195,train
archive/data/Healthy/Corn_Health (108).jpg,Healthy,3,256,256,134.42626953125,23.42530632019043,test
archive/data/Healthy/Corn_Health (1080).jpg,Healthy,3,256,256,176.51904296875,31.88766288757324,validation
archive/data/Healthy/Corn_Health (1081).jpg,Healthy,3,256,256,159.684814453125,24.39707565307617,train
archive/data/Healthy/Corn_Health (1082).jpg,Healthy,3,256,256,127.2763671875,54.12906646728516,train
archive/data/Healthy/Corn_Health (1083).jpg,Healthy,3,256,256,114.877685546875,17.220861434936523,validation
archive/data/Healthy/Corn_Health (1084).jpg,Healthy,3,256,256,106.519775390625,33.910247802734375,test
archive/data/Healthy/Corn_Health (1085).jpg,Healthy,3,256,256,187.141845703125,26.507509231567383,test
archive/data/Healthy/Corn_Health (1086).jpg,Healthy,3,256,256,121.633056640625,35.302425384521484,validation
archive/data/Healthy/Corn_Health (1087).jpg,Healthy,3,256,256,89.330322265625,30.257762908935547,train
archive/data/Healthy/Corn_Health (1088).jpg,Healthy,3,256,256,181.773681640625,20.97174835205078,test
archive/data/Healthy/Corn_Health (1089).jpg,Healthy,3,256,256,152.955810546875,41.84818649291992,validation
archive/data/Healthy/Corn_Health (109).jpg,Healthy,3,256,256,160.562255859375,31.968490600585938,train
archive/data/Healthy/Corn_Health (1090).jpg,Healthy,3,256,256,83.17529296875,27.742891311645508,train
archive/data/Healthy/Corn_Health (1091).jpg,Healthy,3,256,256,157.462646484375,34.04951095581055,train
archive/data/Healthy/Corn_Health (1092).jpg,Healthy,3,256,256,132.173095703125,58.03655242919922,test
archive/data/Healthy/Corn_Health (1093).jpg,Healthy,3,256,256,158.6982421875,20.56645774841309,train
archive/data/Healthy/Corn_Health (1094).jpg,Healthy,3,256,256,183.527587890625,24.40058135986328,validation
archive/data/Healthy/Corn_Health (1095).jpg,Healthy,3,256,256,151.05908203125,23.348936080932617,train
archive/data/Healthy/Corn_Health (1096).jpg,Healthy,3,256,256,155.29931640625,23.091514587402344,train
archive/data/Healthy/Corn_Health (1097).jpg,Healthy,3,256,256,197.426025390625,23.581336975097656,train
archive/data/Healthy/Corn_Health (1098).jpg,Healthy,3,256,256,131.355712890625,20.842992782592773,train
archive/data/Healthy/Corn_Health (1099).jpg,Healthy,3,256,256,174.833984375,21.077661514282227,train
archive/data/Healthy/Corn_Health (11).jpg,Healthy,3,256,256,151.769287109375,34.95719146728516,train
archive/data/Healthy/Corn_Health (110).jpg,Healthy,3,256,256,176.1416015625,14.6029634475708,validation
archive/data/Healthy/Corn_Health (1100).jpg,Healthy,3,256,256,181.66845703125,30.10372734069824,validation
archive/data/Healthy/Corn_Health (1101).jpg,Healthy,3,256,256,152.7294921875,25.85774803161621,train
archive/data/Healthy/Corn_Health (1102).jpg,Healthy,3,256,256,136.737548828125,40.43529891967773,validation
archive/data/Healthy/Corn_Health (1103).jpg,Healthy,3,256,256,154.374755859375,23.76258850097656,train
archive/data/Healthy/Corn_Health (1104).jpg,Healthy,3,256,256,167.621337890625,33.66085433959961,validation
archive/data/Healthy/Corn_Health (1105).jpg,Healthy,3,256,256,183.135986328125,28.22308921813965,validation
archive/data/Healthy/Corn_Health (1106).jpg,Healthy,3,256,256,147.3544921875,29.73691940307617,train
archive/data/Healthy/Corn_Health (1107).jpg,Healthy,3,256,256,97.523681640625,53.24857711791992,train
archive/data/Healthy/Corn_Health (1108).jpg,Healthy,3,256,256,175.3154296875,22.1125545501709,test
archive/data/Healthy/Corn_Health (1109).jpg,Healthy,3,256,256,153.259765625,10.875736236572266,train
archive/data/Healthy/Corn_Health (111).jpg,Healthy,3,256,256,121.46826171875,16.747127532958984,train
archive/data/Healthy/Corn_Health (1110).jpg,Healthy,3,256,256,177.69287109375,30.22576904296875,train
archive/data/Healthy/Corn_Health (1111).jpg,Healthy,3,256,256,146.076904296875,22.14114189147949,validation
archive/data/Healthy/Corn_Health (1112).jpg,Healthy,3,256,256,167.60546875,26.93994903564453,test
archive/data/Healthy/Corn_Health (1113).jpg,Healthy,3,256,256,139.422119140625,40.036224365234375,validation
archive/data/Healthy/Corn_Health (1114).jpg,Healthy,3,256,256,132.865478515625,33.508914947509766,validation
archive/data/Healthy/Corn_Health (1115).jpg,Healthy,3,256,256,130.184814453125,21.25260162353516,train
archive/data/Healthy/Corn_Health (1116).jpg,Healthy,3,256,256,148.243896484375,25.945457458496094,train
archive/data/Healthy/Corn_Health (1117).jpg,Healthy,3,256,256,149.913818359375,17.013010025024414,train
archive/data/Healthy/Corn_Health (1118).jpg,Healthy,3,256,256,149.9736328125,30.241479873657227,train
archive/data/Healthy/Corn_Health (1119).jpg,Healthy,3,256,256,122.065673828125,20.56531143188477,train
archive/data/Healthy/Corn_Health (112).jpg,Healthy,3,256,256,139.97802734375,21.101804733276367,validation
archive/data/Healthy/Corn_Health (1120).jpg,Healthy,3,256,256,173.666015625,32.451446533203125,validation
archive/data/Healthy/Corn_Health (1121).jpg,Healthy,3,256,256,150.6640625,24.593164443969727,validation
archive/data/Healthy/Corn_Health (1122).jpg,Healthy,3,256,256,158.42578125,40.9340705871582,train
archive/data/Healthy/Corn_Health (1123).jpg,Healthy,3,256,256,203.20263671875,29.44930648803711,test
archive/data/Healthy/Corn_Health (1124).jpg,Healthy,3,256,256,197.15673828125,20.078357696533203,train
archive/data/Healthy/Corn_Health (1125).jpg,Healthy,3,256,256,152.38232421875,24.417556762695312,validation
archive/data/Healthy/Corn_Health (1126).jpg,Healthy,3,256,256,121.2275390625,61.13411331176758,test
archive/data/Healthy/Corn_Health (1127).jpg,Healthy,3,256,256,160.907958984375,28.693092346191406,train
archive/data/Healthy/Corn_Health (1128).jpg,Healthy,3,256,256,120.9296875,21.73147964477539,validation
archive/data/Healthy/Corn_Health (1129).jpg,Healthy,3,256,256,144.670654296875,14.958264350891112,test
archive/data/Healthy/Corn_Health (113).jpg,Healthy,3,256,256,99.1279296875,29.08783721923828,train
archive/data/Healthy/Corn_Health (1130).jpg,Healthy,3,256,256,162.534912109375,34.26538848876953,train
archive/data/Healthy/Corn_Health (1131).jpg,Healthy,3,256,256,82.8251953125,43.6956787109375,validation
archive/data/Healthy/Corn_Health (1132).jpg,Healthy,3,256,256,144.565673828125,30.80485343933105,train
archive/data/Healthy/Corn_Health (1133).jpg,Healthy,3,256,256,121.002685546875,33.75505065917969,train
archive/data/Healthy/Corn_Health (1134).jpg,Healthy,3,256,256,158.762939453125,44.36577987670898,train
archive/data/Healthy/Corn_Health (1135).jpg,Healthy,3,256,256,117.578857421875,19.47468376159668,validation
archive/data/Healthy/Corn_Health (1136).jpg,Healthy,3,256,256,161.1396484375,38.74635314941406,train
archive/data/Healthy/Corn_Health (1137).jpg,Healthy,3,256,256,165.4951171875,49.72276306152344,train
archive/data/Healthy/Corn_Health (1138).jpg,Healthy,3,256,256,151.232177734375,29.98328018188477,validation
archive/data/Healthy/Corn_Health (1139).jpg,Healthy,3,256,256,171.60205078125,26.86712646484375,validation
archive/data/Healthy/Corn_Health (114).jpg,Healthy,3,256,256,145.13037109375,30.26934051513672,train
archive/data/Healthy/Corn_Health (1140).jpg,Healthy,3,256,256,145.275390625,32.1561279296875,train
archive/data/Healthy/Corn_Health (1141).jpg,Healthy,3,256,256,133.293212890625,29.92980194091797,validation
archive/data/Healthy/Corn_Health (1142).jpg,Healthy,3,256,256,148.33251953125,37.556549072265625,test
archive/data/Healthy/Corn_Health (1143).jpg,Healthy,3,256,256,138.657470703125,30.38011360168457,train
archive/data/Healthy/Corn_Health (1144).jpg,Healthy,3,256,256,178.4833984375,27.54231834411621,test
archive/data/Healthy/Corn_Health (1145).jpg,Healthy,3,256,256,185.070068359375,20.633975982666016,train
archive/data/Healthy/Corn_Health (1146).jpg,Healthy,3,256,256,126.271728515625,48.710487365722656,train
archive/data/Healthy/Corn_Health (1147).jpg,Healthy,3,256,256,147.864990234375,30.613527297973636,train
archive/data/Healthy/Corn_Health (1148).jpg,Healthy,3,256,256,156.48681640625,44.81422424316406,test
archive/data/Healthy/Corn_Health (1149).jpg,Healthy,3,256,256,167.350341796875,24.75412368774414,validation
archive/data/Healthy/Corn_Health (115).jpg,Healthy,3,256,256,166.742431640625,26.85743904113769,validation
archive/data/Healthy/Corn_Health (1150).jpg,Healthy,3,256,256,182.34033203125,21.21467399597168,train
archive/data/Healthy/Corn_Health (1151).jpg,Healthy,3,256,256,192.13427734375,31.68247604370117,train
archive/data/Healthy/Corn_Health (1152).jpg,Healthy,3,256,256,140.786376953125,61.71257781982422,train
archive/data/Healthy/Corn_Health (1153).jpg,Healthy,3,256,256,186.853271484375,24.17243003845215,train
archive/data/Healthy/Corn_Health (1154).jpg,Healthy,3,256,256,123.81005859375,30.374736785888672,validation
archive/data/Healthy/Corn_Health (1155).jpg,Healthy,3,256,256,166.65966796875,27.13300895690918,train
archive/data/Healthy/Corn_Health (1156).jpg,Healthy,3,256,256,122.3701171875,22.07393264770508,train
archive/data/Healthy/Corn_Health (1157).jpg,Healthy,3,256,256,129.02197265625,31.88935089111328,train
archive/data/Healthy/Corn_Health (1158).jpg,Healthy,3,256,256,102.57568359375,15.704846382141112,train
archive/data/Healthy/Corn_Health (1159).jpg,Healthy,3,256,256,154.736572265625,26.642438888549805,test
archive/data/Healthy/Corn_Health (116).jpg,Healthy,3,256,256,184.546142578125,24.065519332885746,train
archive/data/Healthy/Corn_Health (1160).jpg,Healthy,3,256,256,177.767333984375,55.55860137939453,test
archive/data/Healthy/Corn_Health (1161).jpg,Healthy,3,256,256,168.31982421875,23.319625854492188,train
archive/data/Healthy/Corn_Health (1162).jpg,Healthy,3,256,256,117.349609375,41.34086990356445,train
archive/data/Healthy/Corn_Health (117).jpg,Healthy,3,256,256,136.707763671875,33.953426361083984,train
archive/data/Healthy/Corn_Health (118).jpg,Healthy,3,256,256,87.15576171875,38.5871467590332,train
archive/data/Healthy/Corn_Health (119).jpg,Healthy,3,256,256,132.135009765625,34.16562271118164,train
archive/data/Healthy/Corn_Health (12).jpg,Healthy,3,256,256,161.818115234375,34.90509414672852,train
archive/data/Healthy/Corn_Health (120).jpg,Healthy,3,256,256,111.531494140625,14.481618881225586,train
archive/data/Healthy/Corn_Health (121).jpg,Healthy,3,256,256,150.349853515625,26.83019256591797,train
archive/data/Healthy/Corn_Health (122).jpg,Healthy,3,256,256,202.911376953125,29.051977157592773,train
archive/data/Healthy/Corn_Health (123).jpg,Healthy,3,256,256,157.8447265625,43.526512145996094,train
archive/data/Healthy/Corn_Health (124).jpg,Healthy,3,256,256,182.07080078125,32.696407318115234,train
archive/data/Healthy/Corn_Health (125).jpg,Healthy,3,256,256,149.94580078125,33.13447570800781,train
archive/data/Healthy/Corn_Health (126).jpg,Healthy,3,256,256,101.637939453125,46.64638519287109,train
archive/data/Healthy/Corn_Health (127).jpg,Healthy,3,256,256,184.85791015625,24.12498664855957,test
archive/data/Healthy/Corn_Health (128).jpg,Healthy,3,256,256,92.69140625,34.18537521362305,test
archive/data/Healthy/Corn_Health (129).jpg,Healthy,3,256,256,166.552734375,25.90033531188965,test
archive/data/Healthy/Corn_Health (13).jpg,Healthy,3,256,256,168.19677734375,26.796039581298828,train
archive/data/Healthy/Corn_Health (130).jpg,Healthy,3,256,256,173.990234375,32.575706481933594,test
archive/data/Healthy/Corn_Health (131).jpg,Healthy,3,256,256,170.9189453125,29.79164695739746,train
archive/data/Healthy/Corn_Health (132).jpg,Healthy,3,256,256,163.091552734375,20.899328231811523,train
archive/data/Healthy/Corn_Health (133).jpg,Healthy,3,256,256,160.37890625,17.633777618408203,test
archive/data/Healthy/Corn_Health (134).jpg,Healthy,3,256,256,157.026123046875,19.80896377563477,train
archive/data/Healthy/Corn_Health (135).jpg,Healthy,3,256,256,135.47998046875,59.76338958740234,train
archive/data/Healthy/Corn_Health (136).jpg,Healthy,3,256,256,176.85302734375,26.89348602294922,train
archive/data/Healthy/Corn_Health (137).jpg,Healthy,3,256,256,162.904052734375,41.69918823242188,train
archive/data/Healthy/Corn_Health (138).jpg,Healthy,3,256,256,161.548828125,30.01144790649414,train
archive/data/Healthy/Corn_Health (139).jpg,Healthy,3,256,256,149.992431640625,40.119422912597656,test
archive/data/Healthy/Corn_Health (14).jpg,Healthy,3,256,256,196.296630859375,21.779705047607425,test
archive/data/Healthy/Corn_Health (140).jpg,Healthy,3,256,256,117.449951171875,39.28743362426758,train
archive/data/Healthy/Corn_Health (141).jpg,Healthy,3,256,256,123.9150390625,13.19107723236084,validation
archive/data/Healthy/Corn_Health (142).jpg,Healthy,3,256,256,194.633056640625,24.81262588500977,test
archive/data/Healthy/Corn_Health (143).jpg,Healthy,3,256,256,170.075927734375,48.2983283996582,validation
archive/data/Healthy/Corn_Health (144).jpg,Healthy,3,256,256,169.73193359375,33.4531364440918,train
archive/data/Healthy/Corn_Health (145).jpg,Healthy,3,256,256,125.181640625,26.797412872314453,validation
archive/data/Healthy/Corn_Health (146).jpg,Healthy,3,256,256,110.199462890625,28.37845039367676,validation
archive/data/Healthy/Corn_Health (147).jpg,Healthy,3,256,256,169.910400390625,21.431224822998047,train
archive/data/Healthy/Corn_Health (148).jpg,Healthy,3,256,256,174.855712890625,46.45802688598633,train
archive/data/Healthy/Corn_Health (149).jpg,Healthy,3,256,256,177.22802734375,34.08369064331055,train
archive/data/Healthy/Corn_Health (15).jpg,Healthy,3,256,256,139.50390625,21.465370178222656,train
archive/data/Healthy/Corn_Health (150).jpg,Healthy,3,256,256,178.23876953125,26.97321510314941,train
archive/data/Healthy/Corn_Health (151).jpg,Healthy,3,256,256,209.69482421875,18.7373161315918,validation
archive/data/Healthy/Corn_Health (152).jpg,Healthy,3,256,256,176.52880859375,25.953441619873047,train
archive/data/Healthy/Corn_Health (153).jpg,Healthy,3,256,256,138.601806640625,20.66220474243164,train
archive/data/Healthy/Corn_Health (154).jpg,Healthy,3,256,256,174.577880859375,27.38501739501953,train
archive/data/Healthy/Corn_Health (155).jpg,Healthy,3,256,256,170.393310546875,16.185535430908203,train
archive/data/Healthy/Corn_Health (156).jpg,Healthy,3,256,256,109.044921875,57.20904922485352,test
archive/data/Healthy/Corn_Health (157).jpg,Healthy,3,256,256,164.458984375,35.57699966430664,train
archive/data/Healthy/Corn_Health (158).jpg,Healthy,3,256,256,142.75048828125,23.812936782836918,train
archive/data/Healthy/Corn_Health (159).jpg,Healthy,3,256,256,160.06396484375,24.066654205322266,train
archive/data/Healthy/Corn_Health (16).jpg,Healthy,3,256,256,158.17822265625,23.18839454650879,train
archive/data/Healthy/Corn_Health (160).jpg,Healthy,3,256,256,159.67431640625,18.432981491088867,train
archive/data/Healthy/Corn_Health (161).jpg,Healthy,3,256,256,143.104736328125,24.003793716430664,train
archive/data/Healthy/Corn_Health (162).jpg,Healthy,3,256,256,159.451171875,31.216949462890625,validation
archive/data/Healthy/Corn_Health (163).jpg,Healthy,3,256,256,114.285400390625,27.80836296081543,train
archive/data/Healthy/Corn_Health (164).jpg,Healthy,3,256,256,158.565673828125,23.93546295166016,test
archive/data/Healthy/Corn_Health (165).jpg,Healthy,3,256,256,187.531005859375,26.01512336730957,validation
archive/data/Healthy/Corn_Health (166).jpg,Healthy,3,256,256,119.87060546875,19.09374618530273,train
archive/data/Healthy/Corn_Health (167).jpg,Healthy,3,256,256,128.9521484375,30.999387741088867,train
archive/data/Healthy/Corn_Health (168).jpg,Healthy,3,256,256,170.5146484375,24.170188903808597,test
archive/data/Healthy/Corn_Health (169).jpg,Healthy,3,256,256,123.354736328125,36.89281463623047,test
archive/data/Healthy/Corn_Health (17).jpg,Healthy,3,256,256,134.073486328125,31.352697372436523,train
archive/data/Healthy/Corn_Health (170).jpg,Healthy,3,256,256,114.86865234375,32.52207565307617,train
archive/data/Healthy/Corn_Health (171).jpg,Healthy,3,256,256,152.869873046875,46.471588134765625,test
archive/data/Healthy/Corn_Health (172).jpg,Healthy,3,256,256,174.11962890625,47.60483551025391,test
archive/data/Healthy/Corn_Health (173).jpg,Healthy,3,256,256,122.438720703125,54.26591110229492,train
archive/data/Healthy/Corn_Health (174).jpg,Healthy,3,256,256,128.8232421875,51.874759674072266,train
archive/data/Healthy/Corn_Health (175).jpg,Healthy,3,256,256,183.57763671875,40.9117431640625,train
archive/data/Healthy/Corn_Health (176).JPG,Healthy,3,256,256,104.570556640625,56.8237533569336,validation
archive/data/Healthy/Corn_Health (177).jpg,Healthy,3,256,256,183.0791015625,23.984066009521484,test
archive/data/Healthy/Corn_Health (178).jpg,Healthy,3,256,256,150.29052734375,23.41383171081543,train
archive/data/Healthy/Corn_Health (179).jpg,Healthy,3,256,256,160.010009765625,35.52492904663086,train
archive/data/Healthy/Corn_Health (18).jpg,Healthy,3,256,256,148.682373046875,26.28643226623535,train
archive/data/Healthy/Corn_Health (180).jpg,Healthy,3,256,256,88.872802734375,37.19670486450195,test
archive/data/Healthy/Corn_Health (181).jpg,Healthy,3,256,256,160.055419921875,30.43989944458008,train
archive/data/Healthy/Corn_Health (182).jpg,Healthy,3,256,256,165.981689453125,13.963677406311035,test
archive/data/Healthy/Corn_Health (183).jpg,Healthy,3,256,256,161.26171875,30.174806594848636,train
archive/data/Healthy/Corn_Health (184).jpg,Healthy,3,256,256,189.131103515625,33.67627716064453,train
archive/data/Healthy/Corn_Health (185).jpg,Healthy,3,256,256,89.613037109375,42.354530334472656,train
archive/data/Healthy/Corn_Health (186).jpg,Healthy,3,256,256,184.0419921875,54.26134490966797,test
archive/data/Healthy/Corn_Health (187).jpg,Healthy,3,256,256,175.82373046875,43.95284652709961,test
archive/data/Healthy/Corn_Health (188).jpg,Healthy,3,256,256,89.666259765625,51.54129409790039,train
archive/data/Healthy/Corn_Health (189).jpg,Healthy,3,256,256,141.984375,39.2314338684082,train
archive/data/Healthy/Corn_Health (19).jpg,Healthy,3,256,256,112.343994140625,29.006744384765625,train
archive/data/Healthy/Corn_Health (190).jpg,Healthy,3,256,256,154.270263671875,39.12018966674805,test
archive/data/Healthy/Corn_Health (191).jpg,Healthy,3,256,256,140.736328125,40.32954025268555,train
archive/data/Healthy/Corn_Health (192).jpg,Healthy,3,256,256,97.41259765625,53.6317138671875,test
archive/data/Healthy/Corn_Health (193).jpg,Healthy,3,256,256,148.891357421875,26.525049209594727,train
archive/data/Healthy/Corn_Health (194).jpg,Healthy,3,256,256,160.782470703125,35.32804107666016,test
archive/data/Healthy/Corn_Health (195).jpg,Healthy,3,256,256,193.948974609375,23.33041381835937,train
archive/data/Healthy/Corn_Health (196).jpg,Healthy,3,256,256,155.01611328125,24.493776321411133,validation
archive/data/Healthy/Corn_Health (197).jpg,Healthy,3,256,256,156.181640625,28.73433303833008,train
archive/data/Healthy/Corn_Health (198).jpg,Healthy,3,256,256,164.804931640625,45.0763053894043,train
archive/data/Healthy/Corn_Health (199).JPG,Healthy,3,256,256,120.099365234375,36.41211318969727,train
archive/data/Healthy/Corn_Health (2).jpg,Healthy,3,256,256,137.88916015625,31.06061363220215,train
archive/data/Healthy/Corn_Health (20).jpg,Healthy,3,256,256,163.595703125,38.07219314575195,validation
archive/data/Healthy/Corn_Health (200).jpg,Healthy,3,256,256,162.1884765625,43.32306671142578,train
archive/data/Healthy/Corn_Health (201).jpg,Healthy,3,256,256,129.4091796875,25.91880989074707,train
archive/data/Healthy/Corn_Health (202).jpg,Healthy,3,256,256,121.661865234375,24.14452743530273,train
archive/data/Healthy/Corn_Health (203).jpg,Healthy,3,256,256,179.53125,24.885587692260746,validation
archive/data/Healthy/Corn_Health (204).jpg,Healthy,3,256,256,117.213623046875,28.874340057373047,train
archive/data/Healthy/Corn_Health (205).jpg,Healthy,3,256,256,163.426025390625,33.33385467529297,train
archive/data/Healthy/Corn_Health (206).jpg,Healthy,3,256,256,114.08154296875,27.59192276000977,test
archive/data/Healthy/Corn_Health (207).jpg,Healthy,3,256,256,166.678955078125,23.88079261779785,validation
archive/data/Healthy/Corn_Health (208).jpg,Healthy,3,256,256,135.69384765625,39.23887634277344,test
archive/data/Healthy/Corn_Health (209).jpg,Healthy,3,256,256,165.328857421875,29.471641540527344,validation
archive/data/Healthy/Corn_Health (21).jpg,Healthy,3,256,256,172.141845703125,20.841562271118164,validation
archive/data/Healthy/Corn_Health (210).jpg,Healthy,3,256,256,104.910400390625,36.46652603149414,train
archive/data/Healthy/Corn_Health (211).jpg,Healthy,3,256,256,115.085205078125,35.41753387451172,test
archive/data/Healthy/Corn_Health (212).jpg,Healthy,3,256,256,131.09619140625,39.5145149230957,train
archive/data/Healthy/Corn_Health (213).jpg,Healthy,3,256,256,171.868896484375,25.77977561950684,validation
archive/data/Healthy/Corn_Health (214).jpg,Healthy,3,256,256,91.646728515625,30.127073287963867,train
archive/data/Healthy/Corn_Health (215).jpg,Healthy,3,256,256,139.31201171875,18.040531158447266,test
archive/data/Healthy/Corn_Health (216).jpg,Healthy,3,256,256,168.587646484375,26.12469482421875,train
archive/data/Healthy/Corn_Health (217).jpg,Healthy,3,256,256,116.66162109375,24.921804428100582,train
archive/data/Healthy/Corn_Health (218).jpg,Healthy,3,256,256,128.594970703125,44.61456298828125,train
archive/data/Healthy/Corn_Health (219).jpg,Healthy,3,256,256,120.534912109375,35.09077072143555,train
archive/data/Healthy/Corn_Health (22).jpg,Healthy,3,256,256,136.114990234375,31.50105094909668,train
archive/data/Healthy/Corn_Health (220).jpg,Healthy,3,256,256,134.817626953125,18.51791763305664,train
archive/data/Healthy/Corn_Health (221).jpg,Healthy,3,256,256,131.933837890625,26.437578201293945,train
archive/data/Healthy/Corn_Health (222).jpg,Healthy,3,256,256,177.467041015625,28.257497787475582,train
archive/data/Healthy/Corn_Health (223).jpg,Healthy,3,256,256,138.89697265625,36.73683166503906,train
archive/data/Healthy/Corn_Health (224).jpg,Healthy,3,256,256,126.8876953125,32.04497528076172,train
archive/data/Healthy/Corn_Health (225).jpg,Healthy,3,256,256,146.863037109375,45.31588363647461,train
archive/data/Healthy/Corn_Health (226).jpg,Healthy,3,256,256,163.993896484375,15.874360084533691,train
archive/data/Healthy/Corn_Health (227).jpg,Healthy,3,256,256,181.341064453125,37.09605407714844,train
archive/data/Healthy/Corn_Health (228).jpg,Healthy,3,256,256,131.38134765625,19.62643241882324,train
archive/data/Healthy/Corn_Health (229).jpg,Healthy,3,256,256,91.016845703125,21.493446350097656,train
archive/data/Healthy/Corn_Health (23).jpg,Healthy,3,256,256,165.4189453125,25.12409210205078,validation
archive/data/Healthy/Corn_Health (230).jpg,Healthy,3,256,256,141.68701171875,25.11193084716797,test
archive/data/Healthy/Corn_Health (231).jpg,Healthy,3,256,256,146.523681640625,33.85453796386719,train
archive/data/Healthy/Corn_Health (232).jpg,Healthy,3,256,256,140.722412109375,26.24911499023437,train
archive/data/Healthy/Corn_Health (233).jpg,Healthy,3,256,256,152.77197265625,28.006690979003903,train
archive/data/Healthy/Corn_Health (234).jpg,Healthy,3,256,256,125.216552734375,46.01145553588867,train
archive/data/Healthy/Corn_Health (235).jpg,Healthy,3,256,256,151.089599609375,39.01811218261719,train
archive/data/Healthy/Corn_Health (236).jpg,Healthy,3,256,256,160.53564453125,25.5394287109375,train
archive/data/Healthy/Corn_Health (237).jpg,Healthy,3,256,256,181.35302734375,31.67591667175293,train
archive/data/Healthy/Corn_Health (238).jpg,Healthy,3,256,256,163.70556640625,29.321290969848636,validation
archive/data/Healthy/Corn_Health (239).jpg,Healthy,3,256,256,190.893798828125,21.55375099182129,validation
archive/data/Healthy/Corn_Health (24).jpg,Healthy,3,256,256,127.41259765625,50.40873718261719,train
archive/data/Healthy/Corn_Health (240).jpg,Healthy,3,256,256,129.195556640625,31.27994728088379,test
archive/data/Healthy/Corn_Health (241).jpg,Healthy,3,256,256,122.353271484375,17.93205451965332,train
archive/data/Healthy/Corn_Health (242).jpg,Healthy,3,256,256,166.48095703125,27.825210571289062,validation
archive/data/Healthy/Corn_Health (243).jpg,Healthy,3,256,256,133.47216796875,49.8094482421875,validation
archive/data/Healthy/Corn_Health (244).jpg,Healthy,3,256,256,143.56884765625,30.72535514831543,train
archive/data/Healthy/Corn_Health (245).jpg,Healthy,3,256,256,160.771728515625,31.165876388549805,validation
archive/data/Healthy/Corn_Health (246).jpg,Healthy,3,256,256,151.1005859375,26.454986572265625,train
archive/data/Healthy/Corn_Health (247).jpg,Healthy,3,256,256,188.97509765625,32.24538803100586,train
archive/data/Healthy/Corn_Health (248).jpg,Healthy,3,256,256,128.91845703125,33.844459533691406,train
archive/data/Healthy/Corn_Health (249).jpg,Healthy,3,256,256,146.9765625,25.816347122192383,test
archive/data/Healthy/Corn_Health (25).jpg,Healthy,3,256,256,133.14990234375,32.53049087524414,train
archive/data/Healthy/Corn_Health (250).jpg,Healthy,3,256,256,114.096923828125,36.15180206298828,train
archive/data/Healthy/Corn_Health (251).jpg,Healthy,3,256,256,172.54443359375,18.56422233581543,train
archive/data/Healthy/Corn_Health (252).jpg,Healthy,3,256,256,123.229248046875,46.39482879638672,train
archive/data/Healthy/Corn_Health (253).jpg,Healthy,3,256,256,152.498046875,36.66278839111328,train
archive/data/Healthy/Corn_Health (254).jpg,Healthy,3,256,256,174.992431640625,38.14372634887695,train
archive/data/Healthy/Corn_Health (255).jpg,Healthy,3,256,256,166.413818359375,22.80228614807129,validation
archive/data/Healthy/Corn_Health (256).jpg,Healthy,3,256,256,91.6328125,25.4168643951416,test
archive/data/Healthy/Corn_Health (257).jpg,Healthy,3,256,256,159.750244140625,52.08098983764648,train
archive/data/Healthy/Corn_Health (258).jpg,Healthy,3,256,256,143.072021484375,21.5047664642334,train
archive/data/Healthy/Corn_Health (259).jpg,Healthy,3,256,256,179.90966796875,20.09469985961914,train
archive/data/Healthy/Corn_Health (26).jpg,Healthy,3,256,256,166.42431640625,41.79079055786133,validation
archive/data/Healthy/Corn_Health (260).jpg,Healthy,3,256,256,129.2958984375,47.66976165771485,train
archive/data/Healthy/Corn_Health (261).jpg,Healthy,3,256,256,149.569091796875,33.19166564941406,test
archive/data/Healthy/Corn_Health (262).jpg,Healthy,3,256,256,153.163818359375,31.15970230102539,train
archive/data/Healthy/Corn_Health (263).jpg,Healthy,3,256,256,143.08203125,20.551576614379883,train
archive/data/Healthy/Corn_Health (264).jpg,Healthy,3,256,256,133.095458984375,29.21721839904785,validation
archive/data/Healthy/Corn_Health (265).jpg,Healthy,3,256,256,156.0927734375,32.03017807006836,train
archive/data/Healthy/Corn_Health (266).jpg,Healthy,3,256,256,161.525634765625,31.11930274963379,test
archive/data/Healthy/Corn_Health (267).jpg,Healthy,3,256,256,170.95556640625,36.61067962646485,train
archive/data/Healthy/Corn_Health (268).jpg,Healthy,3,256,256,139.109619140625,21.16875457763672,validation
archive/data/Healthy/Corn_Health (269).jpg,Healthy,3,256,256,207.2158203125,17.682483673095703,train
archive/data/Healthy/Corn_Health (27).jpg,Healthy,3,256,256,103.27978515625,26.62948036193848,train
archive/data/Healthy/Corn_Health (270).jpg,Healthy,3,256,256,141.317626953125,40.106815338134766,test
archive/data/Healthy/Corn_Health (271).jpg,Healthy,3,256,256,111.349853515625,34.58847427368164,train
archive/data/Healthy/Corn_Health (272).jpg,Healthy,3,256,256,152.075439453125,28.519855499267575,train
archive/data/Healthy/Corn_Health (273).jpg,Healthy,3,256,256,100.38623046875,49.29521942138672,test
archive/data/Healthy/Corn_Health (274).jpg,Healthy,3,256,256,139.526611328125,38.81318283081055,train
archive/data/Healthy/Corn_Health (275).jpg,Healthy,3,256,256,132.74560546875,32.518672943115234,test
archive/data/Healthy/Corn_Health (276).JPG,Healthy,3,256,256,148.89501953125,25.899194717407227,train
archive/data/Healthy/Corn_Health (277).jpg,Healthy,3,256,256,131.78857421875,23.912086486816406,train
archive/data/Healthy/Corn_Health (278).jpg,Healthy,3,256,256,174.123046875,37.84321212768555,validation
archive/data/Healthy/Corn_Health (279).jpg,Healthy,3,256,256,138.273681640625,27.107534408569336,train
archive/data/Healthy/Corn_Health (28).jpg,Healthy,3,256,256,173.838134765625,18.09122467041016,train
archive/data/Healthy/Corn_Health (280).jpg,Healthy,3,256,256,145.416748046875,18.760814666748047,test
archive/data/Healthy/Corn_Health (281).jpg,Healthy,3,256,256,142.146484375,22.212553024291992,test
archive/data/Healthy/Corn_Health (282).jpg,Healthy,3,256,256,162.538818359375,24.714017868041992,train
archive/data/Healthy/Corn_Health (283).JPG,Healthy,3,256,256,152.4501953125,41.900821685791016,test
archive/data/Healthy/Corn_Health (284).jpg,Healthy,3,256,256,139.683349609375,41.41325378417969,validation
archive/data/Healthy/Corn_Health (285).jpg,Healthy,3,256,256,175.739013671875,28.17106437683105,train
archive/data/Healthy/Corn_Health (286).jpg,Healthy,3,256,256,205.142333984375,21.45210647583008,train
archive/data/Healthy/Corn_Health (287).jpg,Healthy,3,256,256,156.814208984375,32.401214599609375,validation
archive/data/Healthy/Corn_Health (288).jpg,Healthy,3,256,256,130.834228515625,40.140411376953125,validation
archive/data/Healthy/Corn_Health (289).jpg,Healthy,3,256,256,138.061279296875,40.68632888793945,train
archive/data/Healthy/Corn_Health (29).jpg,Healthy,3,256,256,178.093505859375,34.54690933227539,train
archive/data/Healthy/Corn_Health (290).jpg,Healthy,3,256,256,155.788330078125,30.50669860839844,test
archive/data/Healthy/Corn_Health (291).jpg,Healthy,3,256,256,169.515380859375,48.58853912353516,train
archive/data/Healthy/Corn_Health (292).jpg,Healthy,3,256,256,142.88623046875,32.10568618774414,train
archive/data/Healthy/Corn_Health (293).jpg,Healthy,3,256,256,153.145263671875,39.83953094482422,validation
archive/data/Healthy/Corn_Health (294).jpg,Healthy,3,256,256,156.96826171875,29.01103401184082,train
archive/data/Healthy/Corn_Health (295).jpg,Healthy,3,256,256,104.31103515625,29.603647232055664,test
archive/data/Healthy/Corn_Health (296).jpg,Healthy,3,256,256,172.93359375,39.88617706298828,train
archive/data/Healthy/Corn_Health (297).jpg,Healthy,3,256,256,179.38623046875,27.186256408691406,validation
archive/data/Healthy/Corn_Health (298).jpg,Healthy,3,256,256,151.6513671875,12.539898872375488,train
archive/data/Healthy/Corn_Health (299).jpg,Healthy,3,256,256,138.61376953125,26.468978881835938,train
archive/data/Healthy/Corn_Health (3).jpg,Healthy,3,256,256,152.9541015625,22.28780746459961,test
archive/data/Healthy/Corn_Health (30).jpg,Healthy,3,256,256,180.25830078125,21.66349029541016,train
archive/data/Healthy/Corn_Health (300).jpg,Healthy,3,256,256,158.813232421875,31.071481704711918,train
archive/data/Healthy/Corn_Health (301).jpg,Healthy,3,256,256,157.944091796875,26.40656471252441,train
archive/data/Healthy/Corn_Health (302).jpg,Healthy,3,256,256,156.986083984375,21.420923233032227,train
archive/data/Healthy/Corn_Health (303).jpg,Healthy,3,256,256,151.379150390625,35.414161682128906,train
archive/data/Healthy/Corn_Health (304).jpg,Healthy,3,256,256,123.963134765625,30.86077690124512,train
archive/data/Healthy/Corn_Health (305).jpg,Healthy,3,256,256,75.599853515625,46.41977310180664,train
archive/data/Healthy/Corn_Health (306).jpg,Healthy,3,256,256,145.303466796875,41.6889877319336,train
archive/data/Healthy/Corn_Health (307).jpg,Healthy,3,256,256,151.763916015625,26.412059783935547,train
archive/data/Healthy/Corn_Health (308).jpg,Healthy,3,256,256,136.517822265625,29.92802619934082,train
archive/data/Healthy/Corn_Health (309).jpg,Healthy,3,256,256,67.139892578125,20.76931571960449,test
archive/data/Healthy/Corn_Health (31).jpg,Healthy,3,256,256,134.451416015625,46.619476318359375,train
archive/data/Healthy/Corn_Health (310).JPG,Healthy,3,256,256,120.6328125,37.37118148803711,test
archive/data/Healthy/Corn_Health (311).jpg,Healthy,3,256,256,171.5009765625,17.04098129272461,test
archive/data/Healthy/Corn_Health (312).JPG,Healthy,3,256,256,150.175048828125,39.99552154541016,validation
archive/data/Healthy/Corn_Health (313).jpg,Healthy,3,256,256,172.056396484375,32.876590728759766,train
archive/data/Healthy/Corn_Health (314).jpg,Healthy,3,256,256,141.612060546875,24.06669235229492,validation
archive/data/Healthy/Corn_Health (315).jpg,Healthy,3,256,256,173.53369140625,35.65394592285156,test
archive/data/Healthy/Corn_Health (316).jpg,Healthy,3,256,256,175.79736328125,18.166894912719727,test
archive/data/Healthy/Corn_Health (317).jpg,Healthy,3,256,256,160.5498046875,27.091073989868164,train
archive/data/Healthy/Corn_Health (318).jpg,Healthy,3,256,256,170.685791015625,26.88913345336914,validation
archive/data/Healthy/Corn_Health (319).jpg,Healthy,3,256,256,157.240966796875,23.79403305053711,train
archive/data/Healthy/Corn_Health (32).jpg,Healthy,3,256,256,77.015869140625,27.877416610717773,train
archive/data/Healthy/Corn_Health (320).jpg,Healthy,3,256,256,150.1328125,31.210716247558597,train
archive/data/Healthy/Corn_Health (321).jpg,Healthy,3,256,256,140.93994140625,32.7989387512207,train
archive/data/Healthy/Corn_Health (322).jpg,Healthy,3,256,256,161.50537109375,14.50237274169922,train
archive/data/Healthy/Corn_Health (323).jpg,Healthy,3,256,256,154.986572265625,33.04862976074219,train
archive/data/Healthy/Corn_Health (324).jpg,Healthy,3,256,256,89.844970703125,38.3306999206543,test
archive/data/Healthy/Corn_Health (325).jpg,Healthy,3,256,256,117.658203125,29.28636741638184,validation
archive/data/Healthy/Corn_Health (326).jpg,Healthy,3,256,256,121.390380859375,19.011449813842773,train
archive/data/Healthy/Corn_Health (327).jpg,Healthy,3,256,256,157.2412109375,25.62131118774414,test
archive/data/Healthy/Corn_Health (328).jpg,Healthy,3,256,256,175.691162109375,29.37566566467285,train
archive/data/Healthy/Corn_Health (329).jpg,Healthy,3,256,256,144.084716796875,31.716154098510746,train
archive/data/Healthy/Corn_Health (33).jpg,Healthy,3,256,256,164.23193359375,30.217931747436523,train
archive/data/Healthy/Corn_Health (330).jpg,Healthy,3,256,256,149.666748046875,33.89470672607422,test
archive/data/Healthy/Corn_Health (331).jpg,Healthy,3,256,256,147.884765625,30.073604583740234,train
archive/data/Healthy/Corn_Health (332).jpg,Healthy,3,256,256,169.60205078125,41.66603088378906,test
archive/data/Healthy/Corn_Health (333).jpg,Healthy,3,256,256,184.321044921875,21.293251037597656,train
archive/data/Healthy/Corn_Health (334).jpg,Healthy,3,256,256,119.491455078125,20.66911506652832,test
archive/data/Healthy/Corn_Health (335).jpg,Healthy,3,256,256,133.432861328125,43.18129348754883,train
archive/data/Healthy/Corn_Health (336).jpg,Healthy,3,256,256,136.429931640625,26.31781578063965,test
archive/data/Healthy/Corn_Health (337).jpg,Healthy,3,256,256,167.609375,33.00933074951172,train
archive/data/Healthy/Corn_Health (338).jpg,Healthy,3,256,256,159.1181640625,28.71270751953125,train
archive/data/Healthy/Corn_Health (339).jpg,Healthy,3,256,256,173.338134765625,39.98054504394531,train
archive/data/Healthy/Corn_Health (34).jpg,Healthy,3,256,256,161.3173828125,27.72905921936035,validation
archive/data/Healthy/Corn_Health (340).jpg,Healthy,3,256,256,170.54052734375,23.124244689941406,test
archive/data/Healthy/Corn_Health (341).jpg,Healthy,3,256,256,166.453369140625,27.43086624145508,train
archive/data/Healthy/Corn_Health (342).jpg,Healthy,3,256,256,150.302734375,27.02936553955078,train
archive/data/Healthy/Corn_Health (343).jpg,Healthy,3,256,256,136.837158203125,24.308164596557617,test
archive/data/Healthy/Corn_Health (344).jpg,Healthy,3,256,256,149.077392578125,37.08227157592773,train
archive/data/Healthy/Corn_Health (345).jpg,Healthy,3,256,256,147.607421875,38.5073127746582,validation
archive/data/Healthy/Corn_Health (346).jpg,Healthy,3,256,256,166.74072265625,35.54645538330078,test
archive/data/Healthy/Corn_Health (347).jpg,Healthy,3,256,256,165.719970703125,27.595643997192383,train
archive/data/Healthy/Corn_Health (348).jpg,Healthy,3,256,256,181.213623046875,17.445716857910156,validation
archive/data/Healthy/Corn_Health (349).jpg,Healthy,3,256,256,201.619384765625,20.776700973510746,train
archive/data/Healthy/Corn_Health (35).jpg,Healthy,3,256,256,159.19921875,36.54813003540039,train
archive/data/Healthy/Corn_Health (350).jpg,Healthy,3,256,256,150.263916015625,47.80645751953125,validation
archive/data/Healthy/Corn_Health (351).jpg,Healthy,3,256,256,139.783447265625,38.35893249511719,train
archive/data/Healthy/Corn_Health (352).jpg,Healthy,3,256,256,152.165771484375,25.441274642944336,test
archive/data/Healthy/Corn_Health (353).jpg,Healthy,3,256,256,144.270751953125,31.80914306640625,validation
archive/data/Healthy/Corn_Health (354).jpg,Healthy,3,256,256,149.51318359375,34.53076171875,validation
archive/data/Healthy/Corn_Health (355).jpg,Healthy,3,256,256,168.038818359375,27.28219413757324,train
archive/data/Healthy/Corn_Health (356).jpg,Healthy,3,256,256,164.06689453125,40.34276580810547,train
archive/data/Healthy/Corn_Health (357).jpg,Healthy,3,256,256,174.3818359375,27.55257225036621,train
archive/data/Healthy/Corn_Health (358).jpg,Healthy,3,256,256,170.284912109375,30.648845672607425,validation
archive/data/Healthy/Corn_Health (359).jpg,Healthy,3,256,256,138.356201171875,33.26428985595703,train
archive/data/Healthy/Corn_Health (36).jpg,Healthy,3,256,256,174.410400390625,34.94613265991211,test
archive/data/Healthy/Corn_Health (360).jpg,Healthy,3,256,256,151.249267578125,24.199893951416016,validation
archive/data/Healthy/Corn_Health (361).jpg,Healthy,3,256,256,141.30322265625,25.48055458068848,train
archive/data/Healthy/Corn_Health (362).jpg,Healthy,3,256,256,137.192626953125,33.50001907348633,test
archive/data/Healthy/Corn_Health (363).jpg,Healthy,3,256,256,171.66748046875,23.780956268310547,test
archive/data/Healthy/Corn_Health (364).jpg,Healthy,3,256,256,171.226806640625,32.86188888549805,train
archive/data/Healthy/Corn_Health (365).jpg,Healthy,3,256,256,123.09765625,14.249683380126951,train
archive/data/Healthy/Corn_Health (366).jpg,Healthy,3,256,256,158.33544921875,45.43341445922852,test
archive/data/Healthy/Corn_Health (367).jpg,Healthy,3,256,256,152.866455078125,20.0623779296875,train
archive/data/Healthy/Corn_Health (368).jpg,Healthy,3,256,256,183.64990234375,32.22060012817383,train
archive/data/Healthy/Corn_Health (369).jpg,Healthy,3,256,256,155.775390625,30.97901153564453,train
archive/data/Healthy/Corn_Health (37).jpg,Healthy,3,256,256,150.593505859375,28.85082626342773,train
archive/data/Healthy/Corn_Health (370).jpg,Healthy,3,256,256,121.7236328125,33.24700164794922,train
archive/data/Healthy/Corn_Health (371).jpg,Healthy,3,256,256,162.64697265625,30.846303939819336,train
archive/data/Healthy/Corn_Health (372).jpg,Healthy,3,256,256,119.95458984375,36.398250579833984,validation
archive/data/Healthy/Corn_Health (373).jpg,Healthy,3,256,256,173.579345703125,31.798254013061523,train
archive/data/Healthy/Corn_Health (374).jpg,Healthy,3,256,256,157.76904296875,41.2378044128418,test
archive/data/Healthy/Corn_Health (375).jpg,Healthy,3,256,256,145.2890625,40.504371643066406,validation
archive/data/Healthy/Corn_Health (376).jpg,Healthy,3,256,256,150.64892578125,42.18471908569336,test
archive/data/Healthy/Corn_Health (377).jpg,Healthy,3,256,256,132.857666015625,48.77716445922852,validation
archive/data/Healthy/Corn_Health (378).jpg,Healthy,3,256,256,155.775390625,42.73221969604492,train
archive/data/Healthy/Corn_Health (379).jpg,Healthy,3,256,256,71.457275390625,31.28469467163086,train
archive/data/Healthy/Corn_Health (38).jpg,Healthy,3,256,256,148.299560546875,18.410160064697266,validation
archive/data/Healthy/Corn_Health (380).jpg,Healthy,3,256,256,112.580322265625,54.21192169189453,train
archive/data/Healthy/Corn_Health (381).jpg,Healthy,3,256,256,186.2021484375,27.45051002502441,train
archive/data/Healthy/Corn_Health (382).jpg,Healthy,3,256,256,163.565185546875,37.842281341552734,validation
archive/data/Healthy/Corn_Health (383).jpg,Healthy,3,256,256,132.084228515625,34.90790939331055,test
archive/data/Healthy/Corn_Health (384).jpg,Healthy,3,256,256,166.173828125,27.919626235961918,validation
archive/data/Healthy/Corn_Health (385).jpg,Healthy,3,256,256,130.04736328125,21.18284797668457,validation
archive/data/Healthy/Corn_Health (386).jpg,Healthy,3,256,256,145.821533203125,41.09380340576172,train
archive/data/Healthy/Corn_Health (387).jpg,Healthy,3,256,256,129.863037109375,39.7143440246582,validation
archive/data/Healthy/Corn_Health (388).jpg,Healthy,3,256,256,125.43896484375,44.907371520996094,train
archive/data/Healthy/Corn_Health (389).jpg,Healthy,3,256,256,121.81396484375,18.19646644592285,train
archive/data/Healthy/Corn_Health (39).jpg,Healthy,3,256,256,136.19189453125,19.055269241333008,test
archive/data/Healthy/Corn_Health (390).jpg,Healthy,3,256,256,124.756591796875,24.907909393310547,validation
archive/data/Healthy/Corn_Health (391).jpg,Healthy,3,256,256,178.18115234375,35.359413146972656,train
archive/data/Healthy/Corn_Health (392).jpg,Healthy,3,256,256,109.015380859375,44.12797546386719,train
archive/data/Healthy/Corn_Health (393).jpg,Healthy,3,256,256,167.331787109375,27.47109603881836,test
archive/data/Healthy/Corn_Health (394).jpg,Healthy,3,256,256,130.578369140625,34.290767669677734,train
archive/data/Healthy/Corn_Health (395).jpg,Healthy,3,256,256,164.236083984375,20.268983840942383,test
archive/data/Healthy/Corn_Health (396).jpg,Healthy,3,256,256,166.360107421875,34.41919708251953,test
archive/data/Healthy/Corn_Health (397).jpg,Healthy,3,256,256,171.994873046875,28.60850524902344,train
archive/data/Healthy/Corn_Health (398).jpg,Healthy,3,256,256,167.474853515625,31.373348236083984,validation
archive/data/Healthy/Corn_Health (399).jpg,Healthy,3,256,256,113.43212890625,59.11553955078125,train
archive/data/Healthy/Corn_Health (4).jpg,Healthy,3,256,256,163.605712890625,29.22633552551269,train
archive/data/Healthy/Corn_Health (40).jpg,Healthy,3,256,256,145.479736328125,17.284500122070312,train
archive/data/Healthy/Corn_Health (400).jpg,Healthy,3,256,256,168.58349609375,42.99420547485352,train
archive/data/Healthy/Corn_Health (401).jpg,Healthy,3,256,256,172.081298828125,23.505495071411133,test
archive/data/Healthy/Corn_Health (402).jpg,Healthy,3,256,256,160.78759765625,31.01322364807129,test
archive/data/Healthy/Corn_Health (403).jpg,Healthy,3,256,256,128.89794921875,58.98535537719727,train
archive/data/Healthy/Corn_Health (404).jpg,Healthy,3,256,256,141.89306640625,31.62237930297852,validation
archive/data/Healthy/Corn_Health (405).JPG,Healthy,3,256,256,143.40625,24.303852081298828,train
archive/data/Healthy/Corn_Health (406).jpg,Healthy,3,256,256,132.083251953125,54.70848083496094,train
archive/data/Healthy/Corn_Health (407).jpg,Healthy,3,256,256,109.447998046875,22.0606689453125,train
archive/data/Healthy/Corn_Health (408).jpg,Healthy,3,256,256,130.855712890625,36.9597282409668,test
archive/data/Healthy/Corn_Health (409).jpg,Healthy,3,256,256,134.980224609375,25.76205444335937,validation
archive/data/Healthy/Corn_Health (41).jpg,Healthy,3,256,256,144.572998046875,28.74712181091309,train
archive/data/Healthy/Corn_Health (410).jpg,Healthy,3,256,256,110.1962890625,44.31682586669922,validation
archive/data/Healthy/Corn_Health (411).jpg,Healthy,3,256,256,108.45703125,24.60811424255371,train
archive/data/Healthy/Corn_Health (412).jpg,Healthy,3,256,256,125.404296875,9.032770156860352,train
archive/data/Healthy/Corn_Health (413).jpg,Healthy,3,256,256,165.869873046875,29.610200881958008,test
archive/data/Healthy/Corn_Health (414).jpg,Healthy,3,256,256,153.270751953125,36.81146240234375,train
archive/data/Healthy/Corn_Health (415).jpg,Healthy,3,256,256,150.980224609375,18.53160285949707,train
archive/data/Healthy/Corn_Health (416).jpg,Healthy,3,256,256,177.0673828125,21.166860580444336,validation
archive/data/Healthy/Corn_Health (417).jpg,Healthy,3,256,256,171.08740234375,31.081470489501957,test
archive/data/Healthy/Corn_Health (418).jpg,Healthy,3,256,256,125.055908203125,29.972553253173828,train
archive/data/Healthy/Corn_Health (419).jpg,Healthy,3,256,256,119.62353515625,27.1088809967041,train
archive/data/Healthy/Corn_Health (42).jpg,Healthy,3,256,256,157.281494140625,29.908536911010746,train
archive/data/Healthy/Corn_Health (420).jpg,Healthy,3,256,256,154.611083984375,18.384984970092773,train
archive/data/Healthy/Corn_Health (421).jpg,Healthy,3,256,256,180.36962890625,38.67843246459961,train
archive/data/Healthy/Corn_Health (422).jpg,Healthy,3,256,256,107.804443359375,38.46513366699219,train
archive/data/Healthy/Corn_Health (423).jpg,Healthy,3,256,256,105.8408203125,36.46134567260742,train
archive/data/Healthy/Corn_Health (424).jpg,Healthy,3,256,256,136.77734375,32.3825798034668,test
archive/data/Healthy/Corn_Health (425).jpg,Healthy,3,256,256,181.978759765625,34.124446868896484,validation
archive/data/Healthy/Corn_Health (426).jpg,Healthy,3,256,256,96.03173828125,23.905309677124023,validation
archive/data/Healthy/Corn_Health (427).jpg,Healthy,3,256,256,127.705810546875,45.86304473876953,train
archive/data/Healthy/Corn_Health (428).jpg,Healthy,3,256,256,128.24169921875,20.677471160888672,train
archive/data/Healthy/Corn_Health (429).jpg,Healthy,3,256,256,169.108154296875,19.557838439941406,validation
archive/data/Healthy/Corn_Health (43).jpg,Healthy,3,256,256,133.954833984375,31.97502326965332,train
archive/data/Healthy/Corn_Health (430).jpg,Healthy,3,256,256,140.73291015625,43.77965545654297,validation
archive/data/Healthy/Corn_Health (431).jpg,Healthy,3,256,256,126.552978515625,53.605255126953125,validation
archive/data/Healthy/Corn_Health (432).jpg,Healthy,3,256,256,150.442138671875,24.607179641723636,train
archive/data/Healthy/Corn_Health (433).jpg,Healthy,3,256,256,156.757568359375,31.54495429992676,train
archive/data/Healthy/Corn_Health (434).jpg,Healthy,3,256,256,170.9150390625,33.54092025756836,train
archive/data/Healthy/Corn_Health (435).JPG,Healthy,3,256,256,111.601806640625,22.928363800048828,test
archive/data/Healthy/Corn_Health (436).jpg,Healthy,3,256,256,127.628173828125,41.27770614624024,validation
archive/data/Healthy/Corn_Health (437).jpg,Healthy,3,256,256,132.970703125,30.83078384399414,validation
archive/data/Healthy/Corn_Health (438).jpg,Healthy,3,256,256,133.6416015625,30.287918090820312,train
archive/data/Healthy/Corn_Health (439).jpg,Healthy,3,256,256,182.228759765625,39.96985626220703,train
archive/data/Healthy/Corn_Health (44).jpg,Healthy,3,256,256,108.436767578125,56.40015411376953,train
archive/data/Healthy/Corn_Health (440).jpg,Healthy,3,256,256,169.133056640625,32.915794372558594,train
archive/data/Healthy/Corn_Health (441).jpg,Healthy,3,256,256,149.639404296875,47.13816833496094,train
archive/data/Healthy/Corn_Health (442).jpg,Healthy,3,256,256,139.267333984375,35.43064498901367,train
archive/data/Healthy/Corn_Health (443).jpg,Healthy,3,256,256,116.760498046875,26.29079818725586,test
archive/data/Healthy/Corn_Health (444).jpg,Healthy,3,256,256,173.26123046875,32.24354553222656,train
archive/data/Healthy/Corn_Health (445).jpg,Healthy,3,256,256,169.20263671875,28.81278610229492,train
archive/data/Healthy/Corn_Health (446).jpg,Healthy,3,256,256,151.583740234375,25.306352615356445,train
archive/data/Healthy/Corn_Health (447).jpg,Healthy,3,256,256,185.650634765625,24.88945770263672,validation
archive/data/Healthy/Corn_Health (448).jpg,Healthy,3,256,256,176.44921875,38.78651809692383,train
archive/data/Healthy/Corn_Health (449).jpg,Healthy,3,256,256,167.501953125,32.28696823120117,validation
archive/data/Healthy/Corn_Health (45).jpg,Healthy,3,256,256,115.947509765625,32.2353630065918,test
archive/data/Healthy/Corn_Health (450).jpg,Healthy,3,256,256,184.712890625,26.61544418334961,validation
archive/data/Healthy/Corn_Health (451).jpg,Healthy,3,256,256,140.29736328125,38.80603790283203,train
archive/data/Healthy/Corn_Health (452).jpg,Healthy,3,256,256,174.228759765625,28.06085968017578,validation
archive/data/Healthy/Corn_Health (453).jpg,Healthy,3,256,256,114.082275390625,36.086029052734375,validation
archive/data/Healthy/Corn_Health (454).jpg,Healthy,3,256,256,89.010498046875,19.64238548278809,test
archive/data/Healthy/Corn_Health (455).jpg,Healthy,3,256,256,79.9365234375,41.94415283203125,validation
archive/data/Healthy/Corn_Health (456).jpg,Healthy,3,256,256,164.517578125,28.20939826965332,validation
archive/data/Healthy/Corn_Health (457).jpg,Healthy,3,256,256,155.422119140625,30.62325096130371,train
archive/data/Healthy/Corn_Health (458).jpg,Healthy,3,256,256,176.110107421875,50.05437850952149,train
archive/data/Healthy/Corn_Health (459).JPG,Healthy,3,256,256,101.10302734375,41.48727416992188,train
archive/data/Healthy/Corn_Health (46).jpg,Healthy,3,256,256,162.406005859375,28.321758270263672,train
archive/data/Healthy/Corn_Health (460).jpg,Healthy,3,256,256,123.365478515625,20.894651412963867,train
archive/data/Healthy/Corn_Health (461).jpg,Healthy,3,256,256,87.9970703125,28.57460021972656,test
archive/data/Healthy/Corn_Health (462).JPG,Healthy,3,256,256,106.5849609375,41.35026168823242,train
archive/data/Healthy/Corn_Health (463).jpg,Healthy,3,256,256,110.34375,23.81209754943848,train
archive/data/Healthy/Corn_Health (464).jpg,Healthy,3,256,256,104.226318359375,53.02996063232422,train
archive/data/Healthy/Corn_Health (465).jpg,Healthy,3,256,256,59.1748046875,17.993494033813477,test
archive/data/Healthy/Corn_Health (466).jpg,Healthy,3,256,256,151.69384765625,34.86417007446289,train
archive/data/Healthy/Corn_Health (467).jpg,Healthy,3,256,256,146.888671875,30.47861671447754,train
archive/data/Healthy/Corn_Health (468).jpg,Healthy,3,256,256,173.991455078125,27.14228820800781,train
archive/data/Healthy/Corn_Health (469).jpg,Healthy,3,256,256,141.953857421875,21.33756256103516,train
archive/data/Healthy/Corn_Health (47).jpg,Healthy,3,256,256,121.694580078125,29.925048828125,train
archive/data/Healthy/Corn_Health (470).jpg,Healthy,3,256,256,177.44921875,19.674707412719727,train
archive/data/Healthy/Corn_Health (471).jpg,Healthy,3,256,256,134.23291015625,38.40315246582031,train
archive/data/Healthy/Corn_Health (472).jpg,Healthy,3,256,256,174.538818359375,31.725414276123047,train
archive/data/Healthy/Corn_Health (473).jpg,Healthy,3,256,256,115.495849609375,32.86200714111328,validation
archive/data/Healthy/Corn_Health (474).jpg,Healthy,3,256,256,51.4345703125,39.11544036865234,train
archive/data/Healthy/Corn_Health (475).jpg,Healthy,3,256,256,169.4111328125,42.08092498779297,validation
archive/data/Healthy/Corn_Health (476).jpg,Healthy,3,256,256,105.4091796875,25.911962509155277,validation
archive/data/Healthy/Corn_Health (477).jpg,Healthy,3,256,256,188.60693359375,27.33840560913086,test
archive/data/Healthy/Corn_Health (478).jpg,Healthy,3,256,256,117.338134765625,19.18838119506836,validation
archive/data/Healthy/Corn_Health (479).JPG,Healthy,3,256,256,131.708251953125,29.01471328735352,test
archive/data/Healthy/Corn_Health (48).jpg,Healthy,3,256,256,168.6787109375,30.579835891723636,train
archive/data/Healthy/Corn_Health (480).jpg,Healthy,3,256,256,132.75048828125,46.65241622924805,train
archive/data/Healthy/Corn_Health (481).JPG,Healthy,3,256,256,128.728759765625,34.5411262512207,test
archive/data/Healthy/Corn_Health (482).jpg,Healthy,3,256,256,179.654052734375,24.63740348815918,validation
archive/data/Healthy/Corn_Health (483).jpg,Healthy,3,256,256,92.518310546875,19.281747817993164,validation
archive/data/Healthy/Corn_Health (484).jpg,Healthy,3,256,256,156.1748046875,34.703006744384766,train
archive/data/Healthy/Corn_Health (485).jpg,Healthy,3,256,256,145.352294921875,36.2468376159668,train
archive/data/Healthy/Corn_Health (486).jpg,Healthy,3,256,256,106.171142578125,22.83833694458008,test
archive/data/Healthy/Corn_Health (487).jpg,Healthy,3,256,256,139.815673828125,25.94249725341797,train
archive/data/Healthy/Corn_Health (488).jpg,Healthy,3,256,256,129.0654296875,35.59988021850586,train
archive/data/Healthy/Corn_Health (489).jpg,Healthy,3,256,256,171.31298828125,34.32121658325195,train
archive/data/Healthy/Corn_Health (49).jpg,Healthy,3,256,256,178.603759765625,19.9102840423584,train
archive/data/Healthy/Corn_Health (490).jpg,Healthy,3,256,256,120.7265625,20.359764099121094,validation
archive/data/Healthy/Corn_Health (491).jpg,Healthy,3,256,256,154.081787109375,22.860050201416016,test
archive/data/Healthy/Corn_Health (492).jpg,Healthy,3,256,256,125.9794921875,39.407997131347656,train
archive/data/Healthy/Corn_Health (493).jpg,Healthy,3,256,256,189.515380859375,21.285419464111328,train
archive/data/Healthy/Corn_Health (494).jpg,Healthy,3,256,256,104.240234375,47.973514556884766,test
archive/data/Healthy/Corn_Health (495).jpg,Healthy,3,256,256,120.43994140625,21.37302017211914,test
archive/data/Healthy/Corn_Health (496).jpg,Healthy,3,256,256,177.39599609375,13.60480499267578,validation
archive/data/Healthy/Corn_Health (497).jpg,Healthy,3,256,256,53.735595703125,19.59432601928711,validation
archive/data/Healthy/Corn_Health (498).jpg,Healthy,3,256,256,176.258056640625,22.93797874450684,train
archive/data/Healthy/Corn_Health (499).jpg,Healthy,3,256,256,154.128662109375,43.76873016357422,train
archive/data/Healthy/Corn_Health (5).jpg,Healthy,3,256,256,175.464111328125,21.66681480407715,train
archive/data/Healthy/Corn_Health (50).jpg,Healthy,3,256,256,144.47021484375,31.202293395996094,train
archive/data/Healthy/Corn_Health (500).jpg,Healthy,3,256,256,158.1181640625,33.29981994628906,train
archive/data/Healthy/Corn_Health (501).jpg,Healthy,3,256,256,129.871337890625,14.02362060546875,train
archive/data/Healthy/Corn_Health (502).jpg,Healthy,3,256,256,124.285888671875,37.930850982666016,train
archive/data/Healthy/Corn_Health (503).jpg,Healthy,3,256,256,83.7373046875,35.231571197509766,train
archive/data/Healthy/Corn_Health (504).jpg,Healthy,3,256,256,158.467529296875,19.69865608215332,test
archive/data/Healthy/Corn_Health (505).jpg,Healthy,3,256,256,188.453369140625,25.922128677368164,train
archive/data/Healthy/Corn_Health (506).jpg,Healthy,3,256,256,176.3544921875,21.66109275817871,validation
archive/data/Healthy/Corn_Health (507).jpg,Healthy,3,256,256,136.1259765625,32.43437957763672,validation
archive/data/Healthy/Corn_Health (508).jpg,Healthy,3,256,256,172.059814453125,15.345821380615234,train
archive/data/Healthy/Corn_Health (509).jpg,Healthy,3,256,256,146.875,42.10675048828125,validation
archive/data/Healthy/Corn_Health (51).jpg,Healthy,3,256,256,134.9501953125,35.874629974365234,train
archive/data/Healthy/Corn_Health (510).jpg,Healthy,3,256,256,151.87451171875,25.91133689880371,train
archive/data/Healthy/Corn_Health (511).jpg,Healthy,3,256,256,161.247802734375,23.64410781860352,test
archive/data/Healthy/Corn_Health (512).jpg,Healthy,3,256,256,142.603271484375,27.9206657409668,train
archive/data/Healthy/Corn_Health (513).jpg,Healthy,3,256,256,163.970703125,44.44278335571289,train
archive/data/Healthy/Corn_Health (514).jpg,Healthy,3,256,256,114.64892578125,24.147289276123047,validation
archive/data/Healthy/Corn_Health (515).jpg,Healthy,3,256,256,150.148193359375,25.172563552856445,train
archive/data/Healthy/Corn_Health (516).jpg,Healthy,3,256,256,179.20947265625,42.709266662597656,train
archive/data/Healthy/Corn_Health (517).jpg,Healthy,3,256,256,114.978759765625,22.102108001708984,test
archive/data/Healthy/Corn_Health (518).jpg,Healthy,3,256,256,148.243408203125,29.203840255737305,train
archive/data/Healthy/Corn_Health (519).jpg,Healthy,3,256,256,140.22900390625,56.48647689819336,validation
archive/data/Healthy/Corn_Health (52).jpg,Healthy,3,256,256,131.33544921875,21.20417213439941,train
archive/data/Healthy/Corn_Health (520).jpg,Healthy,3,256,256,159.453125,18.06108665466309,test
archive/data/Healthy/Corn_Health (521).jpg,Healthy,3,256,256,190.4326171875,43.59600067138672,train
archive/data/Healthy/Corn_Health (522).jpg,Healthy,3,256,256,173.6982421875,30.532045364379883,validation
archive/data/Healthy/Corn_Health (523).jpg,Healthy,3,256,256,114.503662109375,30.725950241088867,validation
archive/data/Healthy/Corn_Health (524).jpg,Healthy,3,256,256,191.5400390625,30.361772537231445,train
archive/data/Healthy/Corn_Health (525).jpg,Healthy,3,256,256,137.27978515625,47.72872161865234,train
archive/data/Healthy/Corn_Health (526).jpg,Healthy,3,256,256,135.093505859375,30.44745635986328,validation
archive/data/Healthy/Corn_Health (527).jpg,Healthy,3,256,256,181.722412109375,29.133922576904297,validation
archive/data/Healthy/Corn_Health (528).jpg,Healthy,3,256,256,142.09033203125,48.80112075805664,train
archive/data/Healthy/Corn_Health (529).jpg,Healthy,3,256,256,149.701416015625,36.05060958862305,train
archive/data/Healthy/Corn_Health (53).jpg,Healthy,3,256,256,92.4501953125,54.076904296875,train
archive/data/Healthy/Corn_Health (530).jpg,Healthy,3,256,256,146.89990234375,28.47768783569336,train
archive/data/Healthy/Corn_Health (531).jpg,Healthy,3,256,256,156.658203125,29.510168075561523,test
archive/data/Healthy/Corn_Health (532).jpg,Healthy,3,256,256,128.044189453125,31.45165061950684,train
archive/data/Healthy/Corn_Health (533).jpg,Healthy,3,256,256,163.1474609375,49.483184814453125,train
archive/data/Healthy/Corn_Health (534).jpg,Healthy,3,256,256,188.683349609375,22.186071395874023,train
archive/data/Healthy/Corn_Health (535).jpg,Healthy,3,256,256,152.97705078125,21.47578811645508,train
archive/data/Healthy/Corn_Health (536).jpg,Healthy,3,256,256,149.4208984375,22.001710891723636,train
archive/data/Healthy/Corn_Health (537).jpg,Healthy,3,256,256,137.762451171875,42.96256637573242,train
archive/data/Healthy/Corn_Health (538).jpg,Healthy,3,256,256,182.068603515625,20.628986358642575,train
archive/data/Healthy/Corn_Health (539).jpg,Healthy,3,256,256,192.04296875,26.65190315246582,train
archive/data/Healthy/Corn_Health (54).jpg,Healthy,3,256,256,176.703125,30.48558235168457,train
archive/data/Healthy/Corn_Health (540).jpg,Healthy,3,256,256,166.413818359375,18.826662063598636,test
archive/data/Healthy/Corn_Health (541).jpg,Healthy,3,256,256,85.682373046875,40.94684600830078,train
archive/data/Healthy/Corn_Health (542).jpg,Healthy,3,256,256,173.13525390625,25.076704025268555,train
archive/data/Healthy/Corn_Health (543).jpg,Healthy,3,256,256,171.1455078125,41.53161239624024,validation
archive/data/Healthy/Corn_Health (544).jpg,Healthy,3,256,256,151.316650390625,21.11789321899414,validation
archive/data/Healthy/Corn_Health (545).jpg,Healthy,3,256,256,142.638427734375,13.169618606567385,test
archive/data/Healthy/Corn_Health (546).jpg,Healthy,3,256,256,184.446533203125,13.946748733520508,train
archive/data/Healthy/Corn_Health (547).jpg,Healthy,3,256,256,155.033935546875,51.3422737121582,test
archive/data/Healthy/Corn_Health (548).jpg,Healthy,3,256,256,119.549560546875,24.98255157470703,validation
archive/data/Healthy/Corn_Health (549).jpg,Healthy,3,256,256,129.405517578125,37.95855331420898,train
archive/data/Healthy/Corn_Health (55).jpg,Healthy,3,256,256,131.330322265625,37.82954788208008,test
archive/data/Healthy/Corn_Health (550).jpg,Healthy,3,256,256,138.3876953125,32.12388610839844,validation
archive/data/Healthy/Corn_Health (551).jpg,Healthy,3,256,256,175.32421875,26.56548500061035,validation
archive/data/Healthy/Corn_Health (552).jpg,Healthy,3,256,256,131.912841796875,32.888893127441406,validation
archive/data/Healthy/Corn_Health (553).jpg,Healthy,3,256,256,113.349853515625,36.28184127807617,validation
archive/data/Healthy/Corn_Health (554).jpg,Healthy,3,256,256,167.333251953125,34.608367919921875,train
archive/data/Healthy/Corn_Health (555).jpg,Healthy,3,256,256,197.662841796875,24.98350715637207,train
archive/data/Healthy/Corn_Health (556).jpg,Healthy,3,256,256,144.715087890625,22.986804962158203,validation
archive/data/Healthy/Corn_Health (557).jpg,Healthy,3,256,256,140.966552734375,43.1788215637207,train
archive/data/Healthy/Corn_Health (558).jpg,Healthy,3,256,256,148.713623046875,28.588998794555664,train
archive/data/Healthy/Corn_Health (559).jpg,Healthy,3,256,256,159.010986328125,26.411577224731445,test
archive/data/Healthy/Corn_Health (56).jpg,Healthy,3,256,256,148.2451171875,42.766822814941406,validation
archive/data/Healthy/Corn_Health (560).jpg,Healthy,3,256,256,141.269775390625,36.7359504699707,train
archive/data/Healthy/Corn_Health (561).jpg,Healthy,3,256,256,133.204833984375,42.93726348876953,train
archive/data/Healthy/Corn_Health (562).jpg,Healthy,3,256,256,133.6162109375,23.36305427551269,train
archive/data/Healthy/Corn_Health (563).jpg,Healthy,3,256,256,166.3330078125,35.547950744628906,train
archive/data/Healthy/Corn_Health (564).jpg,Healthy,3,256,256,67.91943359375,27.958332061767575,train
archive/data/Healthy/Corn_Health (565).jpg,Healthy,3,256,256,187.323974609375,23.261606216430664,train
archive/data/Healthy/Corn_Health (566).jpg,Healthy,3,256,256,170.985595703125,28.796913146972656,train
archive/data/Healthy/Corn_Health (567).jpg,Healthy,3,256,256,131.55712890625,25.418569564819336,train
archive/data/Healthy/Corn_Health (568).jpg,Healthy,3,256,256,162.134033203125,33.512794494628906,validation
archive/data/Healthy/Corn_Health (569).jpg,Healthy,3,256,256,121.3095703125,33.72319030761719,test
archive/data/Healthy/Corn_Health (57).jpg,Healthy,3,256,256,143.91650390625,33.020267486572266,train
archive/data/Healthy/Corn_Health (570).jpg,Healthy,3,256,256,174.252197265625,44.81919479370117,train
archive/data/Healthy/Corn_Health (571).jpg,Healthy,3,256,256,87.97705078125,32.87779998779297,train
archive/data/Healthy/Corn_Health (572).jpg,Healthy,3,256,256,141.532958984375,55.84392547607422,validation
archive/data/Healthy/Corn_Health (573).jpg,Healthy,3,256,256,134.179931640625,49.81632232666016,validation
archive/data/Healthy/Corn_Health (574).jpg,Healthy,3,256,256,138.323974609375,19.718917846679688,train
archive/data/Healthy/Corn_Health (575).jpg,Healthy,3,256,256,164.837646484375,22.89693832397461,train
archive/data/Healthy/Corn_Health (576).jpg,Healthy,3,256,256,151.837890625,22.735971450805664,train
archive/data/Healthy/Corn_Health (577).jpg,Healthy,3,256,256,155.433837890625,43.13595199584961,train
archive/data/Healthy/Corn_Health (578).jpg,Healthy,3,256,256,144.15771484375,21.234346389770508,train
archive/data/Healthy/Corn_Health (579).jpg,Healthy,3,256,256,125.474853515625,49.5512580871582,train
archive/data/Healthy/Corn_Health (58).jpg,Healthy,3,256,256,111.4267578125,40.34428405761719,train
archive/data/Healthy/Corn_Health (580).jpg,Healthy,3,256,256,139.351318359375,14.276236534118652,train
archive/data/Healthy/Corn_Health (581).jpg,Healthy,3,256,256,146.177734375,16.698575973510742,train
archive/data/Healthy/Corn_Health (582).jpg,Healthy,3,256,256,137.755615234375,41.09333038330078,test
archive/data/Healthy/Corn_Health (583).jpg,Healthy,3,256,256,126.80615234375,13.564732551574709,test
archive/data/Healthy/Corn_Health (584).jpg,Healthy,3,256,256,169.019775390625,18.726726531982425,validation
archive/data/Healthy/Corn_Health (585).jpg,Healthy,3,256,256,158.1162109375,40.80815505981445,validation
archive/data/Healthy/Corn_Health (586).jpg,Healthy,3,256,256,185.488037109375,30.322290420532227,test
archive/data/Healthy/Corn_Health (587).jpg,Healthy,3,256,256,151.42333984375,31.270626068115234,train
archive/data/Healthy/Corn_Health (588).jpg,Healthy,3,256,256,153.126708984375,20.90009117126465,train
archive/data/Healthy/Corn_Health (589).jpg,Healthy,3,256,256,185.095703125,19.435230255126957,test
archive/data/Healthy/Corn_Health (59).jpg,Healthy,3,256,256,186.039306640625,31.193084716796875,validation
archive/data/Healthy/Corn_Health (590).jpg,Healthy,3,256,256,111.175537109375,11.70387363433838,train
archive/data/Healthy/Corn_Health (591).jpg,Healthy,3,256,256,99.190185546875,32.22027587890625,validation
archive/data/Healthy/Corn_Health (592).jpg,Healthy,3,256,256,137.103515625,36.36751556396485,validation
archive/data/Healthy/Corn_Health (593).jpg,Healthy,3,256,256,169.570556640625,39.27816009521485,test
archive/data/Healthy/Corn_Health (594).jpg,Healthy,3,256,256,133.9423828125,29.80931663513184,train
archive/data/Healthy/Corn_Health (595).jpg,Healthy,3,256,256,122.280029296875,37.63845443725586,test
archive/data/Healthy/Corn_Health (596).jpg,Healthy,3,256,256,158.153564453125,38.674896240234375,test
archive/data/Healthy/Corn_Health (597).jpg,Healthy,3,256,256,153.098388671875,39.31233596801758,train
archive/data/Healthy/Corn_Health (598).jpg,Healthy,3,256,256,187.00390625,26.06144142150879,train
archive/data/Healthy/Corn_Health (599).jpg,Healthy,3,256,256,119.760009765625,53.22005844116211,train
archive/data/Healthy/Corn_Health (6).jpg,Healthy,3,256,256,163.745361328125,28.412443161010746,train
archive/data/Healthy/Corn_Health (60).jpg,Healthy,3,256,256,208.57275390625,23.53308868408203,train
archive/data/Healthy/Corn_Health (600).jpg,Healthy,3,256,256,155.775634765625,30.817874908447266,train
archive/data/Healthy/Corn_Health (601).jpg,Healthy,3,256,256,137.666748046875,17.89643096923828,test
archive/data/Healthy/Corn_Health (602).jpg,Healthy,3,256,256,172.560302734375,24.000646591186523,test
archive/data/Healthy/Corn_Health (603).jpg,Healthy,3,256,256,166.71533203125,16.488603591918945,train
archive/data/Healthy/Corn_Health (604).jpg,Healthy,3,256,256,146.671630859375,35.04869842529297,train
archive/data/Healthy/Corn_Health (605).jpg,Healthy,3,256,256,158.35791015625,27.10881805419922,train
archive/data/Healthy/Corn_Health (606).jpg,Healthy,3,256,256,163.671875,40.08797836303711,validation
archive/data/Healthy/Corn_Health (607).jpg,Healthy,3,256,256,141.906982421875,46.43560791015625,train
archive/data/Healthy/Corn_Health (608).jpg,Healthy,3,256,256,133.568603515625,26.448638916015625,test
archive/data/Healthy/Corn_Health (609).jpg,Healthy,3,256,256,170.309326171875,39.86421203613281,test
archive/data/Healthy/Corn_Health (61).jpg,Healthy,3,256,256,113.852783203125,30.69658470153809,train
archive/data/Healthy/Corn_Health (610).jpg,Healthy,3,256,256,54.3828125,39.324981689453125,validation
archive/data/Healthy/Corn_Health (611).jpg,Healthy,3,256,256,178.9873046875,30.91452407836914,train
archive/data/Healthy/Corn_Health (612).jpg,Healthy,3,256,256,162.703125,23.920392990112305,test
archive/data/Healthy/Corn_Health (613).jpg,Healthy,3,256,256,118.965576171875,32.1630973815918,train
archive/data/Healthy/Corn_Health (614).jpg,Healthy,3,256,256,129.503662109375,43.33969879150391,train
archive/data/Healthy/Corn_Health (615).jpg,Healthy,3,256,256,131.47265625,28.15386962890625,test
archive/data/Healthy/Corn_Health (616).jpg,Healthy,3,256,256,155.857666015625,22.981830596923828,train
archive/data/Healthy/Corn_Health (617).JPG,Healthy,3,256,256,83.531494140625,27.16353988647461,train
archive/data/Healthy/Corn_Health (618).jpg,Healthy,3,256,256,165.3642578125,49.43212127685547,train
archive/data/Healthy/Corn_Health (619).jpg,Healthy,3,256,256,120.58642578125,35.4349479675293,validation
archive/data/Healthy/Corn_Health (62).jpg,Healthy,3,256,256,150.167724609375,27.940689086914062,test
archive/data/Healthy/Corn_Health (620).jpg,Healthy,3,256,256,175.07177734375,29.38410186767578,train
archive/data/Healthy/Corn_Health (621).jpg,Healthy,3,256,256,175.85498046875,46.71610641479492,train
archive/data/Healthy/Corn_Health (622).jpg,Healthy,3,256,256,162.919677734375,29.235441207885746,train
archive/data/Healthy/Corn_Health (623).jpg,Healthy,3,256,256,185.70947265625,22.12048721313477,train
archive/data/Healthy/Corn_Health (624).jpg,Healthy,3,256,256,159.799072265625,31.43317222595215,train
archive/data/Healthy/Corn_Health (625).jpg,Healthy,3,256,256,163.76416015625,24.056049346923828,test
archive/data/Healthy/Corn_Health (626).jpg,Healthy,3,256,256,129.369384765625,54.99390411376953,test
archive/data/Healthy/Corn_Health (627).jpg,Healthy,3,256,256,150.817626953125,33.840118408203125,validation
archive/data/Healthy/Corn_Health (628).jpg,Healthy,3,256,256,158.52783203125,29.448814392089844,validation
archive/data/Healthy/Corn_Health (629).jpg,Healthy,3,256,256,152.48681640625,30.931127548217773,test
archive/data/Healthy/Corn_Health (63).jpg,Healthy,3,256,256,156.1875,45.17075729370117,validation
archive/data/Healthy/Corn_Health (630).jpg,Healthy,3,256,256,150.666259765625,31.460941314697266,test
archive/data/Healthy/Corn_Health (631).jpg,Healthy,3,256,256,175.515869140625,15.767095565795898,train
archive/data/Healthy/Corn_Health (632).jpg,Healthy,3,256,256,137.2529296875,34.66892623901367,train
archive/data/Healthy/Corn_Health (633).jpg,Healthy,3,256,256,89.56201171875,35.61663818359375,test
archive/data/Healthy/Corn_Health (634).jpg,Healthy,3,256,256,162.406005859375,30.944236755371094,train
archive/data/Healthy/Corn_Health (635).jpg,Healthy,3,256,256,106.945556640625,33.928062438964844,train
archive/data/Healthy/Corn_Health (636).jpg,Healthy,3,256,256,143.3203125,30.284900665283203,validation
archive/data/Healthy/Corn_Health (637).jpg,Healthy,3,256,256,178.156982421875,39.4155158996582,test
archive/data/Healthy/Corn_Health (638).jpg,Healthy,3,256,256,155.73486328125,17.846267700195312,test
archive/data/Healthy/Corn_Health (639).jpg,Healthy,3,256,256,110.307373046875,43.003604888916016,test
archive/data/Healthy/Corn_Health (64).jpg,Healthy,3,256,256,149.394287109375,24.504194259643555,train
archive/data/Healthy/Corn_Health (640).jpg,Healthy,3,256,256,114.159423828125,24.82369041442871,validation
archive/data/Healthy/Corn_Health (641).jpg,Healthy,3,256,256,186.57470703125,48.62081527709961,validation
archive/data/Healthy/Corn_Health (642).jpg,Healthy,3,256,256,153.45556640625,17.929073333740234,train
archive/data/Healthy/Corn_Health (643).jpg,Healthy,3,256,256,161.093994140625,24.63604736328125,test
archive/data/Healthy/Corn_Health (644).jpg,Healthy,3,256,256,152.8603515625,46.48196792602539,train
archive/data/Healthy/Corn_Health (645).jpg,Healthy,3,256,256,160.607666015625,34.44816970825195,train
archive/data/Healthy/Corn_Health (646).jpg,Healthy,3,256,256,140.871337890625,18.22758674621582,test
archive/data/Healthy/Corn_Health (647).jpg,Healthy,3,256,256,155.88525390625,34.75032424926758,train
archive/data/Healthy/Corn_Health (648).jpg,Healthy,3,256,256,103.972900390625,31.120716094970703,train
archive/data/Healthy/Corn_Health (649).jpg,Healthy,3,256,256,135.77099609375,18.087387084960938,train
archive/data/Healthy/Corn_Health (65).jpg,Healthy,3,256,256,121.194580078125,20.086944580078125,train
archive/data/Healthy/Corn_Health (650).jpg,Healthy,3,256,256,182.617919921875,16.890438079833984,train
archive/data/Healthy/Corn_Health (651).jpg,Healthy,3,256,256,159.0869140625,20.321962356567383,validation
archive/data/Healthy/Corn_Health (652).jpg,Healthy,3,256,256,148.3583984375,19.90188407897949,train
archive/data/Healthy/Corn_Health (653).jpg,Healthy,3,256,256,158.234130859375,33.564640045166016,train
archive/data/Healthy/Corn_Health (654).jpg,Healthy,3,256,256,167.84521484375,33.762794494628906,train
archive/data/Healthy/Corn_Health (655).jpg,Healthy,3,256,256,142.7060546875,21.117162704467773,train
archive/data/Healthy/Corn_Health (656).jpg,Healthy,3,256,256,87.398681640625,30.18645668029785,train
archive/data/Healthy/Corn_Health (657).jpg,Healthy,3,256,256,161.889404296875,33.747947692871094,train
archive/data/Healthy/Corn_Health (658).jpg,Healthy,3,256,256,171.630615234375,24.165203094482425,train
archive/data/Healthy/Corn_Health (659).jpg,Healthy,3,256,256,185.929931640625,30.81963348388672,validation
archive/data/Healthy/Corn_Health (66).jpg,Healthy,3,256,256,165.159912109375,29.85323143005371,validation
archive/data/Healthy/Corn_Health (660).jpg,Healthy,3,256,256,138.162841796875,36.63824844360352,train
archive/data/Healthy/Corn_Health (661).jpg,Healthy,3,256,256,159.4638671875,32.14170837402344,train
archive/data/Healthy/Corn_Health (662).jpg,Healthy,3,256,256,147.56298828125,24.68334579467773,train
archive/data/Healthy/Corn_Health (663).jpg,Healthy,3,256,256,167.1796875,27.45431900024414,train
archive/data/Healthy/Corn_Health (664).jpg,Healthy,3,256,256,98.46484375,47.05747222900391,validation
archive/data/Healthy/Corn_Health (665).jpg,Healthy,3,256,256,134.384033203125,38.48430633544922,test
archive/data/Healthy/Corn_Health (666).jpg,Healthy,3,256,256,185.76171875,27.5842342376709,test
archive/data/Healthy/Corn_Health (667).jpg,Healthy,3,256,256,151.42431640625,27.968158721923828,train
archive/data/Healthy/Corn_Health (668).jpg,Healthy,3,256,256,158.188720703125,36.58232879638672,test
archive/data/Healthy/Corn_Health (669).jpg,Healthy,3,256,256,172.965576171875,42.386497497558594,test
archive/data/Healthy/Corn_Health (67).jpg,Healthy,3,256,256,171.184814453125,41.73472595214844,validation
archive/data/Healthy/Corn_Health (670).jpg,Healthy,3,256,256,180.320556640625,23.41522979736328,train
archive/data/Healthy/Corn_Health (671).jpg,Healthy,3,256,256,149.619873046875,33.313968658447266,validation
archive/data/Healthy/Corn_Health (672).jpg,Healthy,3,256,256,166.263671875,25.5555419921875,validation
archive/data/Healthy/Corn_Health (673).jpg,Healthy,3,256,256,130.437744140625,26.57857131958008,train
archive/data/Healthy/Corn_Health (674).jpg,Healthy,3,256,256,182.60595703125,34.011165618896484,test
archive/data/Healthy/Corn_Health (675).jpg,Healthy,3,256,256,176.632080078125,33.59532928466797,train
archive/data/Healthy/Corn_Health (676).jpg,Healthy,3,256,256,173.326904296875,23.83344268798828,train
archive/data/Healthy/Corn_Health (677).jpg,Healthy,3,256,256,159.824462890625,60.89424896240234,train
archive/data/Healthy/Corn_Health (678).jpg,Healthy,3,256,256,149.754150390625,32.228763580322266,train
archive/data/Healthy/Corn_Health (679).jpg,Healthy,3,256,256,172.24072265625,19.785165786743164,train
archive/data/Healthy/Corn_Health (68).jpg,Healthy,3,256,256,139.60009765625,37.5962028503418,train
archive/data/Healthy/Corn_Health (680).jpg,Healthy,3,256,256,153.33154296875,26.222585678100582,train
archive/data/Healthy/Corn_Health (681).jpg,Healthy,3,256,256,115.677734375,29.158178329467773,train
archive/data/Healthy/Corn_Health (682).jpg,Healthy,3,256,256,145.41748046875,23.65848922729492,train
archive/data/Healthy/Corn_Health (683).jpg,Healthy,3,256,256,180.4326171875,45.64656066894531,validation
archive/data/Healthy/Corn_Health (684).jpg,Healthy,3,256,256,130.375,30.63066673278809,train
archive/data/Healthy/Corn_Health (685).jpg,Healthy,3,256,256,166.192626953125,30.629030227661133,train
archive/data/Healthy/Corn_Health (686).jpg,Healthy,3,256,256,162.74072265625,44.3444709777832,train
archive/data/Healthy/Corn_Health (687).jpg,Healthy,3,256,256,148.55908203125,47.85244369506836,train
archive/data/Healthy/Corn_Health (688).jpg,Healthy,3,256,256,174.087158203125,21.304994583129883,train
archive/data/Healthy/Corn_Health (689).jpg,Healthy,3,256,256,192.880615234375,28.226770401000977,train
archive/data/Healthy/Corn_Health (69).jpg,Healthy,3,256,256,147.494873046875,33.045074462890625,train
archive/data/Healthy/Corn_Health (690).jpg,Healthy,3,256,256,184.748291015625,19.886859893798828,train
archive/data/Healthy/Corn_Health (691).jpg,Healthy,3,256,256,156.48779296875,49.75364685058594,test
archive/data/Healthy/Corn_Health (692).jpg,Healthy,3,256,256,160.7802734375,14.794443130493164,validation
archive/data/Healthy/Corn_Health (693).jpg,Healthy,3,256,256,143.51904296875,37.75309753417969,validation
archive/data/Healthy/Corn_Health (694).jpg,Healthy,3,256,256,128.270751953125,61.11362457275391,validation
archive/data/Healthy/Corn_Health (695).jpg,Healthy,3,256,256,169.1044921875,30.238826751708984,test
archive/data/Healthy/Corn_Health (696).jpg,Healthy,3,256,256,179.209228515625,37.4117431640625,validation
archive/data/Healthy/Corn_Health (697).jpg,Healthy,3,256,256,109.328857421875,27.0903263092041,validation
archive/data/Healthy/Corn_Health (698).jpg,Healthy,3,256,256,158.94775390625,26.09762954711914,test
archive/data/Healthy/Corn_Health (699).jpg,Healthy,3,256,256,117.870361328125,36.42223358154297,train
archive/data/Healthy/Corn_Health (7).jpg,Healthy,3,256,256,106.205322265625,41.68037796020508,train
archive/data/Healthy/Corn_Health (70).jpg,Healthy,3,256,256,84.46484375,38.14517593383789,test
archive/data/Healthy/Corn_Health (700).jpg,Healthy,3,256,256,176.349365234375,24.44031143188477,train
archive/data/Healthy/Corn_Health (701).jpg,Healthy,3,256,256,165.7734375,23.984498977661133,train
archive/data/Healthy/Corn_Health (702).jpg,Healthy,3,256,256,156.27587890625,19.99433708190918,train
archive/data/Healthy/Corn_Health (703).jpg,Healthy,3,256,256,128.15185546875,34.37407684326172,train
archive/data/Healthy/Corn_Health (704).jpg,Healthy,3,256,256,160.071533203125,36.36994552612305,train
archive/data/Healthy/Corn_Health (705).JPG,Healthy,3,256,256,128.13623046875,25.29659080505371,test
archive/data/Healthy/Corn_Health (706).jpg,Healthy,3,256,256,154.1904296875,46.42979049682617,train
archive/data/Healthy/Corn_Health (707).jpg,Healthy,3,256,256,172.00341796875,27.162065505981445,validation
archive/data/Healthy/Corn_Health (708).jpg,Healthy,3,256,256,156.97607421875,24.29181480407715,train
archive/data/Healthy/Corn_Health (709).jpg,Healthy,3,256,256,146.776611328125,28.264915466308597,train
archive/data/Healthy/Corn_Health (71).jpg,Healthy,3,256,256,172.509765625,33.722904205322266,train
archive/data/Healthy/Corn_Health (710).jpg,Healthy,3,256,256,155.359375,21.49961853027344,train
archive/data/Healthy/Corn_Health (711).jpg,Healthy,3,256,256,137.986083984375,28.94532966613769,train
archive/data/Healthy/Corn_Health (712).jpg,Healthy,3,256,256,151.106201171875,24.18965530395508,train
archive/data/Healthy/Corn_Health (713).jpg,Healthy,3,256,256,130.138427734375,40.658599853515625,train
archive/data/Healthy/Corn_Health (714).jpg,Healthy,3,256,256,204.261474609375,38.153411865234375,test
archive/data/Healthy/Corn_Health (715).jpg,Healthy,3,256,256,154.52001953125,52.96372985839844,test
archive/data/Healthy/Corn_Health (716).jpg,Healthy,3,256,256,117.33154296875,53.24216079711914,validation
archive/data/Healthy/Corn_Health (717).jpg,Healthy,3,256,256,95.4365234375,36.098236083984375,train
archive/data/Healthy/Corn_Health (718).jpg,Healthy,3,256,256,151.149169921875,28.094661712646484,test
archive/data/Healthy/Corn_Health (719).jpg,Healthy,3,256,256,171.0234375,27.223745346069336,train
archive/data/Healthy/Corn_Health (72).jpg,Healthy,3,256,256,156.383544921875,46.97185897827149,train
archive/data/Healthy/Corn_Health (720).jpg,Healthy,3,256,256,136.796142578125,69.34483337402344,train
archive/data/Healthy/Corn_Health (721).jpg,Healthy,3,256,256,165.244384765625,29.66209602355957,train
archive/data/Healthy/Corn_Health (722).jpg,Healthy,3,256,256,115.970703125,27.04014587402344,train
archive/data/Healthy/Corn_Health (723).jpg,Healthy,3,256,256,141.7861328125,29.63217163085937,train
archive/data/Healthy/Corn_Health (724).jpg,Healthy,3,256,256,169.176513671875,33.43828582763672,train
archive/data/Healthy/Corn_Health (725).jpg,Healthy,3,256,256,139.990234375,18.6881103515625,train
archive/data/Healthy/Corn_Health (726).jpg,Healthy,3,256,256,84.138427734375,32.653038024902344,validation
archive/data/Healthy/Corn_Health (727).jpg,Healthy,3,256,256,145.61962890625,25.7508487701416,train
archive/data/Healthy/Corn_Health (728).jpg,Healthy,3,256,256,145.478271484375,26.463546752929688,test
archive/data/Healthy/Corn_Health (729).jpg,Healthy,3,256,256,122.26025390625,31.704086303710938,train
archive/data/Healthy/Corn_Health (73).jpg,Healthy,3,256,256,135.488037109375,51.44813537597656,train
archive/data/Healthy/Corn_Health (730).jpg,Healthy,3,256,256,153.638427734375,28.646381378173828,validation
archive/data/Healthy/Corn_Health (731).jpg,Healthy,3,256,256,122.372314453125,19.78766250610352,train
archive/data/Healthy/Corn_Health (732).jpg,Healthy,3,256,256,98.65869140625,31.365982055664062,test
archive/data/Healthy/Corn_Health (733).jpg,Healthy,3,256,256,164.833740234375,41.392459869384766,train
archive/data/Healthy/Corn_Health (734).jpg,Healthy,3,256,256,152.328857421875,33.903499603271484,train
archive/data/Healthy/Corn_Health (735).jpg,Healthy,3,256,256,167.3466796875,54.18980407714844,test
archive/data/Healthy/Corn_Health (736).jpg,Healthy,3,256,256,189.59521484375,19.38122940063477,train
archive/data/Healthy/Corn_Health (737).jpg,Healthy,3,256,256,174.557373046875,38.5245475769043,test
archive/data/Healthy/Corn_Health (738).jpg,Healthy,3,256,256,179.446044921875,28.442615509033203,validation
archive/data/Healthy/Corn_Health (739).jpg,Healthy,3,256,256,87.925048828125,28.586057662963867,test
archive/data/Healthy/Corn_Health (74).jpg,Healthy,3,256,256,150.07275390625,23.259429931640625,train
archive/data/Healthy/Corn_Health (740).jpg,Healthy,3,256,256,187.175537109375,40.29167175292969,train
archive/data/Healthy/Corn_Health (741).jpg,Healthy,3,256,256,166.155517578125,37.57879257202149,train
archive/data/Healthy/Corn_Health (742).jpg,Healthy,3,256,256,144.63330078125,30.95315933227539,validation
archive/data/Healthy/Corn_Health (743).jpg,Healthy,3,256,256,85.241943359375,32.88859939575195,test
archive/data/Healthy/Corn_Health (744).jpg,Healthy,3,256,256,133.78857421875,16.42978286743164,train
archive/data/Healthy/Corn_Health (745).jpg,Healthy,3,256,256,187.555908203125,29.03386116027832,train
archive/data/Healthy/Corn_Health (746).jpg,Healthy,3,256,256,139.664306640625,47.28792190551758,train
archive/data/Healthy/Corn_Health (747).jpg,Healthy,3,256,256,120.65087890625,50.97581481933594,test
archive/data/Healthy/Corn_Health (748).jpg,Healthy,3,256,256,156.63720703125,15.617223739624023,train
archive/data/Healthy/Corn_Health (749).jpg,Healthy,3,256,256,163.6650390625,31.114402770996094,train
archive/data/Healthy/Corn_Health (75).jpg,Healthy,3,256,256,166.307861328125,34.58797836303711,test
archive/data/Healthy/Corn_Health (750).jpg,Healthy,3,256,256,146.349365234375,46.785343170166016,train
archive/data/Healthy/Corn_Health (751).jpg,Healthy,3,256,256,166.437255859375,35.2808837890625,train
archive/data/Healthy/Corn_Health (752).jpg,Healthy,3,256,256,161.93798828125,20.249073028564453,validation
archive/data/Healthy/Corn_Health (753).jpg,Healthy,3,256,256,87.11376953125,30.422178268432617,train
archive/data/Healthy/Corn_Health (754).jpg,Healthy,3,256,256,166.609130859375,26.879619598388672,train
archive/data/Healthy/Corn_Health (755).jpg,Healthy,3,256,256,165.324951171875,43.88650894165039,validation
archive/data/Healthy/Corn_Health (756).jpg,Healthy,3,256,256,157.7001953125,26.454465866088867,test
archive/data/Healthy/Corn_Health (757).jpg,Healthy,3,256,256,130.3291015625,36.62995147705078,train
archive/data/Healthy/Corn_Health (758).jpg,Healthy,3,256,256,159.606689453125,40.038875579833984,train
archive/data/Healthy/Corn_Health (759).jpg,Healthy,3,256,256,182.454833984375,24.09646224975586,test
archive/data/Healthy/Corn_Health (76).jpg,Healthy,3,256,256,129.6142578125,36.03374481201172,validation
archive/data/Healthy/Corn_Health (760).jpg,Healthy,3,256,256,158.613037109375,35.19389343261719,validation
archive/data/Healthy/Corn_Health (761).jpg,Healthy,3,256,256,180.198486328125,32.90341567993164,test
archive/data/Healthy/Corn_Health (762).jpg,Healthy,3,256,256,158.771728515625,30.916065216064453,validation
archive/data/Healthy/Corn_Health (763).jpg,Healthy,3,256,256,173.171875,29.73419189453125,test
archive/data/Healthy/Corn_Health (764).jpg,Healthy,3,256,256,115.030029296875,55.7697868347168,validation
archive/data/Healthy/Corn_Health (765).jpg,Healthy,3,256,256,138.766357421875,28.890846252441406,train
archive/data/Healthy/Corn_Health (766).jpg,Healthy,3,256,256,171.428955078125,39.959468841552734,test
archive/data/Healthy/Corn_Health (767).jpg,Healthy,3,256,256,137.17919921875,40.09123611450195,train
archive/data/Healthy/Corn_Health (768).jpg,Healthy,3,256,256,186.907470703125,24.16763687133789,validation
archive/data/Healthy/Corn_Health (769).jpg,Healthy,3,256,256,154.139404296875,48.64845657348633,test
archive/data/Healthy/Corn_Health (77).jpg,Healthy,3,256,256,78.694091796875,21.93541717529297,train
archive/data/Healthy/Corn_Health (770).jpg,Healthy,3,256,256,170.73681640625,27.26409149169922,train
archive/data/Healthy/Corn_Health (771).jpg,Healthy,3,256,256,177.61474609375,29.51323890686035,train
archive/data/Healthy/Corn_Health (772).jpg,Healthy,3,256,256,156.089599609375,21.008102416992188,test
archive/data/Healthy/Corn_Health (773).jpg,Healthy,3,256,256,172.71142578125,31.69184875488281,validation
archive/data/Healthy/Corn_Health (774).jpg,Healthy,3,256,256,109.330078125,35.165672302246094,train
archive/data/Healthy/Corn_Health (775).jpg,Healthy,3,256,256,166.904052734375,39.36853790283203,validation
archive/data/Healthy/Corn_Health (776).jpg,Healthy,3,256,256,170.77099609375,23.890789031982425,train
archive/data/Healthy/Corn_Health (777).jpg,Healthy,3,256,256,164.931396484375,47.05115509033203,validation
archive/data/Healthy/Corn_Health (778).jpg,Healthy,3,256,256,154.3798828125,20.665651321411133,train
archive/data/Healthy/Corn_Health (779).jpg,Healthy,3,256,256,158.760498046875,27.597536087036133,train
archive/data/Healthy/Corn_Health (78).jpg,Healthy,3,256,256,162.043212890625,12.03921604156494,test
archive/data/Healthy/Corn_Health (780).jpg,Healthy,3,256,256,142.15771484375,28.99357414245605,train
archive/data/Healthy/Corn_Health (781).jpg,Healthy,3,256,256,153.25146484375,45.02267074584961,train
archive/data/Healthy/Corn_Health (782).jpg,Healthy,3,256,256,122.05126953125,46.90925598144531,validation
archive/data/Healthy/Corn_Health (783).jpg,Healthy,3,256,256,136.63330078125,39.18562698364258,train
archive/data/Healthy/Corn_Health (784).jpg,Healthy,3,256,256,152.68310546875,22.925878524780277,test
archive/data/Healthy/Corn_Health (785).jpg,Healthy,3,256,256,186.301025390625,39.33196258544922,validation
archive/data/Healthy/Corn_Health (786).jpg,Healthy,3,256,256,131.19775390625,25.186229705810547,train
archive/data/Healthy/Corn_Health (787).jpg,Healthy,3,256,256,142.343017578125,25.99950790405273,train
archive/data/Healthy/Corn_Health (788).jpg,Healthy,3,256,256,175.7158203125,45.274192810058594,train
archive/data/Healthy/Corn_Health (789).jpg,Healthy,3,256,256,85.2080078125,18.752309799194336,train
archive/data/Healthy/Corn_Health (79).jpg,Healthy,3,256,256,142.169677734375,50.56437683105469,train
archive/data/Healthy/Corn_Health (790).jpg,Healthy,3,256,256,169.593017578125,36.27094268798828,train
archive/data/Healthy/Corn_Health (791).jpg,Healthy,3,256,256,128.3984375,20.086456298828125,test
archive/data/Healthy/Corn_Health (792).jpg,Healthy,3,256,256,160.095458984375,15.295443534851074,test
archive/data/Healthy/Corn_Health (793).jpg,Healthy,3,256,256,131.125732421875,29.05479621887207,test
archive/data/Healthy/Corn_Health (794).jpg,Healthy,3,256,256,132.333740234375,39.31698226928711,train
archive/data/Healthy/Corn_Health (795).jpg,Healthy,3,256,256,133.289306640625,48.2380256652832,validation
archive/data/Healthy/Corn_Health (796).jpg,Healthy,3,256,256,156.622802734375,54.92383193969727,validation
archive/data/Healthy/Corn_Health (797).jpg,Healthy,3,256,256,145.172607421875,24.30809593200684,train
archive/data/Healthy/Corn_Health (798).jpg,Healthy,3,256,256,165.59423828125,35.29564666748047,validation
archive/data/Healthy/Corn_Health (799).jpg,Healthy,3,256,256,93.008544921875,16.833765029907227,train
archive/data/Healthy/Corn_Health (8).jpg,Healthy,3,256,256,153.904296875,25.860759735107425,train
archive/data/Healthy/Corn_Health (80).jpg,Healthy,3,256,256,181.728759765625,27.36750602722168,train
archive/data/Healthy/Corn_Health (800).jpg,Healthy,3,256,256,136.718017578125,31.490455627441406,train
archive/data/Healthy/Corn_Health (801).jpg,Healthy,3,256,256,143.412841796875,28.714740753173828,train
archive/data/Healthy/Corn_Health (802).jpg,Healthy,3,256,256,177.822265625,39.9786376953125,test
archive/data/Healthy/Corn_Health (803).jpg,Healthy,3,256,256,139.72216796875,15.757980346679688,validation
archive/data/Healthy/Corn_Health (804).jpg,Healthy,3,256,256,164.739501953125,41.57204055786133,test
archive/data/Healthy/Corn_Health (805).jpg,Healthy,3,256,256,145.218994140625,36.94744873046875,test
archive/data/Healthy/Corn_Health (806).jpg,Healthy,3,256,256,137.486572265625,15.469533920288086,train
archive/data/Healthy/Corn_Health (807).jpg,Healthy,3,256,256,197.9609375,20.266605377197266,validation
archive/data/Healthy/Corn_Health (808).jpg,Healthy,3,256,256,162.964599609375,22.537500381469727,train
archive/data/Healthy/Corn_Health (809).jpg,Healthy,3,256,256,116.156005859375,42.06267547607422,test
archive/data/Healthy/Corn_Health (81).jpg,Healthy,3,256,256,151.722412109375,43.29230880737305,train
archive/data/Healthy/Corn_Health (810).jpg,Healthy,3,256,256,156.248291015625,44.70914077758789,train
archive/data/Healthy/Corn_Health (811).jpg,Healthy,3,256,256,150.260986328125,31.86939239501953,test
archive/data/Healthy/Corn_Health (812).jpg,Healthy,3,256,256,129.6357421875,45.60303115844727,train
archive/data/Healthy/Corn_Health (813).jpg,Healthy,3,256,256,184.291259765625,32.00362014770508,validation
archive/data/Healthy/Corn_Health (814).jpg,Healthy,3,256,256,143.16455078125,31.788619995117188,train
archive/data/Healthy/Corn_Health (815).jpg,Healthy,3,256,256,141.12255859375,28.89393615722656,train
archive/data/Healthy/Corn_Health (816).jpg,Healthy,3,256,256,162.90771484375,23.81933212280273,train
archive/data/Healthy/Corn_Health (817).jpg,Healthy,3,256,256,172.120849609375,29.446022033691406,train
archive/data/Healthy/Corn_Health (818).jpg,Healthy,3,256,256,152.192138671875,37.49712753295898,train
archive/data/Healthy/Corn_Health (819).jpg,Healthy,3,256,256,156.630859375,26.01461601257324,train
archive/data/Healthy/Corn_Health (82).jpg,Healthy,3,256,256,151.3017578125,34.646270751953125,train
archive/data/Healthy/Corn_Health (820).jpg,Healthy,3,256,256,160.299560546875,18.81424903869629,train
archive/data/Healthy/Corn_Health (821).jpg,Healthy,3,256,256,90.752197265625,26.37956047058105,train
archive/data/Healthy/Corn_Health (822).jpg,Healthy,3,256,256,151.90234375,22.590429306030277,train
archive/data/Healthy/Corn_Health (823).jpg,Healthy,3,256,256,170.7626953125,23.65031242370605,train
archive/data/Healthy/Corn_Health (824).jpg,Healthy,3,256,256,147.099365234375,25.947996139526367,train
archive/data/Healthy/Corn_Health (825).jpg,Healthy,3,256,256,111.146484375,52.83789825439453,validation
archive/data/Healthy/Corn_Health (826).jpg,Healthy,3,256,256,128.50927734375,19.73372459411621,train
archive/data/Healthy/Corn_Health (827).jpg,Healthy,3,256,256,147.2001953125,23.279340744018555,train
archive/data/Healthy/Corn_Health (828).jpg,Healthy,3,256,256,100.003662109375,37.069801330566406,test
archive/data/Healthy/Corn_Health (829).jpg,Healthy,3,256,256,149.2080078125,23.698137283325195,validation
archive/data/Healthy/Corn_Health (83).jpg,Healthy,3,256,256,139.459228515625,26.2392692565918,train
archive/data/Healthy/Corn_Health (830).jpg,Healthy,3,256,256,178.07177734375,30.922828674316406,train
archive/data/Healthy/Corn_Health (831).jpg,Healthy,3,256,256,192.05859375,33.88907623291016,train
archive/data/Healthy/Corn_Health (832).jpg,Healthy,3,256,256,151.612060546875,34.3067741394043,train
archive/data/Healthy/Corn_Health (833).jpg,Healthy,3,256,256,197.151611328125,20.793188095092773,train
archive/data/Healthy/Corn_Health (834).jpg,Healthy,3,256,256,150.399169921875,22.999238967895508,train
archive/data/Healthy/Corn_Health (835).jpg,Healthy,3,256,256,172.514404296875,25.02400779724121,train
archive/data/Healthy/Corn_Health (836).jpg,Healthy,3,256,256,130.84228515625,26.794246673583984,validation
archive/data/Healthy/Corn_Health (837).jpg,Healthy,3,256,256,162.177001953125,28.1027889251709,train
archive/data/Healthy/Corn_Health (838).jpg,Healthy,3,256,256,159.161865234375,23.835872650146484,train
archive/data/Healthy/Corn_Health (839).jpg,Healthy,3,256,256,130.07177734375,28.06260681152344,test
archive/data/Healthy/Corn_Health (84).jpg,Healthy,3,256,256,125.98828125,55.51941680908203,train
archive/data/Healthy/Corn_Health (840).jpg,Healthy,3,256,256,192.675048828125,25.87531280517578,train
archive/data/Healthy/Corn_Health (841).jpg,Healthy,3,256,256,139.68701171875,34.02811050415039,validation
archive/data/Healthy/Corn_Health (842).jpg,Healthy,3,256,256,174.81689453125,31.0170955657959,test
archive/data/Healthy/Corn_Health (843).jpg,Healthy,3,256,256,169.175537109375,22.590198516845703,train
archive/data/Healthy/Corn_Health (844).jpg,Healthy,3,256,256,155.243408203125,23.07340240478516,train
archive/data/Healthy/Corn_Health (845).JPG,Healthy,3,256,256,146.68994140625,27.71114730834961,validation
archive/data/Healthy/Corn_Health (846).jpg,Healthy,3,256,256,170.49169921875,32.38888931274414,train
archive/data/Healthy/Corn_Health (847).jpg,Healthy,3,256,256,139.399658203125,25.695798873901367,validation
archive/data/Healthy/Corn_Health (848).jpg,Healthy,3,256,256,175.684814453125,40.30271911621094,train
archive/data/Healthy/Corn_Health (849).jpg,Healthy,3,256,256,140.43359375,38.03061294555664,train
archive/data/Healthy/Corn_Health (85).jpg,Healthy,3,256,256,172.294677734375,27.5316104888916,validation
archive/data/Healthy/Corn_Health (850).jpg,Healthy,3,256,256,172.236083984375,30.90058135986328,train
archive/data/Healthy/Corn_Health (851).jpg,Healthy,3,256,256,165.5859375,20.843854904174805,train
archive/data/Healthy/Corn_Health (852).jpg,Healthy,3,256,256,151.6513671875,26.403751373291016,validation
archive/data/Healthy/Corn_Health (853).jpg,Healthy,3,256,256,162.966552734375,20.584396362304688,validation
archive/data/Healthy/Corn_Health (854).jpg,Healthy,3,256,256,151.0361328125,42.18811798095703,validation
archive/data/Healthy/Corn_Health (855).jpg,Healthy,3,256,256,125.46435546875,54.73743438720703,train
archive/data/Healthy/Corn_Health (856).jpg,Healthy,3,256,256,157.36669921875,25.44763946533203,train
archive/data/Healthy/Corn_Health (857).jpg,Healthy,3,256,256,126.46923828125,66.04073333740234,train
archive/data/Healthy/Corn_Health (858).jpg,Healthy,3,256,256,127.4033203125,38.50666427612305,train
archive/data/Healthy/Corn_Health (859).jpg,Healthy,3,256,256,124.774658203125,32.18939971923828,train
archive/data/Healthy/Corn_Health (86).jpg,Healthy,3,256,256,118.125,40.26472473144531,validation
archive/data/Healthy/Corn_Health (860).jpg,Healthy,3,256,256,147.743896484375,23.599721908569336,test
archive/data/Healthy/Corn_Health (861).jpg,Healthy,3,256,256,105.5419921875,22.080270767211918,validation
archive/data/Healthy/Corn_Health (862).jpg,Healthy,3,256,256,158.093505859375,44.61549758911133,train
archive/data/Healthy/Corn_Health (863).jpg,Healthy,3,256,256,133.27392578125,39.24761199951172,train
archive/data/Healthy/Corn_Health (864).jpg,Healthy,3,256,256,121.77392578125,26.21839904785156,test
archive/data/Healthy/Corn_Health (865).jpg,Healthy,3,256,256,153.403076171875,41.85558319091797,train
archive/data/Healthy/Corn_Health (866).jpg,Healthy,3,256,256,161.8798828125,42.672630310058594,test
archive/data/Healthy/Corn_Health (867).jpg,Healthy,3,256,256,177.64697265625,22.03755187988281,train
archive/data/Healthy/Corn_Health (868).jpg,Healthy,3,256,256,175.002197265625,24.555307388305664,train
archive/data/Healthy/Corn_Health (869).jpg,Healthy,3,256,256,139.237548828125,28.708520889282227,train
archive/data/Healthy/Corn_Health (87).jpg,Healthy,3,256,256,161.865234375,27.60356712341309,test
archive/data/Healthy/Corn_Health (870).jpg,Healthy,3,256,256,139.751953125,39.867862701416016,train
archive/data/Healthy/Corn_Health (871).jpg,Healthy,3,256,256,147.8525390625,12.120155334472656,train
archive/data/Healthy/Corn_Health (872).jpg,Healthy,3,256,256,102.08984375,23.966533660888672,validation
archive/data/Healthy/Corn_Health (873).jpg,Healthy,3,256,256,129.08984375,21.05171012878418,train
archive/data/Healthy/Corn_Health (874).jpg,Healthy,3,256,256,171.66259765625,34.88150405883789,validation
archive/data/Healthy/Corn_Health (875).jpg,Healthy,3,256,256,181.618408203125,21.65534019470215,validation
archive/data/Healthy/Corn_Health (876).jpg,Healthy,3,256,256,138.415283203125,21.33213996887207,train
archive/data/Healthy/Corn_Health (877).jpg,Healthy,3,256,256,147.921630859375,31.94059562683105,train
archive/data/Healthy/Corn_Health (878).jpg,Healthy,3,256,256,161.505126953125,32.89878463745117,validation
archive/data/Healthy/Corn_Health (879).jpg,Healthy,3,256,256,136.954345703125,63.03480529785156,test
archive/data/Healthy/Corn_Health (88).jpg,Healthy,3,256,256,156.62109375,16.725011825561523,train
archive/data/Healthy/Corn_Health (880).jpg,Healthy,3,256,256,136.583251953125,52.55797958374024,train
archive/data/Healthy/Corn_Health (881).jpg,Healthy,3,256,256,185.406982421875,35.24614334106445,train
archive/data/Healthy/Corn_Health (882).jpg,Healthy,3,256,256,142.226806640625,31.348018646240234,train
archive/data/Healthy/Corn_Health (883).jpg,Healthy,3,256,256,140.234619140625,38.65625381469727,validation
archive/data/Healthy/Corn_Health (884).jpg,Healthy,3,256,256,125.741943359375,30.024980545043945,test
archive/data/Healthy/Corn_Health (885).jpg,Healthy,3,256,256,117.70556640625,33.11940002441406,train
archive/data/Healthy/Corn_Health (886).jpg,Healthy,3,256,256,161.72314453125,30.952560424804688,train
archive/data/Healthy/Corn_Health (887).JPG,Healthy,3,256,256,147.21533203125,44.15227508544922,validation
archive/data/Healthy/Corn_Health (888).jpg,Healthy,3,256,256,155.54052734375,38.229957580566406,train
archive/data/Healthy/Corn_Health (889).jpg,Healthy,3,256,256,140.82763671875,20.351274490356445,test
archive/data/Healthy/Corn_Health (89).jpg,Healthy,3,256,256,159.656982421875,38.02765274047852,train
archive/data/Healthy/Corn_Health (890).jpg,Healthy,3,256,256,151.52587890625,19.51150894165039,train
archive/data/Healthy/Corn_Health (891).jpg,Healthy,3,256,256,123.312744140625,26.048606872558597,test
archive/data/Healthy/Corn_Health (892).jpg,Healthy,3,256,256,130.8623046875,25.60536766052246,validation
archive/data/Healthy/Corn_Health (893).jpg,Healthy,3,256,256,159.279296875,24.113819122314453,train
archive/data/Healthy/Corn_Health (894).jpg,Healthy,3,256,256,179.61181640625,32.356651306152344,test
archive/data/Healthy/Corn_Health (895).jpg,Healthy,3,256,256,110.754150390625,56.881004333496094,train
archive/data/Healthy/Corn_Health (896).jpg,Healthy,3,256,256,133.1806640625,24.81226348876953,train
archive/data/Healthy/Corn_Health (897).jpg,Healthy,3,256,256,137.68310546875,30.742412567138672,test
archive/data/Healthy/Corn_Health (898).jpg,Healthy,3,256,256,118.14013671875,25.898895263671875,test
archive/data/Healthy/Corn_Health (899).jpg,Healthy,3,256,256,157.1513671875,26.497936248779297,train
archive/data/Healthy/Corn_Health (9).jpg,Healthy,3,256,256,97.455810546875,33.023460388183594,train
archive/data/Healthy/Corn_Health (90).jpg,Healthy,3,256,256,171.843505859375,17.31419563293457,train
archive/data/Healthy/Corn_Health (900).jpg,Healthy,3,256,256,138.520751953125,31.33772087097168,test
archive/data/Healthy/Corn_Health (901).jpg,Healthy,3,256,256,166.43017578125,30.828691482543945,train
archive/data/Healthy/Corn_Health (902).jpg,Healthy,3,256,256,143.47412109375,61.7386360168457,test
archive/data/Healthy/Corn_Health (903).jpg,Healthy,3,256,256,97.328857421875,25.1651668548584,train
archive/data/Healthy/Corn_Health (904).jpg,Healthy,3,256,256,119.448486328125,21.313159942626957,test
archive/data/Healthy/Corn_Health (905).jpg,Healthy,3,256,256,158.72412109375,26.42662239074707,train
archive/data/Healthy/Corn_Health (906).jpg,Healthy,3,256,256,157.252685546875,29.515668869018555,validation
archive/data/Healthy/Corn_Health (907).jpg,Healthy,3,256,256,82.083984375,28.541955947875977,train
archive/data/Healthy/Corn_Health (908).jpg,Healthy,3,256,256,167.3154296875,31.313751220703125,validation
archive/data/Healthy/Corn_Health (909).jpg,Healthy,3,256,256,160.595947265625,30.29742813110352,validation
archive/data/Healthy/Corn_Health (91).jpg,Healthy,3,256,256,173.85888671875,20.768150329589844,test
archive/data/Healthy/Corn_Health (910).jpg,Healthy,3,256,256,153.81787109375,33.25626373291016,train
archive/data/Healthy/Corn_Health (911).jpg,Healthy,3,256,256,163.597900390625,24.04910659790039,train
archive/data/Healthy/Corn_Health (912).jpg,Healthy,3,256,256,164.495361328125,25.147018432617188,test
archive/data/Healthy/Corn_Health (913).jpg,Healthy,3,256,256,143.667724609375,32.56787109375,test
archive/data/Healthy/Corn_Health (914).jpg,Healthy,3,256,256,149.437744140625,27.035205841064453,test
archive/data/Healthy/Corn_Health (915).jpg,Healthy,3,256,256,101.83544921875,48.154693603515625,validation
archive/data/Healthy/Corn_Health (916).jpg,Healthy,3,256,256,162.900146484375,42.49456405639648,train
archive/data/Healthy/Corn_Health (917).jpg,Healthy,3,256,256,197.068603515625,25.692983627319336,train
archive/data/Healthy/Corn_Health (918).jpg,Healthy,3,256,256,183.582763671875,22.44891166687012,train
archive/data/Healthy/Corn_Health (919).jpg,Healthy,3,256,256,170.0703125,28.0045223236084,train
archive/data/Healthy/Corn_Health (92).jpg,Healthy,3,256,256,161.5732421875,20.66661071777344,train
archive/data/Healthy/Corn_Health (920).jpg,Healthy,3,256,256,157.20849609375,30.12034797668457,test
archive/data/Healthy/Corn_Health (921).jpg,Healthy,3,256,256,144.182373046875,35.14864730834961,test
archive/data/Healthy/Corn_Health (922).jpg,Healthy,3,256,256,178.424072265625,22.13441276550293,test
archive/data/Healthy/Corn_Health (923).jpg,Healthy,3,256,256,133.325439453125,26.78721618652344,train
archive/data/Healthy/Corn_Health (924).jpg,Healthy,3,256,256,92.87939453125,47.95615005493164,train
archive/data/Healthy/Corn_Health (925).jpg,Healthy,3,256,256,139.99169921875,34.14436721801758,test
archive/data/Healthy/Corn_Health (926).jpg,Healthy,3,256,256,145.424560546875,42.41093826293945,test
archive/data/Healthy/Corn_Health (927).jpg,Healthy,3,256,256,192.46533203125,25.079946517944336,train
archive/data/Healthy/Corn_Health (928).jpg,Healthy,3,256,256,193.5732421875,29.76729393005371,test
archive/data/Healthy/Corn_Health (929).jpg,Healthy,3,256,256,137.155517578125,26.969736099243164,train
archive/data/Healthy/Corn_Health (93).jpg,Healthy,3,256,256,158.334228515625,21.07640266418457,validation
archive/data/Healthy/Corn_Health (930).jpg,Healthy,3,256,256,184.287353515625,38.06220626831055,train
archive/data/Healthy/Corn_Health (931).jpg,Healthy,3,256,256,155.90771484375,37.22589492797852,validation
archive/data/Healthy/Corn_Health (932).jpg,Healthy,3,256,256,124.06298828125,53.74234008789063,validation
archive/data/Healthy/Corn_Health (933).jpg,Healthy,3,256,256,178.74755859375,34.04877471923828,test
archive/data/Healthy/Corn_Health (934).jpg,Healthy,3,256,256,142.3779296875,40.808441162109375,test
archive/data/Healthy/Corn_Health (935).jpg,Healthy,3,256,256,86.973388671875,47.40607833862305,train
archive/data/Healthy/Corn_Health (936).jpg,Healthy,3,256,256,154.162841796875,37.40366744995117,validation
archive/data/Healthy/Corn_Health (937).jpg,Healthy,3,256,256,92.24462890625,24.060810089111328,train
archive/data/Healthy/Corn_Health (938).jpg,Healthy,3,256,256,117.692138671875,23.75078582763672,train
archive/data/Healthy/Corn_Health (939).jpg,Healthy,3,256,256,161.790771484375,23.26880645751953,validation
archive/data/Healthy/Corn_Health (94).jpg,Healthy,3,256,256,134.1943359375,25.525203704833984,validation
archive/data/Healthy/Corn_Health (940).jpg,Healthy,3,256,256,152.491943359375,28.970123291015625,train
archive/data/Healthy/Corn_Health (941).jpg,Healthy,3,256,256,164.506591796875,26.252918243408203,train
archive/data/Healthy/Corn_Health (942).jpg,Healthy,3,256,256,137.292724609375,26.00173759460449,test
archive/data/Healthy/Corn_Health (943).jpg,Healthy,3,256,256,166.223876953125,30.15299415588379,train
archive/data/Healthy/Corn_Health (944).jpg,Healthy,3,256,256,152.275146484375,41.95604705810547,validation
archive/data/Healthy/Corn_Health (945).jpg,Healthy,3,256,256,147.602783203125,27.284725189208984,train
archive/data/Healthy/Corn_Health (946).jpg,Healthy,3,256,256,131.873291015625,23.835224151611328,train
archive/data/Healthy/Corn_Health (947).jpg,Healthy,3,256,256,167.455810546875,34.5409049987793,validation
archive/data/Healthy/Corn_Health (948).jpg,Healthy,3,256,256,170.80615234375,25.02989387512207,train
archive/data/Healthy/Corn_Health (949).jpg,Healthy,3,256,256,164.255615234375,29.01820945739746,train
archive/data/Healthy/Corn_Health (95).jpg,Healthy,3,256,256,130.947509765625,45.09412384033203,train
archive/data/Healthy/Corn_Health (950).jpg,Healthy,3,256,256,128.95703125,23.246810913085938,train
archive/data/Healthy/Corn_Health (951).jpg,Healthy,3,256,256,133.96728515625,27.619571685791016,train
archive/data/Healthy/Corn_Health (952).jpg,Healthy,3,256,256,75.40869140625,21.87390518188477,train
archive/data/Healthy/Corn_Health (953).jpg,Healthy,3,256,256,176.337890625,46.097415924072266,validation
archive/data/Healthy/Corn_Health (954).jpg,Healthy,3,256,256,156.708984375,28.08724403381348,train
archive/data/Healthy/Corn_Health (955).jpg,Healthy,3,256,256,148.9765625,38.48115921020508,train
archive/data/Healthy/Corn_Health (956).jpg,Healthy,3,256,256,137.323974609375,30.330677032470703,test
archive/data/Healthy/Corn_Health (957).jpg,Healthy,3,256,256,185.982177734375,32.1916618347168,train
archive/data/Healthy/Corn_Health (958).jpg,Healthy,3,256,256,190.97802734375,34.079689025878906,train
archive/data/Healthy/Corn_Health (959).jpg,Healthy,3,256,256,126.09765625,51.00674819946289,test
archive/data/Healthy/Corn_Health (96).jpg,Healthy,3,256,256,145.1748046875,18.66559791564941,train
archive/data/Healthy/Corn_Health (960).jpg,Healthy,3,256,256,160.100341796875,30.53836441040039,train
archive/data/Healthy/Corn_Health (961).jpg,Healthy,3,256,256,148.215576171875,22.692710876464844,train
archive/data/Healthy/Corn_Health (962).jpg,Healthy,3,256,256,166.19482421875,37.30664825439453,test
archive/data/Healthy/Corn_Health (963).jpg,Healthy,3,256,256,149.526123046875,26.375755310058597,train
archive/data/Healthy/Corn_Health (964).jpg,Healthy,3,256,256,138.468505859375,40.13774490356445,validation
archive/data/Healthy/Corn_Health (965).jpg,Healthy,3,256,256,130.068359375,22.220163345336918,validation
archive/data/Healthy/Corn_Health (966).jpg,Healthy,3,256,256,154.948974609375,40.73427200317383,test
archive/data/Healthy/Corn_Health (967).jpg,Healthy,3,256,256,179.541015625,39.51630783081055,train
archive/data/Healthy/Corn_Health (968).jpg,Healthy,3,256,256,180.14501953125,31.74710273742676,train
archive/data/Healthy/Corn_Health (969).jpg,Healthy,3,256,256,97.595458984375,47.46073913574219,train
archive/data/Healthy/Corn_Health (97).jpg,Healthy,3,256,256,142.125,24.58966064453125,train
archive/data/Healthy/Corn_Health (970).jpg,Healthy,3,256,256,158.281005859375,24.333635330200195,test
archive/data/Healthy/Corn_Health (971).jpg,Healthy,3,256,256,153.4482421875,40.20554733276367,train
archive/data/Healthy/Corn_Health (972).jpg,Healthy,3,256,256,171.548828125,23.28316879272461,train
archive/data/Healthy/Corn_Health (973).jpg,Healthy,3,256,256,101.79443359375,20.797731399536133,validation
archive/data/Healthy/Corn_Health (974).jpg,Healthy,3,256,256,175.45263671875,23.66082572937012,train
archive/data/Healthy/Corn_Health (975).jpg,Healthy,3,256,256,171.27783203125,43.321556091308594,train
archive/data/Healthy/Corn_Health (976).jpg,Healthy,3,256,256,165.57958984375,27.71429252624512,test
archive/data/Healthy/Corn_Health (977).jpg,Healthy,3,256,256,165.376220703125,34.9279899597168,validation
archive/data/Healthy/Corn_Health (978).jpg,Healthy,3,256,256,172.69482421875,31.829694747924805,train
archive/data/Healthy/Corn_Health (979).jpg,Healthy,3,256,256,179.74267578125,37.52158737182617,train
archive/data/Healthy/Corn_Health (98).jpg,Healthy,3,256,256,195.25634765625,19.712947845458984,validation
archive/data/Healthy/Corn_Health (980).jpg,Healthy,3,256,256,141.154296875,22.343141555786133,train
archive/data/Healthy/Corn_Health (981).jpg,Healthy,3,256,256,80.2978515625,25.28657341003418,test
archive/data/Healthy/Corn_Health (982).JPG,Healthy,3,256,256,142.165771484375,32.062652587890625,validation
archive/data/Healthy/Corn_Health (983).jpg,Healthy,3,256,256,153.83837890625,32.41047286987305,train
archive/data/Healthy/Corn_Health (984).jpg,Healthy,3,256,256,160.1083984375,36.11928939819336,train
archive/data/Healthy/Corn_Health (985).jpg,Healthy,3,256,256,119.01953125,31.45681571960449,train
archive/data/Healthy/Corn_Health (986).jpg,Healthy,3,256,256,137.803955078125,42.626251220703125,train
archive/data/Healthy/Corn_Health (987).jpg,Healthy,3,256,256,174.42138671875,34.18070602416992,train
archive/data/Healthy/Corn_Health (988).jpg,Healthy,3,256,256,188.787353515625,22.94695854187012,train
archive/data/Healthy/Corn_Health (989).jpg,Healthy,3,256,256,121.250732421875,35.96781539916992,train
archive/data/Healthy/Corn_Health (99).jpg,Healthy,3,256,256,166.189453125,28.11763572692871,train
archive/data/Healthy/Corn_Health (990).jpg,Healthy,3,256,256,145.95556640625,23.60898780822754,train
archive/data/Healthy/Corn_Health (991).jpg,Healthy,3,256,256,146.66064453125,24.05377578735352,train
archive/data/Healthy/Corn_Health (992).jpg,Healthy,3,256,256,129.353515625,45.890899658203125,test
archive/data/Healthy/Corn_Health (993).jpg,Healthy,3,256,256,150.218994140625,22.042940139770508,test
archive/data/Healthy/Corn_Health (994).jpg,Healthy,3,256,256,119.055908203125,30.73480796813965,test
archive/data/Healthy/Corn_Health (995).jpg,Healthy,3,256,256,149.17578125,39.89533996582031,validation
archive/data/Healthy/Corn_Health (996).jpg,Healthy,3,256,256,177.1533203125,38.57331848144531,train
archive/data/Healthy/Corn_Health (997).jpg,Healthy,3,256,256,139.362060546875,44.07499694824219,train
archive/data/Healthy/Corn_Health (998).jpg,Healthy,3,256,256,117.050048828125,18.129758834838867,train
archive/data/Healthy/Corn_Health (999).jpg,Healthy,3,256,256,151.26025390625,43.80662536621094,validation
